beneficiary_id,district,programme_code,cause,cohort_band,is_synthetic,batch_id
BEN-022035,El Obeid,AID-2026-DR-114,housing,household,TRUE,SYNTH_ADVERSARY_V1
BEN-005443,El Obeid,AID-2026-SH-455,housing,household,TRUE,SYNTH_ADVERSARY_V1
BEN-016537,El Obeid,AID-2026-FS-207,civil rights,individual,TRUE,SYNTH_ADVERSARY_V1
BEN-022649,El Obeid,AID-2026-HL-330,food and agriculture,household,TRUE,SYNTH_ADVERSARY_V1
BEN-006884,El Obeid,AID-2026-HL-330,housing,group,TRUE,SYNTH_ADVERSARY_V1
BEN-001807,El Obeid,AID-2026-ED-512,human services,household,TRUE,SYNTH_ADVERSARY_V1
BEN-007386,El Obeid,AID-2026-FS-207,medical,household,TRUE,SYNTH_ADVERSARY_V1
BEN-023992,El Obeid,AID-2026-ED-512,environment,individual,TRUE,SYNTH_ADVERSARY_V1
BEN-011977,El Obeid,AID-2026-FS-207,housing,individual,TRUE,SYNTH_ADVERSARY_V1
BEN-002972,El Obeid,AID-2026-ED-512,medical,household,TRUE,SYNTH_ADVERSARY_V1
BEN-006720,El Obeid,AID-2026-FS-207,education,household,TRUE,SYNTH_ADVERSARY_V1
BEN-021345,El Obeid,AID-2026-HL-330,medical,individual,TRUE,SYNTH_ADVERSARY_V1
BEN-002667,El Obeid,AID-2026-WS-618,education,individual,TRUE,SYNTH_ADVERSARY_V1
BEN-020051,El Obeid,AID-2026-FS-207,food and agriculture,individual,TRUE,SYNTH_ADVERSARY_V1
BEN-010495,Chitrakoot,AID-2026-HL-330,medical,individual,TRUE,SYNTH_ADVERSARY_V1
BEN-007811,Chitrakoot,AID-2026-SH-455,medical,household,TRUE,SYNTH_ADVERSARY_V1
BEN-013751,Chitrakoot,AID-2026-FS-207,food and agriculture,group,TRUE,SYNTH_ADVERSARY_V1
BEN-007089,Chitrakoot,AID-2026-SH-455,human services,individual,TRUE,SYNTH_ADVERSARY_V1
BEN-013126,Chitrakoot,AID-2026-HL-330,human services,household,TRUE,SYNTH_ADVERSARY_V1
BEN-006860,Chitrakoot,AID-2026-HL-330,disaster relief,household,TRUE,SYNTH_ADVERSARY_V1
BEN-016547,Chitrakoot,AID-2026-WS-618,international development,household,TRUE,SYNTH_ADVERSARY_V1
BEN-016299,Chitrakoot,AID-2026-DR-114,housing,group,TRUE,SYNTH_ADVERSARY_V1
BEN-024761,Chitrakoot,AID-2026-WS-618,medical,household,TRUE,SYNTH_ADVERSARY_V1
BEN-007396,Chitrakoot,AID-2026-DR-114,civil rights,household,TRUE,SYNTH_ADVERSARY_V1
BEN-016358,Chitrakoot,AID-2026-DR-114,civil rights,household,TRUE,SYNTH_ADVERSARY_V1
BEN-020145,Chitrakoot,AID-2026-ED-512,medical,household,TRUE,SYNTH_ADVERSARY_V1
BEN-009172,Chitrakoot,AID-2026-WS-618,food and agriculture,group,TRUE,SYNTH_ADVERSARY_V1
BEN-021295,El Obeid,AID-2026-ED-512,youth development,group,TRUE,SYNTH_ADVERSARY_V1
BEN-017587,El Obeid,AID-2026-WS-618,human services,household,TRUE,SYNTH_ADVERSARY_V1
BEN-009200,El Obeid,AID-2026-FS-207,civil rights,household,TRUE,SYNTH_ADVERSARY_V1
BEN-019176,El Obeid,AID-2026-DR-114,youth development,household,TRUE,SYNTH_ADVERSARY_V1
BEN-004744,El Obeid,AID-2026-WS-618,disaster relief,individual,TRUE,SYNTH_ADVERSARY_V1
BEN-001141,El Obeid,AID-2026-HL-330,civil rights,individual,TRUE,SYNTH_ADVERSARY_V1
BEN-014693,El Obeid,AID-2026-HL-330,youth development,household,TRUE,SYNTH_ADVERSARY_V1
BEN-013274,El Obeid,AID-2026-ED-512,disaster relief,household,TRUE,SYNTH_ADVERSARY_V1
BEN-020962,El Obeid,AID-2026-WS-618,housing,household,TRUE,SYNTH_ADVERSARY_V1
BEN-000394,El Obeid,AID-2026-HL-330,environment,individual,TRUE,SYNTH_ADVERSARY_V1
BEN-019961,El Obeid,AID-2026-WS-618,medical,individual,TRUE,SYNTH_ADVERSARY_V1
BEN-023595,El Obeid,AID-2026-SH-455,international development,individual,TRUE,SYNTH_ADVERSARY_V1
BEN-025763,El Obeid,AID-2026-SH-455,disaster relief,individual,TRUE,SYNTH_ADVERSARY_V1
BEN-024804,Maradi,AID-2026-WS-618,medical,household,TRUE,SYNTH_ADVERSARY_V1
BEN-001696,Maradi,AID-2026-FS-207,food and agriculture,household,TRUE,SYNTH_ADVERSARY_V1
BEN-020486,Maradi,AID-2026-DR-114,housing,group,TRUE,SYNTH_ADVERSARY_V1
BEN-020093,Maradi,AID-2026-WS-618,medical,individual,TRUE,SYNTH_ADVERSARY_V1
BEN-017633,Maradi,AID-2026-DR-114,food and agriculture,household,TRUE,SYNTH_ADVERSARY_V1
BEN-014382,Maradi,AID-2026-ED-512,environment,individual,TRUE,SYNTH_ADVERSARY_V1
BEN-016802,Maradi,AID-2026-SH-455,housing,household,TRUE,SYNTH_ADVERSARY_V1
BEN-007208,Cox's Bazar,AID-2026-HL-330,environment,household,TRUE,SYNTH_ADVERSARY_V1
BEN-017393,Cox's Bazar,AID-2026-WS-618,housing,individual,TRUE,SYNTH_ADVERSARY_V1
BEN-019736,Cox's Bazar,AID-2026-ED-512,disaster relief,household,TRUE,SYNTH_ADVERSARY_V1
BEN-019527,Cox's Bazar,AID-2026-WS-618,civil rights,group,TRUE,SYNTH_ADVERSARY_V1
BEN-008403,Cox's Bazar,AID-2026-SH-455,human services,household,TRUE,SYNTH_ADVERSARY_V1
BEN-003802,Cox's Bazar,AID-2026-FS-207,civil rights,group,TRUE,SYNTH_ADVERSARY_V1
BEN-006367,Cox's Bazar,AID-2026-ED-512,civil rights,household,TRUE,SYNTH_ADVERSARY_V1
BEN-004272,Khan Yunis,AID-2026-HL-330,housing,household,TRUE,SYNTH_ADVERSARY_V1
BEN-025099,Khan Yunis,AID-2026-SH-455,food and agriculture,household,TRUE,SYNTH_ADVERSARY_V1
BEN-011770,Khan Yunis,AID-2026-HL-330,housing,individual,TRUE,SYNTH_ADVERSARY_V1
BEN-020151,Khan Yunis,AID-2026-SH-455,food and agriculture,group,TRUE,SYNTH_ADVERSARY_V1
BEN-024316,Khan Yunis,AID-2026-ED-512,medical,individual,TRUE,SYNTH_ADVERSARY_V1
BEN-012212,Khan Yunis,AID-2026-HL-330,environment,household,TRUE,SYNTH_ADVERSARY_V1
BEN-018905,Khan Yunis,AID-2026-WS-618,housing,individual,TRUE,SYNTH_ADVERSARY_V1
BEN-011400,El Obeid,AID-2026-DR-114,youth development,individual,TRUE,SYNTH_ADVERSARY_V1
BEN-001505,El Obeid,AID-2026-SH-455,environment,individual,TRUE,SYNTH_ADVERSARY_V1
BEN-006293,El Obeid,AID-2026-SH-455,education,household,TRUE,SYNTH_ADVERSARY_V1
BEN-010597,El Obeid,AID-2026-SH-455,medical,household,TRUE,SYNTH_ADVERSARY_V1
BEN-013586,El Obeid,AID-2026-WS-618,medical,individual,TRUE,SYNTH_ADVERSARY_V1
BEN-015309,El Obeid,AID-2026-FS-207,international development,individual,TRUE,SYNTH_ADVERSARY_V1
BEN-009741,El Obeid,AID-2026-DR-114,food and agriculture,group,TRUE,SYNTH_ADVERSARY_V1
BEN-019900,Rafah,AID-2026-HL-330,youth development,household,TRUE,SYNTH_ADVERSARY_V1
BEN-019576,Rafah,AID-2026-DR-114,youth development,group,TRUE,SYNTH_ADVERSARY_V1
BEN-022733,Rafah,AID-2026-SH-455,human services,individual,TRUE,SYNTH_ADVERSARY_V1
BEN-016735,Rafah,AID-2026-DR-114,medical,household,TRUE,SYNTH_ADVERSARY_V1
BEN-007799,Rafah,AID-2026-SH-455,international development,household,TRUE,SYNTH_ADVERSARY_V1
BEN-019035,Rafah,AID-2026-SH-455,education,household,TRUE,SYNTH_ADVERSARY_V1
BEN-023282,Rafah,AID-2026-FS-207,disaster relief,household,TRUE,SYNTH_ADVERSARY_V1
BEN-011884,Rafah,AID-2026-FS-207,housing,household,TRUE,SYNTH_ADVERSARY_V1
BEN-009848,Rafah,AID-2026-WS-618,youth development,household,TRUE,SYNTH_ADVERSARY_V1
BEN-014893,Rafah,AID-2026-FS-207,housing,household,TRUE,SYNTH_ADVERSARY_V1
BEN-008983,Rafah,AID-2026-SH-455,international development,individual,TRUE,SYNTH_ADVERSARY_V1
BEN-024501,Balrampur,AID-2026-DR-114,international development,individual,TRUE,SYNTH_ADVERSARY_V1
BEN-001530,Balrampur,AID-2026-DR-114,disaster relief,household,TRUE,SYNTH_ADVERSARY_V1
BEN-007641,Balrampur,AID-2026-ED-512,housing,individual,TRUE,SYNTH_ADVERSARY_V1
BEN-019600,Balrampur,AID-2026-FS-207,medical,individual,TRUE,SYNTH_ADVERSARY_V1
BEN-024971,Balrampur,AID-2026-ED-512,medical,group,TRUE,SYNTH_ADVERSARY_V1
BEN-008325,Balrampur,AID-2026-ED-512,youth development,individual,TRUE,SYNTH_ADVERSARY_V1
BEN-019905,Balrampur,AID-2026-DR-114,youth development,individual,TRUE,SYNTH_ADVERSARY_V1
BEN-025366,Balrampur,AID-2026-FS-207,housing,individual,TRUE,SYNTH_ADVERSARY_V1
BEN-013649,Maradi,AID-2026-ED-512,disaster relief,household,TRUE,SYNTH_ADVERSARY_V1
BEN-006664,Maradi,AID-2026-SH-455,civil rights,household,TRUE,SYNTH_ADVERSARY_V1
BEN-023742,Maradi,AID-2026-WS-618,human services,household,TRUE,SYNTH_ADVERSARY_V1
BEN-008508,Maradi,AID-2026-HL-330,housing,household,TRUE,SYNTH_ADVERSARY_V1
BEN-014473,Maradi,AID-2026-ED-512,medical,individual,TRUE,SYNTH_ADVERSARY_V1
BEN-024080,Maradi,AID-2026-ED-512,civil rights,household,TRUE,SYNTH_ADVERSARY_V1
BEN-011675,Maradi,AID-2026-SH-455,education,individual,TRUE,SYNTH_ADVERSARY_V1
BEN-017964,Maradi,AID-2026-DR-114,education,individual,TRUE,SYNTH_ADVERSARY_V1
BEN-001122,Maradi,AID-2026-WS-618,medical,household,TRUE,SYNTH_ADVERSARY_V1
BEN-000533,Maradi,AID-2026-HL-330,civil rights,household,TRUE,SYNTH_ADVERSARY_V1
BEN-017277,Maradi,AID-2026-DR-114,human services,household,TRUE,SYNTH_ADVERSARY_V1
BEN-013110,Maradi,AID-2026-DR-114,education,household,TRUE,SYNTH_ADVERSARY_V1
BEN-006746,Maradi,AID-2026-SH-455,medical,household,TRUE,SYNTH_ADVERSARY_V1
BEN-011469,Maradi,AID-2026-DR-114,disaster relief,individual,TRUE,SYNTH_ADVERSARY_V1
BEN-014355,Maradi,AID-2026-ED-512,youth development,household,TRUE,SYNTH_ADVERSARY_V1
BEN-005741,Maradi,AID-2026-DR-114,disaster relief,individual,TRUE,SYNTH_ADVERSARY_V1
BEN-021636,Maradi,AID-2026-ED-512,medical,household,TRUE,SYNTH_ADVERSARY_V1
BEN-005134,Maradi,AID-2026-SH-455,food and agriculture,individual,TRUE,SYNTH_ADVERSARY_V1
BEN-020168,Balrampur,AID-2026-HL-330,disaster relief,individual,TRUE,SYNTH_ADVERSARY_V1
BEN-002879,Balrampur,AID-2026-HL-330,food and agriculture,individual,TRUE,SYNTH_ADVERSARY_V1
BEN-021459,Balrampur,AID-2026-FS-207,environment,household,TRUE,SYNTH_ADVERSARY_V1
BEN-020073,Balrampur,AID-2026-FS-207,youth development,group,TRUE,SYNTH_ADVERSARY_V1
BEN-014783,Balrampur,AID-2026-ED-512,human services,household,TRUE,SYNTH_ADVERSARY_V1
BEN-023079,Balrampur,AID-2026-SH-455,environment,household,TRUE,SYNTH_ADVERSARY_V1
BEN-012706,Balrampur,AID-2026-HL-330,human services,individual,TRUE,SYNTH_ADVERSARY_V1
BEN-017773,Balrampur,AID-2026-DR-114,youth development,individual,TRUE,SYNTH_ADVERSARY_V1
BEN-022562,Balrampur,AID-2026-FS-207,housing,household,TRUE,SYNTH_ADVERSARY_V1
BEN-013878,Balrampur,AID-2026-ED-512,human services,group,TRUE,SYNTH_ADVERSARY_V1
BEN-022148,Balrampur,AID-2026-DR-114,youth development,individual,TRUE,SYNTH_ADVERSARY_V1
BEN-014569,Balrampur,AID-2026-ED-512,education,household,TRUE,SYNTH_ADVERSARY_V1
BEN-021590,Maradi,AID-2026-DR-114,housing,household,TRUE,SYNTH_ADVERSARY_V1
BEN-022910,Maradi,AID-2026-SH-455,environment,household,TRUE,SYNTH_ADVERSARY_V1
BEN-010366,Maradi,AID-2026-ED-512,medical,household,TRUE,SYNTH_ADVERSARY_V1
BEN-024060,Maradi,AID-2026-WS-618,education,individual,TRUE,SYNTH_ADVERSARY_V1
BEN-000775,Maradi,AID-2026-ED-512,international development,household,TRUE,SYNTH_ADVERSARY_V1
BEN-006825,Maradi,AID-2026-WS-618,education,household,TRUE,SYNTH_ADVERSARY_V1
BEN-010671,Maradi,AID-2026-FS-207,human services,household,TRUE,SYNTH_ADVERSARY_V1
BEN-012499,Kassala,AID-2026-FS-207,youth development,household,TRUE,SYNTH_ADVERSARY_V1
BEN-020935,Kassala,AID-2026-DR-114,food and agriculture,individual,TRUE,SYNTH_ADVERSARY_V1
BEN-020848,Kassala,AID-2026-WS-618,environment,individual,TRUE,SYNTH_ADVERSARY_V1
BEN-013313,Kassala,AID-2026-WS-618,civil rights,household,TRUE,SYNTH_ADVERSARY_V1
BEN-020986,Kassala,AID-2026-WS-618,medical,household,TRUE,SYNTH_ADVERSARY_V1
BEN-003993,Kassala,AID-2026-ED-512,civil rights,individual,TRUE,SYNTH_ADVERSARY_V1
BEN-024989,Kassala,AID-2026-ED-512,food and agriculture,household,TRUE,SYNTH_ADVERSARY_V1
BEN-008638,Kassala,AID-2026-SH-455,civil rights,household,TRUE,SYNTH_ADVERSARY_V1
BEN-007793,Balrampur,AID-2026-ED-512,international development,individual,TRUE,SYNTH_ADVERSARY_V1
BEN-008321,Balrampur,AID-2026-SH-455,international development,household,TRUE,SYNTH_ADVERSARY_V1
BEN-024043,Maradi,AID-2026-ED-512,human services,household,TRUE,SYNTH_ADVERSARY_V1
BEN-019438,Balrampur,AID-2026-DR-114,medical,individual,TRUE,SYNTH_ADVERSARY_V1
BEN-006211,Balrampur,AID-2026-SH-455,education,group,TRUE,SYNTH_ADVERSARY_V1
BEN-004244,Balrampur,AID-2026-SH-455,disaster relief,individual,TRUE,SYNTH_ADVERSARY_V1
BEN-009678,Balrampur,AID-2026-DR-114,medical,household,TRUE,SYNTH_ADVERSARY_V1
BEN-009986,Balrampur,AID-2026-SH-455,medical,household,TRUE,SYNTH_ADVERSARY_V1
BEN-000540,Balrampur,AID-2026-HL-330,international development,household,TRUE,SYNTH_ADVERSARY_V1
BEN-006059,Balrampur,AID-2026-SH-455,international development,household,TRUE,SYNTH_ADVERSARY_V1
BEN-023102,Chitrakoot,AID-2026-SH-455,human services,individual,TRUE,SYNTH_ADVERSARY_V1
BEN-007182,Chitrakoot,AID-2026-ED-512,environment,group,TRUE,SYNTH_ADVERSARY_V1
BEN-015186,Chitrakoot,AID-2026-FS-207,food and agriculture,household,TRUE,SYNTH_ADVERSARY_V1
BEN-012116,Chitrakoot,AID-2026-HL-330,international development,household,TRUE,SYNTH_ADVERSARY_V1
BEN-007610,Chitrakoot,AID-2026-HL-330,medical,individual,TRUE,SYNTH_ADVERSARY_V1
BEN-007256,Chitrakoot,AID-2026-SH-455,human services,household,TRUE,SYNTH_ADVERSARY_V1
BEN-020409,Chitrakoot,AID-2026-HL-330,human services,group,TRUE,SYNTH_ADVERSARY_V1
BEN-020172,Chitrakoot,AID-2026-HL-330,disaster relief,household,TRUE,SYNTH_ADVERSARY_V1
BEN-024261,Chitrakoot,AID-2026-WS-618,disaster relief,household,TRUE,SYNTH_ADVERSARY_V1
BEN-020623,Chitrakoot,AID-2026-SH-455,food and agriculture,household,TRUE,SYNTH_ADVERSARY_V1
BEN-005556,Chitrakoot,AID-2026-WS-618,disaster relief,individual,TRUE,SYNTH_ADVERSARY_V1
BEN-023186,Chitrakoot,AID-2026-ED-512,human services,household,TRUE,SYNTH_ADVERSARY_V1
BEN-012005,Chitrakoot,AID-2026-FS-207,youth development,household,TRUE,SYNTH_ADVERSARY_V1
BEN-022876,Chitrakoot,AID-2026-SH-455,youth development,individual,TRUE,SYNTH_ADVERSARY_V1
BEN-012256,Barabanki,AID-2026-HL-330,environment,individual,TRUE,SYNTH_ADVERSARY_V1
BEN-005531,Barabanki,AID-2026-ED-512,environment,household,TRUE,SYNTH_ADVERSARY_V1
BEN-013921,Barabanki,AID-2026-SH-455,civil rights,individual,TRUE,SYNTH_ADVERSARY_V1
BEN-024639,Barabanki,AID-2026-WS-618,education,household,TRUE,SYNTH_ADVERSARY_V1
BEN-006905,Barabanki,AID-2026-HL-330,education,individual,TRUE,SYNTH_ADVERSARY_V1
BEN-023733,Cox's Bazar,AID-2026-FS-207,civil rights,household,TRUE,SYNTH_ADVERSARY_V1
BEN-015893,Barabanki,AID-2026-HL-330,youth development,individual,TRUE,SYNTH_ADVERSARY_V1
BEN-024379,Barabanki,AID-2026-DR-114,civil rights,group,TRUE,SYNTH_ADVERSARY_V1
BEN-016175,Barabanki,AID-2026-SH-455,education,household,TRUE,SYNTH_ADVERSARY_V1
BEN-016539,Barabanki,AID-2026-WS-618,civil rights,household,TRUE,SYNTH_ADVERSARY_V1
BEN-008751,Barabanki,AID-2026-SH-455,disaster relief,household,TRUE,SYNTH_ADVERSARY_V1
BEN-000109,Barabanki,AID-2026-FS-207,environment,household,TRUE,SYNTH_ADVERSARY_V1
BEN-009941,Barabanki,AID-2026-HL-330,youth development,household,TRUE,SYNTH_ADVERSARY_V1
BEN-021068,Barabanki,AID-2026-HL-330,medical,group,TRUE,SYNTH_ADVERSARY_V1
BEN-012353,Sitapur,AID-2026-DR-114,international development,group,TRUE,SYNTH_ADVERSARY_V1
BEN-013616,Sitapur,AID-2026-HL-330,civil rights,household,TRUE,SYNTH_ADVERSARY_V1
BEN-025860,Sitapur,AID-2026-SH-455,medical,individual,TRUE,SYNTH_ADVERSARY_V1
BEN-021557,Sitapur,AID-2026-HL-330,civil rights,individual,TRUE,SYNTH_ADVERSARY_V1
BEN-004356,Sitapur,AID-2026-SH-455,disaster relief,household,TRUE,SYNTH_ADVERSARY_V1
BEN-007081,Sitapur,AID-2026-SH-455,international development,household,TRUE,SYNTH_ADVERSARY_V1
BEN-006716,Sitapur,AID-2026-SH-455,medical,household,TRUE,SYNTH_ADVERSARY_V1
BEN-024880,Sitapur,AID-2026-DR-114,housing,individual,TRUE,SYNTH_ADVERSARY_V1
BEN-014141,Diffa,AID-2026-DR-114,education,household,TRUE,SYNTH_ADVERSARY_V1
BEN-018857,Diffa,AID-2026-WS-618,food and agriculture,household,TRUE,SYNTH_ADVERSARY_V1
BEN-013651,Diffa,AID-2026-SH-455,environment,household,TRUE,SYNTH_ADVERSARY_V1
BEN-009990,Diffa,AID-2026-DR-114,medical,group,TRUE,SYNTH_ADVERSARY_V1
BEN-012306,Diffa,AID-2026-WS-618,food and agriculture,individual,TRUE,SYNTH_ADVERSARY_V1
BEN-019422,Diffa,AID-2026-WS-618,education,household,TRUE,SYNTH_ADVERSARY_V1
BEN-024407,Diffa,AID-2026-WS-618,youth development,household,TRUE,SYNTH_ADVERSARY_V1
BEN-022537,Diffa,AID-2026-DR-114,medical,individual,TRUE,SYNTH_ADVERSARY_V1
BEN-000583,Diffa,AID-2026-DR-114,housing,household,TRUE,SYNTH_ADVERSARY_V1
BEN-007723,Diffa,AID-2026-SH-455,human services,household,TRUE,SYNTH_ADVERSARY_V1
BEN-006907,Kassala,AID-2026-ED-512,housing,individual,TRUE,SYNTH_ADVERSARY_V1
BEN-021679,Kassala,AID-2026-DR-114,disaster relief,individual,TRUE,SYNTH_ADVERSARY_V1
BEN-012140,Kassala,AID-2026-FS-207,youth development,group,TRUE,SYNTH_ADVERSARY_V1
BEN-018326,Kassala,AID-2026-SH-455,medical,group,TRUE,SYNTH_ADVERSARY_V1
BEN-007467,Kassala,AID-2026-HL-330,youth development,household,TRUE,SYNTH_ADVERSARY_V1
BEN-009835,Kassala,AID-2026-HL-330,medical,household,TRUE,SYNTH_ADVERSARY_V1
BEN-010119,Kassala,AID-2026-DR-114,disaster relief,group,TRUE,SYNTH_ADVERSARY_V1
BEN-018375,Kassala,AID-2026-FS-207,environment,household,TRUE,SYNTH_ADVERSARY_V1
BEN-023301,Kassala,AID-2026-WS-618,education,household,TRUE,SYNTH_ADVERSARY_V1
BEN-020557,Kassala,AID-2026-HL-330,civil rights,individual,TRUE,SYNTH_ADVERSARY_V1
BEN-020224,Cox's Bazar,AID-2026-WS-618,youth development,household,TRUE,SYNTH_ADVERSARY_V1
BEN-004469,Cox's Bazar,AID-2026-WS-618,medical,household,TRUE,SYNTH_ADVERSARY_V1
BEN-017753,Cox's Bazar,AID-2026-DR-114,housing,household,TRUE,SYNTH_ADVERSARY_V1
BEN-016672,Cox's Bazar,AID-2026-WS-618,human services,household,TRUE,SYNTH_ADVERSARY_V1
BEN-007349,Cox's Bazar,AID-2026-HL-330,environment,individual,TRUE,SYNTH_ADVERSARY_V1
BEN-005194,Cox's Bazar,AID-2026-HL-330,human services,household,TRUE,SYNTH_ADVERSARY_V1
BEN-009007,Cox's Bazar,AID-2026-FS-207,environment,household,TRUE,SYNTH_ADVERSARY_V1
BEN-017455,Cox's Bazar,AID-2026-DR-114,disaster relief,group,TRUE,SYNTH_ADVERSARY_V1
BEN-001024,Cox's Bazar,AID-2026-WS-618,human services,group,TRUE,SYNTH_ADVERSARY_V1
BEN-002497,Cox's Bazar,AID-2026-FS-207,housing,group,TRUE,SYNTH_ADVERSARY_V1
BEN-006251,Cox's Bazar,AID-2026-ED-512,housing,group,TRUE,SYNTH_ADVERSARY_V1
BEN-015274,Maradi,AID-2026-SH-455,medical,household,TRUE,SYNTH_ADVERSARY_V1
BEN-005064,Maradi,AID-2026-ED-512,environment,household,TRUE,SYNTH_ADVERSARY_V1
BEN-005302,Maradi,AID-2026-DR-114,human services,household,TRUE,SYNTH_ADVERSARY_V1
BEN-024791,Maradi,AID-2026-HL-330,disaster relief,group,TRUE,SYNTH_ADVERSARY_V1
BEN-009134,Maradi,AID-2026-HL-330,education,individual,TRUE,SYNTH_ADVERSARY_V1
BEN-004300,Maradi,AID-2026-HL-330,environment,group,TRUE,SYNTH_ADVERSARY_V1
BEN-002838,Maradi,AID-2026-HL-330,disaster relief,household,TRUE,SYNTH_ADVERSARY_V1
BEN-016847,Maradi,AID-2026-HL-330,education,individual,TRUE,SYNTH_ADVERSARY_V1
BEN-002407,Cox's Bazar,AID-2026-FS-207,housing,household,TRUE,SYNTH_ADVERSARY_V1
BEN-005151,Cox's Bazar,AID-2026-SH-455,housing,household,TRUE,SYNTH_ADVERSARY_V1
BEN-022447,Cox's Bazar,AID-2026-DR-114,civil rights,individual,TRUE,SYNTH_ADVERSARY_V1
BEN-025752,Cox's Bazar,AID-2026-WS-618,international development,individual,TRUE,SYNTH_ADVERSARY_V1
BEN-016814,Cox's Bazar,AID-2026-SH-455,medical,household,TRUE,SYNTH_ADVERSARY_V1
BEN-014892,Cox's Bazar,AID-2026-DR-114,disaster relief,household,TRUE,SYNTH_ADVERSARY_V1
BEN-006504,Cox's Bazar,AID-2026-HL-330,civil rights,household,TRUE,SYNTH_ADVERSARY_V1
BEN-002242,Cox's Bazar,AID-2026-HL-330,human services,individual,TRUE,SYNTH_ADVERSARY_V1
BEN-020703,Chitrakoot,AID-2026-ED-512,disaster relief,group,TRUE,SYNTH_ADVERSARY_V1
BEN-020560,Chitrakoot,AID-2026-WS-618,food and agriculture,individual,TRUE,SYNTH_ADVERSARY_V1
BEN-018477,Chitrakoot,AID-2026-SH-455,housing,group,TRUE,SYNTH_ADVERSARY_V1
BEN-014905,Chitrakoot,AID-2026-DR-114,youth development,individual,TRUE,SYNTH_ADVERSARY_V1
BEN-005446,Chitrakoot,AID-2026-HL-330,environment,household,TRUE,SYNTH_ADVERSARY_V1
BEN-021745,Chitrakoot,AID-2026-SH-455,youth development,household,TRUE,SYNTH_ADVERSARY_V1
BEN-006898,Chitrakoot,AID-2026-ED-512,international development,individual,TRUE,SYNTH_ADVERSARY_V1
BEN-009948,Chitrakoot,AID-2026-WS-618,international development,individual,TRUE,SYNTH_ADVERSARY_V1
BEN-007696,Chitrakoot,AID-2026-WS-618,disaster relief,household,TRUE,SYNTH_ADVERSARY_V1
BEN-019531,Gaza North,AID-2026-DR-114,food and agriculture,household,TRUE,SYNTH_ADVERSARY_V1
BEN-024810,Gaza North,AID-2026-SH-455,human services,individual,TRUE,SYNTH_ADVERSARY_V1
BEN-014009,Gaza North,AID-2026-SH-455,disaster relief,household,TRUE,SYNTH_ADVERSARY_V1
BEN-003289,Gaza North,AID-2026-FS-207,education,household,TRUE,SYNTH_ADVERSARY_V1
BEN-000340,Gaza North,AID-2026-DR-114,disaster relief,household,TRUE,SYNTH_ADVERSARY_V1
BEN-025801,Gaza North,AID-2026-HL-330,food and agriculture,group,TRUE,SYNTH_ADVERSARY_V1
BEN-015298,Gaza North,AID-2026-WS-618,education,individual,TRUE,SYNTH_ADVERSARY_V1
BEN-011068,Kutupalong,AID-2026-DR-114,international development,household,TRUE,SYNTH_ADVERSARY_V1
BEN-021124,Kutupalong,AID-2026-ED-512,environment,individual,TRUE,SYNTH_ADVERSARY_V1
BEN-024058,Kutupalong,AID-2026-ED-512,housing,household,TRUE,SYNTH_ADVERSARY_V1
BEN-006026,El Obeid,AID-2026-HL-330,civil rights,household,TRUE,SYNTH_ADVERSARY_V1
BEN-011454,Kutupalong,AID-2026-SH-455,education,household,TRUE,SYNTH_ADVERSARY_V1
BEN-018921,Kutupalong,AID-2026-SH-455,housing,group,TRUE,SYNTH_ADVERSARY_V1
BEN-004348,Kutupalong,AID-2026-HL-330,medical,household,TRUE,SYNTH_ADVERSARY_V1
BEN-018195,Kutupalong,AID-2026-ED-512,food and agriculture,household,TRUE,SYNTH_ADVERSARY_V1
BEN-010215,Kutupalong,AID-2026-FS-207,youth development,individual,TRUE,SYNTH_ADVERSARY_V1
BEN-005437,Kutupalong,AID-2026-ED-512,youth development,individual,TRUE,SYNTH_ADVERSARY_V1
BEN-007330,Kutupalong,AID-2026-WS-618,education,household,TRUE,SYNTH_ADVERSARY_V1
BEN-012967,Nyala,AID-2026-WS-618,human services,household,TRUE,SYNTH_ADVERSARY_V1
BEN-017998,Nyala,AID-2026-SH-455,youth development,individual,TRUE,SYNTH_ADVERSARY_V1
BEN-014847,Nyala,AID-2026-SH-455,international development,individual,TRUE,SYNTH_ADVERSARY_V1
BEN-006913,Nyala,AID-2026-HL-330,international development,group,TRUE,SYNTH_ADVERSARY_V1
BEN-001803,Nyala,AID-2026-ED-512,environment,individual,TRUE,SYNTH_ADVERSARY_V1
BEN-000989,Nyala,AID-2026-DR-114,disaster relief,individual,TRUE,SYNTH_ADVERSARY_V1
BEN-003104,Nyala,AID-2026-ED-512,medical,household,TRUE,SYNTH_ADVERSARY_V1
BEN-019990,Nyala,AID-2026-ED-512,medical,group,TRUE,SYNTH_ADVERSARY_V1
BEN-012016,Nyala,AID-2026-WS-618,human services,individual,TRUE,SYNTH_ADVERSARY_V1
BEN-009193,Nyala,AID-2026-FS-207,disaster relief,household,TRUE,SYNTH_ADVERSARY_V1
BEN-005067,Nyala,AID-2026-FS-207,environment,individual,TRUE,SYNTH_ADVERSARY_V1
BEN-020767,Nyala,AID-2026-ED-512,housing,individual,TRUE,SYNTH_ADVERSARY_V1
BEN-006170,Nyala,AID-2026-ED-512,housing,household,TRUE,SYNTH_ADVERSARY_V1
BEN-014060,Kutupalong,AID-2026-WS-618,civil rights,household,TRUE,SYNTH_ADVERSARY_V1
BEN-002424,Kutupalong,AID-2026-ED-512,international development,household,TRUE,SYNTH_ADVERSARY_V1
BEN-014755,Kutupalong,AID-2026-DR-114,youth development,individual,TRUE,SYNTH_ADVERSARY_V1
BEN-015553,Kutupalong,AID-2026-DR-114,international development,household,TRUE,SYNTH_ADVERSARY_V1
BEN-000418,Kutupalong,AID-2026-HL-330,food and agriculture,group,TRUE,SYNTH_ADVERSARY_V1
BEN-008949,Kutupalong,AID-2026-SH-455,housing,household,TRUE,SYNTH_ADVERSARY_V1
BEN-015096,Kutupalong,AID-2026-DR-114,civil rights,group,TRUE,SYNTH_ADVERSARY_V1
BEN-020495,Kutupalong,AID-2026-WS-618,human services,household,TRUE,SYNTH_ADVERSARY_V1
BEN-006752,Kutupalong,AID-2026-HL-330,housing,individual,TRUE,SYNTH_ADVERSARY_V1
BEN-007813,Deir al-Balah,AID-2026-FS-207,housing,household,TRUE,SYNTH_ADVERSARY_V1
BEN-025429,Deir al-Balah,AID-2026-FS-207,youth development,household,TRUE,SYNTH_ADVERSARY_V1
BEN-006526,Deir al-Balah,AID-2026-WS-618,food and agriculture,household,TRUE,SYNTH_ADVERSARY_V1
BEN-011355,Deir al-Balah,AID-2026-SH-455,disaster relief,household,TRUE,SYNTH_ADVERSARY_V1
BEN-010693,Deir al-Balah,AID-2026-FS-207,environment,group,TRUE,SYNTH_ADVERSARY_V1
BEN-010460,Deir al-Balah,AID-2026-DR-114,youth development,individual,TRUE,SYNTH_ADVERSARY_V1
BEN-017549,Deir al-Balah,AID-2026-ED-512,education,individual,TRUE,SYNTH_ADVERSARY_V1
BEN-013680,Deir al-Balah,AID-2026-SH-455,international development,individual,TRUE,SYNTH_ADVERSARY_V1
BEN-012042,Chitrakoot,AID-2026-HL-330,international development,group,TRUE,SYNTH_ADVERSARY_V1
BEN-012505,Chitrakoot,AID-2026-SH-455,food and agriculture,individual,TRUE,SYNTH_ADVERSARY_V1
BEN-002071,Chitrakoot,AID-2026-SH-455,youth development,individual,TRUE,SYNTH_ADVERSARY_V1
BEN-020273,Chitrakoot,AID-2026-FS-207,civil rights,household,TRUE,SYNTH_ADVERSARY_V1
BEN-005678,Chitrakoot,AID-2026-FS-207,disaster relief,household,TRUE,SYNTH_ADVERSARY_V1
BEN-015170,Chitrakoot,AID-2026-ED-512,housing,group,TRUE,SYNTH_ADVERSARY_V1
BEN-002540,Chitrakoot,AID-2026-HL-330,youth development,household,TRUE,SYNTH_ADVERSARY_V1
BEN-009610,Chitrakoot,AID-2026-FS-207,international development,individual,TRUE,SYNTH_ADVERSARY_V1
BEN-021853,Chitrakoot,AID-2026-FS-207,disaster relief,individual,TRUE,SYNTH_ADVERSARY_V1
BEN-023154,Rafah,AID-2026-FS-207,youth development,household,TRUE,SYNTH_ADVERSARY_V1
BEN-024250,Diffa,AID-2026-SH-455,youth development,household,TRUE,SYNTH_ADVERSARY_V1
BEN-020006,Rafah,AID-2026-SH-455,youth development,household,TRUE,SYNTH_ADVERSARY_V1
BEN-016884,Rafah,AID-2026-SH-455,disaster relief,household,TRUE,SYNTH_ADVERSARY_V1
BEN-011866,Rafah,AID-2026-DR-114,youth development,individual,TRUE,SYNTH_ADVERSARY_V1
BEN-002326,Rafah,AID-2026-FS-207,human services,household,TRUE,SYNTH_ADVERSARY_V1
BEN-005984,Rafah,AID-2026-ED-512,international development,household,TRUE,SYNTH_ADVERSARY_V1
BEN-010958,Rafah,AID-2026-WS-618,environment,household,TRUE,SYNTH_ADVERSARY_V1
BEN-025723,Rafah,AID-2026-FS-207,human services,group,TRUE,SYNTH_ADVERSARY_V1
BEN-019206,Rafah,AID-2026-WS-618,international development,individual,TRUE,SYNTH_ADVERSARY_V1
BEN-008711,Rafah,AID-2026-WS-618,youth development,individual,TRUE,SYNTH_ADVERSARY_V1
BEN-008984,Rafah,AID-2026-FS-207,international development,household,TRUE,SYNTH_ADVERSARY_V1
BEN-011669,Rafah,AID-2026-SH-455,food and agriculture,group,TRUE,SYNTH_ADVERSARY_V1
BEN-002014,El Obeid,AID-2026-HL-330,environment,individual,TRUE,SYNTH_ADVERSARY_V1
BEN-020147,El Obeid,AID-2026-DR-114,disaster relief,household,TRUE,SYNTH_ADVERSARY_V1
BEN-025084,El Obeid,AID-2026-DR-114,environment,household,TRUE,SYNTH_ADVERSARY_V1
BEN-010304,El Obeid,AID-2026-FS-207,civil rights,household,TRUE,SYNTH_ADVERSARY_V1
BEN-001128,El Obeid,AID-2026-ED-512,housing,household,TRUE,SYNTH_ADVERSARY_V1
BEN-017925,El Obeid,AID-2026-DR-114,environment,household,TRUE,SYNTH_ADVERSARY_V1
BEN-024599,El Obeid,AID-2026-ED-512,civil rights,household,TRUE,SYNTH_ADVERSARY_V1
BEN-011876,El Obeid,AID-2026-FS-207,disaster relief,individual,TRUE,SYNTH_ADVERSARY_V1
BEN-023217,El Obeid,AID-2026-ED-512,medical,household,TRUE,SYNTH_ADVERSARY_V1
BEN-015729,El Obeid,AID-2026-DR-114,food and agriculture,individual,TRUE,SYNTH_ADVERSARY_V1
BEN-016663,El Obeid,AID-2026-HL-330,medical,individual,TRUE,SYNTH_ADVERSARY_V1
BEN-018301,El Obeid,AID-2026-SH-455,youth development,household,TRUE,SYNTH_ADVERSARY_V1
BEN-023536,El Obeid,AID-2026-WS-618,civil rights,group,TRUE,SYNTH_ADVERSARY_V1
BEN-018312,El Obeid,AID-2026-FS-207,education,household,TRUE,SYNTH_ADVERSARY_V1
BEN-022667,Kassala,AID-2026-HL-330,environment,household,TRUE,SYNTH_ADVERSARY_V1
BEN-006277,Rafah,AID-2026-WS-618,education,household,TRUE,SYNTH_ADVERSARY_V1
BEN-006764,Rafah,AID-2026-SH-455,medical,household,TRUE,SYNTH_ADVERSARY_V1
BEN-008424,Rafah,AID-2026-HL-330,international development,individual,TRUE,SYNTH_ADVERSARY_V1
BEN-024716,Rafah,AID-2026-FS-207,human services,individual,TRUE,SYNTH_ADVERSARY_V1
BEN-020182,Rafah,AID-2026-ED-512,housing,household,TRUE,SYNTH_ADVERSARY_V1
BEN-008332,Rafah,AID-2026-DR-114,disaster relief,individual,TRUE,SYNTH_ADVERSARY_V1
BEN-002673,Rafah,AID-2026-DR-114,disaster relief,household,TRUE,SYNTH_ADVERSARY_V1
BEN-020123,Rafah,AID-2026-WS-618,housing,group,TRUE,SYNTH_ADVERSARY_V1
BEN-019032,Rafah,AID-2026-WS-618,housing,individual,TRUE,SYNTH_ADVERSARY_V1
BEN-014656,Rafah,AID-2026-FS-207,youth development,household,TRUE,SYNTH_ADVERSARY_V1
BEN-002387,Rafah,AID-2026-DR-114,civil rights,household,TRUE,SYNTH_ADVERSARY_V1
BEN-017517,Rafah,AID-2026-WS-618,environment,individual,TRUE,SYNTH_ADVERSARY_V1
BEN-007319,Rafah,AID-2026-DR-114,housing,household,TRUE,SYNTH_ADVERSARY_V1
BEN-017687,Chitrakoot,AID-2026-SH-455,medical,household,TRUE,SYNTH_ADVERSARY_V1
BEN-002794,Chitrakoot,AID-2026-SH-455,medical,household,TRUE,SYNTH_ADVERSARY_V1
BEN-023628,Chitrakoot,AID-2026-HL-330,civil rights,individual,TRUE,SYNTH_ADVERSARY_V1
BEN-004299,Chitrakoot,AID-2026-SH-455,housing,individual,TRUE,SYNTH_ADVERSARY_V1
BEN-011505,Chitrakoot,AID-2026-FS-207,environment,household,TRUE,SYNTH_ADVERSARY_V1
BEN-021325,Chitrakoot,AID-2026-SH-455,youth development,individual,TRUE,SYNTH_ADVERSARY_V1
BEN-005637,Chitrakoot,AID-2026-HL-330,international development,household,TRUE,SYNTH_ADVERSARY_V1
BEN-011739,Chitrakoot,AID-2026-FS-207,international development,household,TRUE,SYNTH_ADVERSARY_V1
BEN-012913,Chitrakoot,AID-2026-FS-207,international development,household,TRUE,SYNTH_ADVERSARY_V1
BEN-001392,Chitrakoot,AID-2026-WS-618,education,household,TRUE,SYNTH_ADVERSARY_V1
BEN-010139,Chitrakoot,AID-2026-FS-207,environment,group,TRUE,SYNTH_ADVERSARY_V1
BEN-024011,Chitrakoot,AID-2026-WS-618,housing,household,TRUE,SYNTH_ADVERSARY_V1
BEN-025440,Chitrakoot,AID-2026-HL-330,housing,individual,TRUE,SYNTH_ADVERSARY_V1
BEN-018759,Chitrakoot,AID-2026-SH-455,education,household,TRUE,SYNTH_ADVERSARY_V1
BEN-024652,Chitrakoot,AID-2026-WS-618,disaster relief,group,TRUE,SYNTH_ADVERSARY_V1
BEN-017858,Chitrakoot,AID-2026-SH-455,international development,household,TRUE,SYNTH_ADVERSARY_V1
BEN-015666,Chitrakoot,AID-2026-SH-455,human services,household,TRUE,SYNTH_ADVERSARY_V1
BEN-006846,Chitrakoot,AID-2026-HL-330,youth development,individual,TRUE,SYNTH_ADVERSARY_V1
BEN-022231,Chitrakoot,AID-2026-SH-455,international development,household,TRUE,SYNTH_ADVERSARY_V1
BEN-001360,Chitrakoot,AID-2026-SH-455,international development,individual,TRUE,SYNTH_ADVERSARY_V1
BEN-004843,Chitrakoot,AID-2026-HL-330,education,household,TRUE,SYNTH_ADVERSARY_V1
BEN-014946,Chitrakoot,AID-2026-FS-207,education,household,TRUE,SYNTH_ADVERSARY_V1
BEN-003823,Chitrakoot,AID-2026-DR-114,international development,household,TRUE,SYNTH_ADVERSARY_V1
BEN-017562,Chitrakoot,AID-2026-DR-114,civil rights,household,TRUE,SYNTH_ADVERSARY_V1
BEN-015558,Chitrakoot,AID-2026-DR-114,disaster relief,household,TRUE,SYNTH_ADVERSARY_V1
BEN-008134,Barabanki,AID-2026-FS-207,medical,household,TRUE,SYNTH_ADVERSARY_V1
BEN-018630,Barabanki,AID-2026-SH-455,human services,group,TRUE,SYNTH_ADVERSARY_V1
BEN-023524,Barabanki,AID-2026-HL-330,human services,household,TRUE,SYNTH_ADVERSARY_V1
BEN-016202,Barabanki,AID-2026-FS-207,human services,individual,TRUE,SYNTH_ADVERSARY_V1
BEN-007309,Barabanki,AID-2026-ED-512,housing,individual,TRUE,SYNTH_ADVERSARY_V1
BEN-024970,Barabanki,AID-2026-FS-207,housing,household,TRUE,SYNTH_ADVERSARY_V1
BEN-016815,Barabanki,AID-2026-FS-207,medical,household,TRUE,SYNTH_ADVERSARY_V1
BEN-016638,Barabanki,AID-2026-SH-455,housing,household,TRUE,SYNTH_ADVERSARY_V1
BEN-020567,Rafah,AID-2026-DR-114,housing,household,TRUE,SYNTH_ADVERSARY_V1
BEN-000312,Rafah,AID-2026-HL-330,civil rights,group,TRUE,SYNTH_ADVERSARY_V1
BEN-007012,Rafah,AID-2026-HL-330,environment,individual,TRUE,SYNTH_ADVERSARY_V1
BEN-010674,Rafah,AID-2026-HL-330,disaster relief,group,TRUE,SYNTH_ADVERSARY_V1
BEN-009919,Rafah,AID-2026-DR-114,food and agriculture,household,TRUE,SYNTH_ADVERSARY_V1
BEN-011308,Rafah,AID-2026-FS-207,food and agriculture,individual,TRUE,SYNTH_ADVERSARY_V1
BEN-022418,Rafah,AID-2026-SH-455,human services,household,TRUE,SYNTH_ADVERSARY_V1
BEN-006767,Rafah,AID-2026-ED-512,human services,group,TRUE,SYNTH_ADVERSARY_V1
BEN-006372,Rafah,AID-2026-FS-207,education,individual,TRUE,SYNTH_ADVERSARY_V1
BEN-024485,Rafah,AID-2026-WS-618,housing,household,TRUE,SYNTH_ADVERSARY_V1
BEN-020724,Rafah,AID-2026-WS-618,medical,household,TRUE,SYNTH_ADVERSARY_V1
BEN-004794,El Obeid,AID-2026-HL-330,youth development,household,TRUE,SYNTH_ADVERSARY_V1
BEN-025861,El Obeid,AID-2026-DR-114,youth development,household,TRUE,SYNTH_ADVERSARY_V1
BEN-010810,El Obeid,AID-2026-ED-512,environment,individual,TRUE,SYNTH_ADVERSARY_V1
BEN-022899,El Obeid,AID-2026-HL-330,disaster relief,household,TRUE,SYNTH_ADVERSARY_V1
BEN-017082,El Obeid,AID-2026-WS-618,housing,household,TRUE,SYNTH_ADVERSARY_V1
BEN-000547,El Obeid,AID-2026-DR-114,housing,household,TRUE,SYNTH_ADVERSARY_V1
BEN-020971,El Obeid,AID-2026-ED-512,food and agriculture,household,TRUE,SYNTH_ADVERSARY_V1
BEN-020368,El Obeid,AID-2026-DR-114,medical,household,TRUE,SYNTH_ADVERSARY_V1
BEN-000709,Deir al-Balah,AID-2026-SH-455,education,household,TRUE,SYNTH_ADVERSARY_V1
BEN-019861,Deir al-Balah,AID-2026-ED-512,international development,household,TRUE,SYNTH_ADVERSARY_V1
BEN-005229,Deir al-Balah,AID-2026-FS-207,international development,household,TRUE,SYNTH_ADVERSARY_V1
BEN-001571,Deir al-Balah,AID-2026-SH-455,youth development,household,TRUE,SYNTH_ADVERSARY_V1
BEN-005497,Deir al-Balah,AID-2026-SH-455,environment,household,TRUE,SYNTH_ADVERSARY_V1
BEN-014112,Deir al-Balah,AID-2026-HL-330,civil rights,household,TRUE,SYNTH_ADVERSARY_V1
BEN-002036,Deir al-Balah,AID-2026-WS-618,food and agriculture,group,TRUE,SYNTH_ADVERSARY_V1
BEN-009029,Kassala,AID-2026-ED-512,housing,household,TRUE,SYNTH_ADVERSARY_V1
BEN-003815,Kassala,AID-2026-DR-114,international development,household,TRUE,SYNTH_ADVERSARY_V1
BEN-014935,Kassala,AID-2026-DR-114,disaster relief,household,TRUE,SYNTH_ADVERSARY_V1
BEN-003331,Kassala,AID-2026-WS-618,housing,individual,TRUE,SYNTH_ADVERSARY_V1
BEN-003931,Kassala,AID-2026-SH-455,international development,individual,TRUE,SYNTH_ADVERSARY_V1
BEN-013654,Kassala,AID-2026-FS-207,international development,group,TRUE,SYNTH_ADVERSARY_V1
BEN-010516,Kassala,AID-2026-WS-618,education,household,TRUE,SYNTH_ADVERSARY_V1
BEN-006004,Kassala,AID-2026-HL-330,human services,household,TRUE,SYNTH_ADVERSARY_V1
BEN-023859,Kassala,AID-2026-ED-512,international development,group,TRUE,SYNTH_ADVERSARY_V1
BEN-018202,Balrampur,AID-2026-SH-455,food and agriculture,group,TRUE,SYNTH_ADVERSARY_V1
BEN-002666,Balrampur,AID-2026-HL-330,medical,group,TRUE,SYNTH_ADVERSARY_V1
BEN-023726,Balrampur,AID-2026-FS-207,education,household,TRUE,SYNTH_ADVERSARY_V1
BEN-024757,Balrampur,AID-2026-DR-114,civil rights,household,TRUE,SYNTH_ADVERSARY_V1
BEN-023384,Balrampur,AID-2026-SH-455,international development,household,TRUE,SYNTH_ADVERSARY_V1
BEN-006309,Balrampur,AID-2026-FS-207,food and agriculture,group,TRUE,SYNTH_ADVERSARY_V1
BEN-025201,Balrampur,AID-2026-SH-455,disaster relief,individual,TRUE,SYNTH_ADVERSARY_V1
BEN-002099,Balrampur,AID-2026-ED-512,international development,household,TRUE,SYNTH_ADVERSARY_V1
BEN-011873,Balrampur,AID-2026-FS-207,medical,individual,TRUE,SYNTH_ADVERSARY_V1
BEN-011978,Balrampur,AID-2026-HL-330,education,individual,TRUE,SYNTH_ADVERSARY_V1
BEN-017643,El Obeid,AID-2026-DR-114,housing,household,TRUE,SYNTH_ADVERSARY_V1
BEN-018392,El Obeid,AID-2026-WS-618,food and agriculture,household,TRUE,SYNTH_ADVERSARY_V1
BEN-002139,El Obeid,AID-2026-DR-114,international development,household,TRUE,SYNTH_ADVERSARY_V1
BEN-002208,El Obeid,AID-2026-SH-455,civil rights,individual,TRUE,SYNTH_ADVERSARY_V1
BEN-009435,El Obeid,AID-2026-DR-114,education,individual,TRUE,SYNTH_ADVERSARY_V1
BEN-002732,El Obeid,AID-2026-FS-207,international development,household,TRUE,SYNTH_ADVERSARY_V1
BEN-016088,El Obeid,AID-2026-DR-114,international development,individual,TRUE,SYNTH_ADVERSARY_V1
BEN-024438,Sitapur,AID-2026-WS-618,food and agriculture,household,TRUE,SYNTH_ADVERSARY_V1
BEN-017113,Sitapur,AID-2026-SH-455,youth development,individual,TRUE,SYNTH_ADVERSARY_V1
BEN-024360,Sitapur,AID-2026-SH-455,civil rights,individual,TRUE,SYNTH_ADVERSARY_V1
BEN-000837,Sitapur,AID-2026-HL-330,housing,individual,TRUE,SYNTH_ADVERSARY_V1
BEN-010997,Sitapur,AID-2026-ED-512,medical,household,TRUE,SYNTH_ADVERSARY_V1
BEN-008501,Sitapur,AID-2026-WS-618,environment,household,TRUE,SYNTH_ADVERSARY_V1
BEN-004771,Sitapur,AID-2026-SH-455,civil rights,household,TRUE,SYNTH_ADVERSARY_V1
BEN-022140,Sitapur,AID-2026-SH-455,international development,household,TRUE,SYNTH_ADVERSARY_V1
BEN-010794,Wad Madani,AID-2026-DR-114,housing,household,TRUE,SYNTH_ADVERSARY_V1
BEN-021567,Wad Madani,AID-2026-FS-207,civil rights,household,TRUE,SYNTH_ADVERSARY_V1
BEN-013597,Wad Madani,AID-2026-DR-114,medical,household,TRUE,SYNTH_ADVERSARY_V1
BEN-014361,Wad Madani,AID-2026-HL-330,education,household,TRUE,SYNTH_ADVERSARY_V1
BEN-008162,Wad Madani,AID-2026-WS-618,international development,household,TRUE,SYNTH_ADVERSARY_V1
BEN-023167,Wad Madani,AID-2026-HL-330,education,household,TRUE,SYNTH_ADVERSARY_V1
BEN-025644,Wad Madani,AID-2026-SH-455,human services,household,TRUE,SYNTH_ADVERSARY_V1
BEN-005305,Wad Madani,AID-2026-FS-207,human services,household,TRUE,SYNTH_ADVERSARY_V1
BEN-011781,Maradi,AID-2026-WS-618,youth development,household,TRUE,SYNTH_ADVERSARY_V1
BEN-000664,Maradi,AID-2026-SH-455,civil rights,household,TRUE,SYNTH_ADVERSARY_V1
BEN-000279,Maradi,AID-2026-ED-512,housing,household,TRUE,SYNTH_ADVERSARY_V1
BEN-005790,Maradi,AID-2026-WS-618,housing,household,TRUE,SYNTH_ADVERSARY_V1
BEN-015445,Maradi,AID-2026-DR-114,human services,individual,TRUE,SYNTH_ADVERSARY_V1
BEN-017168,Maradi,AID-2026-WS-618,youth development,individual,TRUE,SYNTH_ADVERSARY_V1
BEN-006017,Sitapur,AID-2026-DR-114,medical,household,TRUE,SYNTH_ADVERSARY_V1
BEN-002584,Maradi,AID-2026-DR-114,food and agriculture,individual,TRUE,SYNTH_ADVERSARY_V1
BEN-007363,Maradi,AID-2026-DR-114,disaster relief,household,TRUE,SYNTH_ADVERSARY_V1
BEN-020334,Maradi,AID-2026-WS-618,housing,individual,TRUE,SYNTH_ADVERSARY_V1
BEN-002872,Maradi,AID-2026-SH-455,environment,individual,TRUE,SYNTH_ADVERSARY_V1
BEN-005139,Maradi,AID-2026-HL-330,youth development,household,TRUE,SYNTH_ADVERSARY_V1
BEN-011594,Maradi,AID-2026-DR-114,medical,household,TRUE,SYNTH_ADVERSARY_V1
BEN-010088,Gaza North,AID-2026-SH-455,medical,group,TRUE,SYNTH_ADVERSARY_V1
BEN-009996,Gaza North,AID-2026-ED-512,education,individual,TRUE,SYNTH_ADVERSARY_V1
BEN-005743,Gaza North,AID-2026-ED-512,food and agriculture,household,TRUE,SYNTH_ADVERSARY_V1
BEN-018529,Gaza North,AID-2026-DR-114,civil rights,household,TRUE,SYNTH_ADVERSARY_V1
BEN-020154,Gaza North,AID-2026-HL-330,disaster relief,household,TRUE,SYNTH_ADVERSARY_V1
BEN-001459,Gaza North,AID-2026-FS-207,youth development,individual,TRUE,SYNTH_ADVERSARY_V1
BEN-023806,Gaza North,AID-2026-SH-455,housing,group,TRUE,SYNTH_ADVERSARY_V1
BEN-018090,Gaza North,AID-2026-ED-512,food and agriculture,individual,TRUE,SYNTH_ADVERSARY_V1
BEN-009538,Gaza North,AID-2026-HL-330,food and agriculture,household,TRUE,SYNTH_ADVERSARY_V1
BEN-002260,Gaza North,AID-2026-WS-618,disaster relief,household,TRUE,SYNTH_ADVERSARY_V1
BEN-008687,Kutupalong,AID-2026-SH-455,education,household,TRUE,SYNTH_ADVERSARY_V1
BEN-015045,Kutupalong,AID-2026-SH-455,food and agriculture,household,TRUE,SYNTH_ADVERSARY_V1
BEN-012194,Kutupalong,AID-2026-SH-455,medical,household,TRUE,SYNTH_ADVERSARY_V1
BEN-003990,Kutupalong,AID-2026-SH-455,environment,household,TRUE,SYNTH_ADVERSARY_V1
BEN-004552,Kutupalong,AID-2026-FS-207,civil rights,individual,TRUE,SYNTH_ADVERSARY_V1
BEN-017459,Kutupalong,AID-2026-ED-512,medical,household,TRUE,SYNTH_ADVERSARY_V1
BEN-011858,Kutupalong,AID-2026-DR-114,youth development,household,TRUE,SYNTH_ADVERSARY_V1
BEN-009810,Kutupalong,AID-2026-WS-618,international development,group,TRUE,SYNTH_ADVERSARY_V1
BEN-022533,Kutupalong,AID-2026-HL-330,environment,household,TRUE,SYNTH_ADVERSARY_V1
BEN-014174,Kutupalong,AID-2026-ED-512,international development,household,TRUE,SYNTH_ADVERSARY_V1
BEN-022542,Cox's Bazar,AID-2026-DR-114,medical,household,TRUE,SYNTH_ADVERSARY_V1
BEN-025711,Cox's Bazar,AID-2026-FS-207,youth development,group,TRUE,SYNTH_ADVERSARY_V1
BEN-025959,Cox's Bazar,AID-2026-DR-114,medical,individual,TRUE,SYNTH_ADVERSARY_V1
BEN-005416,Cox's Bazar,AID-2026-FS-207,food and agriculture,household,TRUE,SYNTH_ADVERSARY_V1
BEN-013449,Cox's Bazar,AID-2026-WS-618,environment,individual,TRUE,SYNTH_ADVERSARY_V1
BEN-017534,Cox's Bazar,AID-2026-HL-330,education,household,TRUE,SYNTH_ADVERSARY_V1
BEN-013342,Cox's Bazar,AID-2026-WS-618,international development,household,TRUE,SYNTH_ADVERSARY_V1
BEN-007679,Cox's Bazar,AID-2026-HL-330,civil rights,group,TRUE,SYNTH_ADVERSARY_V1
BEN-020508,Cox's Bazar,AID-2026-ED-512,food and agriculture,household,TRUE,SYNTH_ADVERSARY_V1
BEN-020301,El Obeid,AID-2026-SH-455,civil rights,group,TRUE,SYNTH_ADVERSARY_V1
BEN-025287,El Obeid,AID-2026-DR-114,international development,household,TRUE,SYNTH_ADVERSARY_V1
BEN-009355,El Obeid,AID-2026-WS-618,international development,individual,TRUE,SYNTH_ADVERSARY_V1
BEN-008407,El Obeid,AID-2026-WS-618,civil rights,individual,TRUE,SYNTH_ADVERSARY_V1
BEN-014092,El Obeid,AID-2026-FS-207,medical,household,TRUE,SYNTH_ADVERSARY_V1
BEN-013544,El Obeid,AID-2026-ED-512,human services,group,TRUE,SYNTH_ADVERSARY_V1
BEN-002385,El Obeid,AID-2026-ED-512,civil rights,household,TRUE,SYNTH_ADVERSARY_V1
BEN-017197,El Obeid,AID-2026-WS-618,international development,group,TRUE,SYNTH_ADVERSARY_V1
BEN-000758,El Obeid,AID-2026-ED-512,international development,group,TRUE,SYNTH_ADVERSARY_V1
BEN-006744,El Obeid,AID-2026-FS-207,civil rights,individual,TRUE,SYNTH_ADVERSARY_V1
BEN-011960,El Obeid,AID-2026-SH-455,youth development,household,TRUE,SYNTH_ADVERSARY_V1
BEN-013094,Kutupalong,AID-2026-HL-330,medical,individual,TRUE,SYNTH_ADVERSARY_V1
BEN-007886,Kutupalong,AID-2026-DR-114,youth development,individual,TRUE,SYNTH_ADVERSARY_V1
BEN-014778,Kutupalong,AID-2026-HL-330,human services,group,TRUE,SYNTH_ADVERSARY_V1
BEN-000457,Kutupalong,AID-2026-HL-330,human services,group,TRUE,SYNTH_ADVERSARY_V1
BEN-019611,Kutupalong,AID-2026-SH-455,youth development,household,TRUE,SYNTH_ADVERSARY_V1
BEN-009409,Kutupalong,AID-2026-WS-618,human services,household,TRUE,SYNTH_ADVERSARY_V1
BEN-008187,Kutupalong,AID-2026-ED-512,human services,household,TRUE,SYNTH_ADVERSARY_V1
BEN-020994,Kutupalong,AID-2026-FS-207,civil rights,individual,TRUE,SYNTH_ADVERSARY_V1
BEN-023837,Kutupalong,AID-2026-WS-618,education,household,TRUE,SYNTH_ADVERSARY_V1
BEN-012996,Kutupalong,AID-2026-WS-618,housing,individual,TRUE,SYNTH_ADVERSARY_V1
BEN-015546,Kutupalong,AID-2026-WS-618,international development,individual,TRUE,SYNTH_ADVERSARY_V1
BEN-000451,Sitapur,AID-2026-WS-618,disaster relief,group,TRUE,SYNTH_ADVERSARY_V1
BEN-003075,Sitapur,AID-2026-FS-207,education,group,TRUE,SYNTH_ADVERSARY_V1
BEN-020280,Sitapur,AID-2026-SH-455,disaster relief,group,TRUE,SYNTH_ADVERSARY_V1
BEN-019541,Sitapur,AID-2026-DR-114,food and agriculture,household,TRUE,SYNTH_ADVERSARY_V1
BEN-018315,Sitapur,AID-2026-WS-618,civil rights,individual,TRUE,SYNTH_ADVERSARY_V1
BEN-000978,Sitapur,AID-2026-SH-455,environment,household,TRUE,SYNTH_ADVERSARY_V1
BEN-011129,Sitapur,AID-2026-WS-618,civil rights,household,TRUE,SYNTH_ADVERSARY_V1
BEN-008405,Kutupalong,AID-2026-SH-455,housing,household,TRUE,SYNTH_ADVERSARY_V1
BEN-009903,Kutupalong,AID-2026-SH-455,civil rights,group,TRUE,SYNTH_ADVERSARY_V1
BEN-003606,Kutupalong,AID-2026-HL-330,human services,individual,TRUE,SYNTH_ADVERSARY_V1
BEN-002605,Kutupalong,AID-2026-HL-330,youth development,group,TRUE,SYNTH_ADVERSARY_V1
BEN-003254,Kutupalong,AID-2026-ED-512,human services,individual,TRUE,SYNTH_ADVERSARY_V1
BEN-017001,Kutupalong,AID-2026-HL-330,medical,household,TRUE,SYNTH_ADVERSARY_V1
BEN-025165,Kutupalong,AID-2026-WS-618,international development,household,TRUE,SYNTH_ADVERSARY_V1
BEN-013972,Kutupalong,AID-2026-ED-512,disaster relief,individual,TRUE,SYNTH_ADVERSARY_V1
BEN-013210,Kutupalong,AID-2026-FS-207,medical,household,TRUE,SYNTH_ADVERSARY_V1
BEN-001620,Kutupalong,AID-2026-DR-114,disaster relief,individual,TRUE,SYNTH_ADVERSARY_V1
BEN-008852,Kutupalong,AID-2026-ED-512,civil rights,household,TRUE,SYNTH_ADVERSARY_V1
BEN-013398,Kutupalong,AID-2026-DR-114,food and agriculture,individual,TRUE,SYNTH_ADVERSARY_V1
BEN-025737,Kutupalong,AID-2026-FS-207,human services,household,TRUE,SYNTH_ADVERSARY_V1
BEN-021225,Deir al-Balah,AID-2026-DR-114,housing,household,TRUE,SYNTH_ADVERSARY_V1
BEN-003340,Deir al-Balah,AID-2026-HL-330,environment,household,TRUE,SYNTH_ADVERSARY_V1
BEN-001698,Deir al-Balah,AID-2026-FS-207,youth development,household,TRUE,SYNTH_ADVERSARY_V1
BEN-011993,Deir al-Balah,AID-2026-FS-207,education,individual,TRUE,SYNTH_ADVERSARY_V1
BEN-018579,Deir al-Balah,AID-2026-ED-512,housing,individual,TRUE,SYNTH_ADVERSARY_V1
BEN-019134,Deir al-Balah,AID-2026-WS-618,medical,individual,TRUE,SYNTH_ADVERSARY_V1
BEN-020556,Deir al-Balah,AID-2026-ED-512,education,household,TRUE,SYNTH_ADVERSARY_V1
BEN-014734,Kassala,AID-2026-HL-330,food and agriculture,household,TRUE,SYNTH_ADVERSARY_V1
BEN-002039,Kassala,AID-2026-ED-512,food and agriculture,group,TRUE,SYNTH_ADVERSARY_V1
BEN-005539,Kassala,AID-2026-WS-618,disaster relief,individual,TRUE,SYNTH_ADVERSARY_V1
BEN-011511,Kassala,AID-2026-SH-455,environment,household,TRUE,SYNTH_ADVERSARY_V1
BEN-014478,Kassala,AID-2026-FS-207,housing,household,TRUE,SYNTH_ADVERSARY_V1
BEN-005019,Kassala,AID-2026-WS-618,medical,household,TRUE,SYNTH_ADVERSARY_V1
BEN-009858,Kassala,AID-2026-ED-512,international development,household,TRUE,SYNTH_ADVERSARY_V1
BEN-018369,Kassala,AID-2026-HL-330,food and agriculture,individual,TRUE,SYNTH_ADVERSARY_V1
BEN-000938,Kassala,AID-2026-DR-114,international development,household,TRUE,SYNTH_ADVERSARY_V1
BEN-025153,Chitrakoot,AID-2026-DR-114,education,household,TRUE,SYNTH_ADVERSARY_V1
BEN-023313,Chitrakoot,AID-2026-FS-207,medical,household,TRUE,SYNTH_ADVERSARY_V1
BEN-009902,Chitrakoot,AID-2026-WS-618,food and agriculture,household,TRUE,SYNTH_ADVERSARY_V1
BEN-001935,Chitrakoot,AID-2026-FS-207,environment,household,TRUE,SYNTH_ADVERSARY_V1
BEN-017806,Chitrakoot,AID-2026-FS-207,disaster relief,individual,TRUE,SYNTH_ADVERSARY_V1
BEN-006531,Chitrakoot,AID-2026-HL-330,human services,individual,TRUE,SYNTH_ADVERSARY_V1
BEN-011820,Chitrakoot,AID-2026-SH-455,food and agriculture,household,TRUE,SYNTH_ADVERSARY_V1
BEN-008261,Chitrakoot,AID-2026-SH-455,civil rights,group,TRUE,SYNTH_ADVERSARY_V1
BEN-003609,Chitrakoot,AID-2026-WS-618,human services,household,TRUE,SYNTH_ADVERSARY_V1
BEN-014206,Chitrakoot,AID-2026-FS-207,education,household,TRUE,SYNTH_ADVERSARY_V1
BEN-018680,Maradi,AID-2026-DR-114,housing,household,TRUE,SYNTH_ADVERSARY_V1
BEN-003832,Kassala,AID-2026-ED-512,environment,household,TRUE,SYNTH_ADVERSARY_V1
BEN-005671,Maradi,AID-2026-ED-512,international development,individual,TRUE,SYNTH_ADVERSARY_V1
BEN-007812,Maradi,AID-2026-HL-330,food and agriculture,household,TRUE,SYNTH_ADVERSARY_V1
BEN-013997,Maradi,AID-2026-HL-330,medical,household,TRUE,SYNTH_ADVERSARY_V1
BEN-012957,Maradi,AID-2026-SH-455,youth development,group,TRUE,SYNTH_ADVERSARY_V1
BEN-023148,Maradi,AID-2026-WS-618,environment,household,TRUE,SYNTH_ADVERSARY_V1
BEN-004293,Nyala,AID-2026-HL-330,human services,individual,TRUE,SYNTH_ADVERSARY_V1
BEN-013416,Maradi,AID-2026-HL-330,housing,household,TRUE,SYNTH_ADVERSARY_V1
BEN-023942,El Obeid,AID-2026-WS-618,environment,household,TRUE,SYNTH_ADVERSARY_V1
BEN-006750,El Obeid,AID-2026-WS-618,food and agriculture,household,TRUE,SYNTH_ADVERSARY_V1
BEN-012596,El Obeid,AID-2026-SH-455,housing,group,TRUE,SYNTH_ADVERSARY_V1
BEN-007203,El Obeid,AID-2026-WS-618,education,individual,TRUE,SYNTH_ADVERSARY_V1
BEN-012637,El Obeid,AID-2026-FS-207,civil rights,household,TRUE,SYNTH_ADVERSARY_V1
BEN-003256,El Obeid,AID-2026-HL-330,food and agriculture,group,TRUE,SYNTH_ADVERSARY_V1
BEN-020105,El Obeid,AID-2026-SH-455,youth development,group,TRUE,SYNTH_ADVERSARY_V1
BEN-003481,El Obeid,AID-2026-WS-618,international development,group,TRUE,SYNTH_ADVERSARY_V1
BEN-014554,Maradi,AID-2026-SH-455,disaster relief,household,TRUE,SYNTH_ADVERSARY_V1
BEN-022572,El Obeid,AID-2026-WS-618,civil rights,household,TRUE,SYNTH_ADVERSARY_V1
BEN-015344,El Obeid,AID-2026-WS-618,medical,group,TRUE,SYNTH_ADVERSARY_V1
BEN-004352,El Obeid,AID-2026-WS-618,human services,household,TRUE,SYNTH_ADVERSARY_V1
BEN-006670,El Obeid,AID-2026-DR-114,disaster relief,individual,TRUE,SYNTH_ADVERSARY_V1
BEN-011221,El Obeid,AID-2026-FS-207,international development,individual,TRUE,SYNTH_ADVERSARY_V1
BEN-011632,Wad Madani,AID-2026-WS-618,youth development,household,TRUE,SYNTH_ADVERSARY_V1
BEN-016897,Wad Madani,AID-2026-ED-512,education,household,TRUE,SYNTH_ADVERSARY_V1
BEN-015549,Wad Madani,AID-2026-ED-512,youth development,household,TRUE,SYNTH_ADVERSARY_V1
BEN-009943,Wad Madani,AID-2026-HL-330,environment,individual,TRUE,SYNTH_ADVERSARY_V1
BEN-017477,Wad Madani,AID-2026-ED-512,youth development,individual,TRUE,SYNTH_ADVERSARY_V1
BEN-017187,Wad Madani,AID-2026-FS-207,civil rights,individual,TRUE,SYNTH_ADVERSARY_V1
BEN-021466,Wad Madani,AID-2026-FS-207,food and agriculture,individual,TRUE,SYNTH_ADVERSARY_V1
BEN-012070,Rafah,AID-2026-DR-114,disaster relief,group,TRUE,SYNTH_ADVERSARY_V1
BEN-003045,Rafah,AID-2026-SH-455,housing,household,TRUE,SYNTH_ADVERSARY_V1
BEN-016793,Rafah,AID-2026-DR-114,medical,household,TRUE,SYNTH_ADVERSARY_V1
BEN-011026,Rafah,AID-2026-WS-618,education,individual,TRUE,SYNTH_ADVERSARY_V1
BEN-000337,Rafah,AID-2026-SH-455,medical,household,TRUE,SYNTH_ADVERSARY_V1
BEN-022125,Rafah,AID-2026-DR-114,environment,group,TRUE,SYNTH_ADVERSARY_V1
BEN-022909,Rafah,AID-2026-WS-618,civil rights,individual,TRUE,SYNTH_ADVERSARY_V1
BEN-000574,Rafah,AID-2026-ED-512,youth development,household,TRUE,SYNTH_ADVERSARY_V1
BEN-025755,Rafah,AID-2026-HL-330,civil rights,individual,TRUE,SYNTH_ADVERSARY_V1
BEN-004077,Kassala,AID-2026-WS-618,education,individual,TRUE,SYNTH_ADVERSARY_V1
BEN-020302,Rafah,AID-2026-DR-114,environment,household,TRUE,SYNTH_ADVERSARY_V1
BEN-000426,Rafah,AID-2026-HL-330,education,group,TRUE,SYNTH_ADVERSARY_V1
BEN-008268,Wad Madani,AID-2026-ED-512,youth development,group,TRUE,SYNTH_ADVERSARY_V1
BEN-006446,Wad Madani,AID-2026-HL-330,youth development,individual,TRUE,SYNTH_ADVERSARY_V1
BEN-000720,Wad Madani,AID-2026-SH-455,environment,household,TRUE,SYNTH_ADVERSARY_V1
BEN-000593,Wad Madani,AID-2026-FS-207,food and agriculture,group,TRUE,SYNTH_ADVERSARY_V1
BEN-001763,Wad Madani,AID-2026-ED-512,environment,individual,TRUE,SYNTH_ADVERSARY_V1
BEN-000902,Wad Madani,AID-2026-ED-512,housing,household,TRUE,SYNTH_ADVERSARY_V1
BEN-006224,Wad Madani,AID-2026-SH-455,disaster relief,individual,TRUE,SYNTH_ADVERSARY_V1
BEN-023428,Wad Madani,AID-2026-SH-455,human services,household,TRUE,SYNTH_ADVERSARY_V1
BEN-000123,Maradi,AID-2026-DR-114,youth development,household,TRUE,SYNTH_ADVERSARY_V1
BEN-002460,Maradi,AID-2026-HL-330,international development,household,TRUE,SYNTH_ADVERSARY_V1
BEN-008079,Maradi,AID-2026-ED-512,medical,individual,TRUE,SYNTH_ADVERSARY_V1
BEN-012320,Maradi,AID-2026-WS-618,international development,group,TRUE,SYNTH_ADVERSARY_V1
BEN-009494,Maradi,AID-2026-FS-207,environment,household,TRUE,SYNTH_ADVERSARY_V1
BEN-014182,Maradi,AID-2026-HL-330,environment,household,TRUE,SYNTH_ADVERSARY_V1
BEN-012007,Rafah,AID-2026-SH-455,medical,individual,TRUE,SYNTH_ADVERSARY_V1
BEN-019235,Rafah,AID-2026-ED-512,environment,individual,TRUE,SYNTH_ADVERSARY_V1
BEN-010064,Kutupalong,AID-2026-WS-618,food and agriculture,household,TRUE,SYNTH_ADVERSARY_V1
BEN-002193,Rafah,AID-2026-FS-207,civil rights,individual,TRUE,SYNTH_ADVERSARY_V1
BEN-005592,Rafah,AID-2026-FS-207,human services,household,TRUE,SYNTH_ADVERSARY_V1
BEN-017465,Rafah,AID-2026-DR-114,housing,individual,TRUE,SYNTH_ADVERSARY_V1
BEN-022872,Rafah,AID-2026-FS-207,housing,household,TRUE,SYNTH_ADVERSARY_V1
BEN-003876,Rafah,AID-2026-HL-330,disaster relief,individual,TRUE,SYNTH_ADVERSARY_V1
BEN-019388,Rafah,AID-2026-ED-512,civil rights,individual,TRUE,SYNTH_ADVERSARY_V1
BEN-024126,Rafah,AID-2026-ED-512,environment,household,TRUE,SYNTH_ADVERSARY_V1
BEN-010715,Rafah,AID-2026-SH-455,environment,household,TRUE,SYNTH_ADVERSARY_V1
BEN-003372,Rafah,AID-2026-ED-512,human services,group,TRUE,SYNTH_ADVERSARY_V1
BEN-009184,Rafah,AID-2026-SH-455,education,individual,TRUE,SYNTH_ADVERSARY_V1
BEN-023166,Rafah,AID-2026-HL-330,environment,household,TRUE,SYNTH_ADVERSARY_V1
BEN-023539,Chitrakoot,AID-2026-SH-455,housing,household,TRUE,SYNTH_ADVERSARY_V1
BEN-002978,Chitrakoot,AID-2026-FS-207,medical,household,TRUE,SYNTH_ADVERSARY_V1
BEN-020461,Chitrakoot,AID-2026-ED-512,civil rights,household,TRUE,SYNTH_ADVERSARY_V1
BEN-025387,Chitrakoot,AID-2026-SH-455,education,group,TRUE,SYNTH_ADVERSARY_V1
BEN-015123,Chitrakoot,AID-2026-FS-207,medical,individual,TRUE,SYNTH_ADVERSARY_V1
BEN-002926,Chitrakoot,AID-2026-HL-330,environment,household,TRUE,SYNTH_ADVERSARY_V1
BEN-008496,Chitrakoot,AID-2026-FS-207,civil rights,household,TRUE,SYNTH_ADVERSARY_V1
BEN-014670,Chitrakoot,AID-2026-DR-114,human services,group,TRUE,SYNTH_ADVERSARY_V1
BEN-003632,Chitrakoot,AID-2026-FS-207,medical,household,TRUE,SYNTH_ADVERSARY_V1
BEN-013603,Chitrakoot,AID-2026-DR-114,education,household,TRUE,SYNTH_ADVERSARY_V1
BEN-011989,Chitrakoot,AID-2026-ED-512,medical,household,TRUE,SYNTH_ADVERSARY_V1
BEN-015545,Chitrakoot,AID-2026-WS-618,housing,group,TRUE,SYNTH_ADVERSARY_V1
BEN-010515,Chitrakoot,AID-2026-ED-512,international development,individual,TRUE,SYNTH_ADVERSARY_V1
BEN-001149,Sitapur,AID-2026-HL-330,international development,household,TRUE,SYNTH_ADVERSARY_V1
BEN-011170,Sitapur,AID-2026-DR-114,international development,individual,TRUE,SYNTH_ADVERSARY_V1
BEN-015284,Sitapur,AID-2026-FS-207,disaster relief,individual,TRUE,SYNTH_ADVERSARY_V1
BEN-012947,Sitapur,AID-2026-SH-455,youth development,individual,TRUE,SYNTH_ADVERSARY_V1
BEN-014841,Sitapur,AID-2026-FS-207,international development,group,TRUE,SYNTH_ADVERSARY_V1
BEN-022366,Sitapur,AID-2026-HL-330,food and agriculture,household,TRUE,SYNTH_ADVERSARY_V1
BEN-023018,Sitapur,AID-2026-SH-455,youth development,household,TRUE,SYNTH_ADVERSARY_V1
BEN-004407,Sitapur,AID-2026-SH-455,education,household,TRUE,SYNTH_ADVERSARY_V1
BEN-008262,Sitapur,AID-2026-FS-207,disaster relief,individual,TRUE,SYNTH_ADVERSARY_V1
BEN-021947,Sitapur,AID-2026-WS-618,medical,individual,TRUE,SYNTH_ADVERSARY_V1
BEN-017011,Sitapur,AID-2026-WS-618,food and agriculture,group,TRUE,SYNTH_ADVERSARY_V1
BEN-003393,Sitapur,AID-2026-ED-512,youth development,household,TRUE,SYNTH_ADVERSARY_V1
BEN-015166,Sitapur,AID-2026-ED-512,education,household,TRUE,SYNTH_ADVERSARY_V1
BEN-008881,Rafah,AID-2026-HL-330,food and agriculture,household,TRUE,SYNTH_ADVERSARY_V1
BEN-008074,Rafah,AID-2026-SH-455,environment,individual,TRUE,SYNTH_ADVERSARY_V1
BEN-021427,Rafah,AID-2026-DR-114,civil rights,individual,TRUE,SYNTH_ADVERSARY_V1
BEN-014895,Rafah,AID-2026-FS-207,food and agriculture,individual,TRUE,SYNTH_ADVERSARY_V1
BEN-015006,Rafah,AID-2026-SH-455,medical,individual,TRUE,SYNTH_ADVERSARY_V1
BEN-011186,Rafah,AID-2026-HL-330,environment,individual,TRUE,SYNTH_ADVERSARY_V1
BEN-023423,Rafah,AID-2026-DR-114,youth development,household,TRUE,SYNTH_ADVERSARY_V1
BEN-015647,Rafah,AID-2026-DR-114,human services,group,TRUE,SYNTH_ADVERSARY_V1
BEN-001790,Rafah,AID-2026-WS-618,medical,group,TRUE,SYNTH_ADVERSARY_V1
BEN-021315,Rafah,AID-2026-SH-455,environment,individual,TRUE,SYNTH_ADVERSARY_V1
BEN-001563,Rafah,AID-2026-WS-618,food and agriculture,household,TRUE,SYNTH_ADVERSARY_V1
BEN-025206,Balrampur,AID-2026-HL-330,international development,household,TRUE,SYNTH_ADVERSARY_V1
BEN-021441,Balrampur,AID-2026-SH-455,youth development,household,TRUE,SYNTH_ADVERSARY_V1
BEN-024737,Balrampur,AID-2026-HL-330,environment,household,TRUE,SYNTH_ADVERSARY_V1
BEN-013667,Balrampur,AID-2026-HL-330,youth development,household,TRUE,SYNTH_ADVERSARY_V1
BEN-007919,Balrampur,AID-2026-FS-207,human services,individual,TRUE,SYNTH_ADVERSARY_V1
BEN-019266,Balrampur,AID-2026-HL-330,housing,individual,TRUE,SYNTH_ADVERSARY_V1
BEN-008172,Balrampur,AID-2026-SH-455,food and agriculture,household,TRUE,SYNTH_ADVERSARY_V1
BEN-014973,Barabanki,AID-2026-HL-330,international development,individual,TRUE,SYNTH_ADVERSARY_V1
BEN-016844,Barabanki,AID-2026-SH-455,civil rights,household,TRUE,SYNTH_ADVERSARY_V1
BEN-018749,Barabanki,AID-2026-DR-114,international development,individual,TRUE,SYNTH_ADVERSARY_V1
BEN-009520,Barabanki,AID-2026-FS-207,food and agriculture,group,TRUE,SYNTH_ADVERSARY_V1
BEN-015879,Barabanki,AID-2026-DR-114,human services,household,TRUE,SYNTH_ADVERSARY_V1
BEN-010776,Kassala,AID-2026-FS-207,civil rights,group,TRUE,SYNTH_ADVERSARY_V1
BEN-005843,Barabanki,AID-2026-WS-618,education,group,TRUE,SYNTH_ADVERSARY_V1
BEN-011336,Barabanki,AID-2026-FS-207,human services,group,TRUE,SYNTH_ADVERSARY_V1
BEN-019414,Barabanki,AID-2026-SH-455,human services,household,TRUE,SYNTH_ADVERSARY_V1
BEN-012273,Barabanki,AID-2026-SH-455,food and agriculture,household,TRUE,SYNTH_ADVERSARY_V1
BEN-005273,Barabanki,AID-2026-FS-207,international development,household,TRUE,SYNTH_ADVERSARY_V1
BEN-020171,Barabanki,AID-2026-HL-330,human services,individual,TRUE,SYNTH_ADVERSARY_V1
BEN-007945,Barabanki,AID-2026-DR-114,youth development,household,TRUE,SYNTH_ADVERSARY_V1
BEN-008429,Chitrakoot,AID-2026-SH-455,housing,household,TRUE,SYNTH_ADVERSARY_V1
BEN-010234,Chitrakoot,AID-2026-DR-114,youth development,group,TRUE,SYNTH_ADVERSARY_V1
BEN-025696,Chitrakoot,AID-2026-FS-207,housing,household,TRUE,SYNTH_ADVERSARY_V1
BEN-006842,Chitrakoot,AID-2026-ED-512,food and agriculture,individual,TRUE,SYNTH_ADVERSARY_V1
BEN-002998,Chitrakoot,AID-2026-SH-455,housing,household,TRUE,SYNTH_ADVERSARY_V1
BEN-018373,Chitrakoot,AID-2026-FS-207,environment,individual,TRUE,SYNTH_ADVERSARY_V1
BEN-010268,Chitrakoot,AID-2026-WS-618,youth development,individual,TRUE,SYNTH_ADVERSARY_V1
BEN-018548,Chitrakoot,AID-2026-HL-330,disaster relief,household,TRUE,SYNTH_ADVERSARY_V1
BEN-017100,Khan Yunis,AID-2026-HL-330,civil rights,household,TRUE,SYNTH_ADVERSARY_V1
BEN-009607,Khan Yunis,AID-2026-FS-207,food and agriculture,household,TRUE,SYNTH_ADVERSARY_V1
BEN-017092,Khan Yunis,AID-2026-ED-512,environment,household,TRUE,SYNTH_ADVERSARY_V1
BEN-005129,Khan Yunis,AID-2026-ED-512,housing,group,TRUE,SYNTH_ADVERSARY_V1
BEN-010657,Khan Yunis,AID-2026-WS-618,international development,individual,TRUE,SYNTH_ADVERSARY_V1
BEN-013275,Khan Yunis,AID-2026-DR-114,education,household,TRUE,SYNTH_ADVERSARY_V1
BEN-021190,Khan Yunis,AID-2026-DR-114,environment,individual,TRUE,SYNTH_ADVERSARY_V1
BEN-000759,Khan Yunis,AID-2026-SH-455,medical,group,TRUE,SYNTH_ADVERSARY_V1
BEN-019838,Deir al-Balah,AID-2026-ED-512,environment,individual,TRUE,SYNTH_ADVERSARY_V1
BEN-004779,Deir al-Balah,AID-2026-WS-618,medical,household,TRUE,SYNTH_ADVERSARY_V1
BEN-005856,Deir al-Balah,AID-2026-FS-207,disaster relief,household,TRUE,SYNTH_ADVERSARY_V1
BEN-006665,Deir al-Balah,AID-2026-FS-207,international development,individual,TRUE,SYNTH_ADVERSARY_V1
BEN-005863,Deir al-Balah,AID-2026-HL-330,youth development,household,TRUE,SYNTH_ADVERSARY_V1
BEN-023449,Deir al-Balah,AID-2026-HL-330,education,household,TRUE,SYNTH_ADVERSARY_V1
BEN-024574,Deir al-Balah,AID-2026-DR-114,housing,individual,TRUE,SYNTH_ADVERSARY_V1
BEN-000093,Deir al-Balah,AID-2026-DR-114,human services,individual,TRUE,SYNTH_ADVERSARY_V1
BEN-002018,Balrampur,AID-2026-FS-207,disaster relief,group,TRUE,SYNTH_ADVERSARY_V1
BEN-008018,Balrampur,AID-2026-DR-114,youth development,group,TRUE,SYNTH_ADVERSARY_V1
BEN-010901,Balrampur,AID-2026-FS-207,civil rights,individual,TRUE,SYNTH_ADVERSARY_V1
BEN-015428,Balrampur,AID-2026-HL-330,environment,household,TRUE,SYNTH_ADVERSARY_V1
BEN-013723,Balrampur,AID-2026-SH-455,food and agriculture,group,TRUE,SYNTH_ADVERSARY_V1
BEN-024877,Balrampur,AID-2026-SH-455,civil rights,household,TRUE,SYNTH_ADVERSARY_V1
BEN-022406,Balrampur,AID-2026-ED-512,food and agriculture,household,TRUE,SYNTH_ADVERSARY_V1
BEN-014567,Balrampur,AID-2026-HL-330,civil rights,household,TRUE,SYNTH_ADVERSARY_V1
BEN-010819,Balrampur,AID-2026-WS-618,housing,household,TRUE,SYNTH_ADVERSARY_V1
BEN-003582,Gaza North,AID-2026-FS-207,food and agriculture,individual,TRUE,SYNTH_ADVERSARY_V1
BEN-020575,Gaza North,AID-2026-WS-618,human services,individual,TRUE,SYNTH_ADVERSARY_V1
BEN-019295,Gaza North,AID-2026-DR-114,human services,household,TRUE,SYNTH_ADVERSARY_V1
BEN-003954,Gaza North,AID-2026-HL-330,youth development,household,TRUE,SYNTH_ADVERSARY_V1
BEN-019481,Gaza North,AID-2026-DR-114,human services,household,TRUE,SYNTH_ADVERSARY_V1
BEN-005804,Gaza North,AID-2026-HL-330,education,group,TRUE,SYNTH_ADVERSARY_V1
BEN-013981,Gaza North,AID-2026-ED-512,environment,household,TRUE,SYNTH_ADVERSARY_V1
BEN-024344,Gaza North,AID-2026-ED-512,food and agriculture,household,TRUE,SYNTH_ADVERSARY_V1
BEN-007428,Gaza North,AID-2026-HL-330,education,household,TRUE,SYNTH_ADVERSARY_V1
BEN-020000,Nyala,AID-2026-ED-512,medical,household,TRUE,SYNTH_ADVERSARY_V1
BEN-011534,Nyala,AID-2026-WS-618,medical,household,TRUE,SYNTH_ADVERSARY_V1
BEN-016405,Nyala,AID-2026-DR-114,environment,individual,TRUE,SYNTH_ADVERSARY_V1
BEN-008199,Nyala,AID-2026-DR-114,education,individual,TRUE,SYNTH_ADVERSARY_V1
BEN-025731,Nyala,AID-2026-SH-455,civil rights,household,TRUE,SYNTH_ADVERSARY_V1
BEN-003117,Nyala,AID-2026-SH-455,human services,group,TRUE,SYNTH_ADVERSARY_V1
BEN-011976,Nyala,AID-2026-FS-207,food and agriculture,group,TRUE,SYNTH_ADVERSARY_V1
BEN-005995,Nyala,AID-2026-DR-114,youth development,individual,TRUE,SYNTH_ADVERSARY_V1
BEN-011423,Barabanki,AID-2026-HL-330,civil rights,household,TRUE,SYNTH_ADVERSARY_V1
BEN-006299,Barabanki,AID-2026-ED-512,environment,individual,TRUE,SYNTH_ADVERSARY_V1
BEN-006462,Barabanki,AID-2026-SH-455,medical,individual,TRUE,SYNTH_ADVERSARY_V1
BEN-022539,Barabanki,AID-2026-HL-330,medical,group,TRUE,SYNTH_ADVERSARY_V1
BEN-002443,Maradi,AID-2026-SH-455,medical,household,TRUE,SYNTH_ADVERSARY_V1
BEN-017727,Barabanki,AID-2026-HL-330,medical,individual,TRUE,SYNTH_ADVERSARY_V1
BEN-004817,Barabanki,AID-2026-SH-455,medical,household,TRUE,SYNTH_ADVERSARY_V1
BEN-000213,Barabanki,AID-2026-WS-618,civil rights,individual,TRUE,SYNTH_ADVERSARY_V1
BEN-008160,Barabanki,AID-2026-WS-618,human services,individual,TRUE,SYNTH_ADVERSARY_V1
BEN-016151,Barabanki,AID-2026-ED-512,education,household,TRUE,SYNTH_ADVERSARY_V1
BEN-004577,Barabanki,AID-2026-HL-330,international development,individual,TRUE,SYNTH_ADVERSARY_V1
BEN-024869,Barabanki,AID-2026-FS-207,food and agriculture,household,TRUE,SYNTH_ADVERSARY_V1
BEN-023485,Barabanki,AID-2026-FS-207,environment,individual,TRUE,SYNTH_ADVERSARY_V1
BEN-020447,Khan Yunis,AID-2026-ED-512,international development,individual,TRUE,SYNTH_ADVERSARY_V1
BEN-012079,Khan Yunis,AID-2026-FS-207,disaster relief,household,TRUE,SYNTH_ADVERSARY_V1
BEN-006071,Khan Yunis,AID-2026-DR-114,civil rights,household,TRUE,SYNTH_ADVERSARY_V1
BEN-001184,Khan Yunis,AID-2026-WS-618,food and agriculture,group,TRUE,SYNTH_ADVERSARY_V1
BEN-013569,Khan Yunis,AID-2026-ED-512,disaster relief,household,TRUE,SYNTH_ADVERSARY_V1
BEN-008145,Khan Yunis,AID-2026-DR-114,education,individual,TRUE,SYNTH_ADVERSARY_V1
BEN-001473,Khan Yunis,AID-2026-HL-330,medical,household,TRUE,SYNTH_ADVERSARY_V1
BEN-003189,Khan Yunis,AID-2026-WS-618,human services,household,TRUE,SYNTH_ADVERSARY_V1
BEN-009624,Khan Yunis,AID-2026-WS-618,housing,household,TRUE,SYNTH_ADVERSARY_V1
BEN-004774,Khan Yunis,AID-2026-DR-114,human services,household,TRUE,SYNTH_ADVERSARY_V1
BEN-018467,Khan Yunis,AID-2026-FS-207,housing,individual,TRUE,SYNTH_ADVERSARY_V1
BEN-010714,Khan Yunis,AID-2026-FS-207,environment,individual,TRUE,SYNTH_ADVERSARY_V1
BEN-012785,Khan Yunis,AID-2026-ED-512,disaster relief,individual,TRUE,SYNTH_ADVERSARY_V1
BEN-022628,Sitapur,AID-2026-DR-114,housing,individual,TRUE,SYNTH_ADVERSARY_V1
BEN-006887,Sitapur,AID-2026-DR-114,civil rights,individual,TRUE,SYNTH_ADVERSARY_V1
BEN-010040,Sitapur,AID-2026-ED-512,medical,individual,TRUE,SYNTH_ADVERSARY_V1
BEN-022887,Sitapur,AID-2026-SH-455,medical,group,TRUE,SYNTH_ADVERSARY_V1
BEN-019537,Sitapur,AID-2026-WS-618,youth development,household,TRUE,SYNTH_ADVERSARY_V1
BEN-022486,Sitapur,AID-2026-FS-207,food and agriculture,household,TRUE,SYNTH_ADVERSARY_V1
BEN-007880,Sitapur,AID-2026-DR-114,medical,group,TRUE,SYNTH_ADVERSARY_V1
BEN-015456,Sitapur,AID-2026-FS-207,youth development,household,TRUE,SYNTH_ADVERSARY_V1
BEN-012004,Sitapur,AID-2026-SH-455,environment,individual,TRUE,SYNTH_ADVERSARY_V1
BEN-006161,Sitapur,AID-2026-WS-618,international development,household,TRUE,SYNTH_ADVERSARY_V1
BEN-023192,Sitapur,AID-2026-FS-207,food and agriculture,household,TRUE,SYNTH_ADVERSARY_V1
BEN-021158,Sitapur,AID-2026-WS-618,human services,individual,TRUE,SYNTH_ADVERSARY_V1
BEN-024995,Sitapur,AID-2026-SH-455,disaster relief,household,TRUE,SYNTH_ADVERSARY_V1
BEN-008875,Khan Yunis,AID-2026-DR-114,medical,household,TRUE,SYNTH_ADVERSARY_V1
BEN-012048,Khan Yunis,AID-2026-HL-330,environment,household,TRUE,SYNTH_ADVERSARY_V1
BEN-002839,Khan Yunis,AID-2026-FS-207,human services,individual,TRUE,SYNTH_ADVERSARY_V1
BEN-020657,Khan Yunis,AID-2026-ED-512,environment,household,TRUE,SYNTH_ADVERSARY_V1
BEN-008112,Khan Yunis,AID-2026-SH-455,food and agriculture,household,TRUE,SYNTH_ADVERSARY_V1
BEN-014883,Khan Yunis,AID-2026-ED-512,food and agriculture,group,TRUE,SYNTH_ADVERSARY_V1
BEN-005934,Khan Yunis,AID-2026-WS-618,housing,household,TRUE,SYNTH_ADVERSARY_V1
BEN-011673,Khan Yunis,AID-2026-ED-512,civil rights,individual,TRUE,SYNTH_ADVERSARY_V1
BEN-013788,Wad Madani,AID-2026-HL-330,environment,household,TRUE,SYNTH_ADVERSARY_V1
BEN-022329,Wad Madani,AID-2026-FS-207,medical,individual,TRUE,SYNTH_ADVERSARY_V1
BEN-015779,Wad Madani,AID-2026-WS-618,disaster relief,individual,TRUE,SYNTH_ADVERSARY_V1
BEN-013415,Wad Madani,AID-2026-FS-207,civil rights,household,TRUE,SYNTH_ADVERSARY_V1
BEN-020718,Wad Madani,AID-2026-WS-618,international development,individual,TRUE,SYNTH_ADVERSARY_V1
BEN-017503,Wad Madani,AID-2026-ED-512,medical,group,TRUE,SYNTH_ADVERSARY_V1
BEN-019416,Wad Madani,AID-2026-SH-455,medical,individual,TRUE,SYNTH_ADVERSARY_V1
BEN-011357,Wad Madani,AID-2026-WS-618,medical,household,TRUE,SYNTH_ADVERSARY_V1
BEN-007541,Wad Madani,AID-2026-FS-207,disaster relief,group,TRUE,SYNTH_ADVERSARY_V1
BEN-018724,Wad Madani,AID-2026-HL-330,civil rights,household,TRUE,SYNTH_ADVERSARY_V1
BEN-025254,Wad Madani,AID-2026-HL-330,youth development,household,TRUE,SYNTH_ADVERSARY_V1
BEN-007247,Diffa,AID-2026-ED-512,education,household,TRUE,SYNTH_ADVERSARY_V1
BEN-009322,Diffa,AID-2026-HL-330,human services,household,TRUE,SYNTH_ADVERSARY_V1
BEN-005322,Diffa,AID-2026-FS-207,medical,individual,TRUE,SYNTH_ADVERSARY_V1
BEN-021438,Diffa,AID-2026-HL-330,civil rights,individual,TRUE,SYNTH_ADVERSARY_V1
BEN-021604,Diffa,AID-2026-WS-618,medical,group,TRUE,SYNTH_ADVERSARY_V1
BEN-023098,Diffa,AID-2026-FS-207,food and agriculture,household,TRUE,SYNTH_ADVERSARY_V1
BEN-017922,Diffa,AID-2026-DR-114,education,household,TRUE,SYNTH_ADVERSARY_V1
BEN-011634,Diffa,AID-2026-HL-330,education,group,TRUE,SYNTH_ADVERSARY_V1
BEN-006096,Diffa,AID-2026-ED-512,environment,household,TRUE,SYNTH_ADVERSARY_V1
BEN-005560,Diffa,AID-2026-ED-512,international development,household,TRUE,SYNTH_ADVERSARY_V1
BEN-016487,Diffa,AID-2026-ED-512,youth development,household,TRUE,SYNTH_ADVERSARY_V1
BEN-017034,Diffa,AID-2026-FS-207,food and agriculture,group,TRUE,SYNTH_ADVERSARY_V1
BEN-006890,Diffa,AID-2026-ED-512,medical,household,TRUE,SYNTH_ADVERSARY_V1
BEN-002265,Barabanki,AID-2026-ED-512,food and agriculture,individual,TRUE,SYNTH_ADVERSARY_V1
BEN-023481,Barabanki,AID-2026-ED-512,medical,individual,TRUE,SYNTH_ADVERSARY_V1
BEN-021391,Barabanki,AID-2026-FS-207,civil rights,household,TRUE,SYNTH_ADVERSARY_V1
BEN-015751,Barabanki,AID-2026-DR-114,human services,household,TRUE,SYNTH_ADVERSARY_V1
BEN-021398,Barabanki,AID-2026-FS-207,disaster relief,household,TRUE,SYNTH_ADVERSARY_V1
BEN-005660,Barabanki,AID-2026-WS-618,food and agriculture,household,TRUE,SYNTH_ADVERSARY_V1
BEN-023923,Barabanki,AID-2026-ED-512,education,household,TRUE,SYNTH_ADVERSARY_V1
BEN-012650,Barabanki,AID-2026-FS-207,education,household,TRUE,SYNTH_ADVERSARY_V1
BEN-017499,Barabanki,AID-2026-HL-330,civil rights,household,TRUE,SYNTH_ADVERSARY_V1
BEN-012050,Barabanki,AID-2026-FS-207,youth development,household,TRUE,SYNTH_ADVERSARY_V1
BEN-020324,Barabanki,AID-2026-DR-114,environment,household,TRUE,SYNTH_ADVERSARY_V1
BEN-013425,Barabanki,AID-2026-HL-330,food and agriculture,individual,TRUE,SYNTH_ADVERSARY_V1
BEN-022651,Balrampur,AID-2026-HL-330,education,group,TRUE,SYNTH_ADVERSARY_V1
BEN-019860,Balrampur,AID-2026-WS-618,civil rights,household,TRUE,SYNTH_ADVERSARY_V1
BEN-024735,Balrampur,AID-2026-SH-455,youth development,household,TRUE,SYNTH_ADVERSARY_V1
BEN-010133,Balrampur,AID-2026-SH-455,environment,household,TRUE,SYNTH_ADVERSARY_V1
BEN-022969,Balrampur,AID-2026-FS-207,environment,household,TRUE,SYNTH_ADVERSARY_V1
BEN-016532,Balrampur,AID-2026-ED-512,human services,household,TRUE,SYNTH_ADVERSARY_V1
BEN-004812,Balrampur,AID-2026-WS-618,human services,household,TRUE,SYNTH_ADVERSARY_V1
BEN-015898,Maradi,AID-2026-HL-330,medical,group,TRUE,SYNTH_ADVERSARY_V1
BEN-006437,Maradi,AID-2026-SH-455,civil rights,individual,TRUE,SYNTH_ADVERSARY_V1
BEN-012945,Maradi,AID-2026-DR-114,food and agriculture,household,TRUE,SYNTH_ADVERSARY_V1
BEN-002434,Maradi,AID-2026-HL-330,medical,household,TRUE,SYNTH_ADVERSARY_V1
BEN-004688,Maradi,AID-2026-WS-618,food and agriculture,individual,TRUE,SYNTH_ADVERSARY_V1
BEN-011488,Maradi,AID-2026-WS-618,youth development,individual,TRUE,SYNTH_ADVERSARY_V1
BEN-006874,Maradi,AID-2026-WS-618,youth development,group,TRUE,SYNTH_ADVERSARY_V1
BEN-004684,Maradi,AID-2026-FS-207,environment,group,TRUE,SYNTH_ADVERSARY_V1
BEN-001443,Maradi,AID-2026-DR-114,education,individual,TRUE,SYNTH_ADVERSARY_V1
BEN-017411,Gaza North,AID-2026-WS-618,education,individual,TRUE,SYNTH_ADVERSARY_V1
BEN-019873,Gaza North,AID-2026-DR-114,human services,individual,TRUE,SYNTH_ADVERSARY_V1
BEN-021330,Gaza North,AID-2026-WS-618,international development,group,TRUE,SYNTH_ADVERSARY_V1
BEN-009853,Gaza North,AID-2026-FS-207,medical,household,TRUE,SYNTH_ADVERSARY_V1
BEN-010880,Gaza North,AID-2026-SH-455,food and agriculture,household,TRUE,SYNTH_ADVERSARY_V1
BEN-014294,Gaza North,AID-2026-ED-512,civil rights,household,TRUE,SYNTH_ADVERSARY_V1
BEN-012362,Gaza North,AID-2026-FS-207,food and agriculture,household,TRUE,SYNTH_ADVERSARY_V1
BEN-022944,Gaza North,AID-2026-ED-512,youth development,group,TRUE,SYNTH_ADVERSARY_V1
BEN-001956,Gaza North,AID-2026-HL-330,youth development,household,TRUE,SYNTH_ADVERSARY_V1
BEN-025415,Gaza North,AID-2026-ED-512,environment,group,TRUE,SYNTH_ADVERSARY_V1
BEN-002579,Gaza North,AID-2026-DR-114,human services,group,TRUE,SYNTH_ADVERSARY_V1
BEN-001794,Maradi,AID-2026-DR-114,medical,household,TRUE,SYNTH_ADVERSARY_V1
BEN-006807,Maradi,AID-2026-DR-114,education,individual,TRUE,SYNTH_ADVERSARY_V1
BEN-016246,Maradi,AID-2026-HL-330,housing,group,TRUE,SYNTH_ADVERSARY_V1
BEN-020345,Maradi,AID-2026-HL-330,environment,household,TRUE,SYNTH_ADVERSARY_V1
BEN-012670,Maradi,AID-2026-DR-114,food and agriculture,group,TRUE,SYNTH_ADVERSARY_V1
BEN-003763,Maradi,AID-2026-HL-330,housing,household,TRUE,SYNTH_ADVERSARY_V1
BEN-013501,Maradi,AID-2026-DR-114,international development,household,TRUE,SYNTH_ADVERSARY_V1
BEN-024749,Maradi,AID-2026-ED-512,housing,individual,TRUE,SYNTH_ADVERSARY_V1
BEN-018934,Maradi,AID-2026-DR-114,civil rights,individual,TRUE,SYNTH_ADVERSARY_V1
BEN-005174,Maradi,AID-2026-SH-455,civil rights,group,TRUE,SYNTH_ADVERSARY_V1
BEN-024072,Maradi,AID-2026-HL-330,medical,individual,TRUE,SYNTH_ADVERSARY_V1
BEN-000502,Maradi,AID-2026-FS-207,civil rights,household,TRUE,SYNTH_ADVERSARY_V1
BEN-000157,Maradi,AID-2026-SH-455,youth development,group,TRUE,SYNTH_ADVERSARY_V1
BEN-023810,Maradi,AID-2026-HL-330,education,individual,TRUE,SYNTH_ADVERSARY_V1
BEN-016406,Maradi,AID-2026-ED-512,civil rights,individual,TRUE,SYNTH_ADVERSARY_V1
BEN-011543,Maradi,AID-2026-ED-512,environment,individual,TRUE,SYNTH_ADVERSARY_V1
BEN-008814,Maradi,AID-2026-SH-455,environment,household,TRUE,SYNTH_ADVERSARY_V1
BEN-025786,Maradi,AID-2026-HL-330,civil rights,group,TRUE,SYNTH_ADVERSARY_V1
BEN-012346,Maradi,AID-2026-DR-114,housing,individual,TRUE,SYNTH_ADVERSARY_V1
BEN-017766,Maradi,AID-2026-SH-455,human services,individual,TRUE,SYNTH_ADVERSARY_V1
BEN-000841,Maradi,AID-2026-FS-207,housing,household,TRUE,SYNTH_ADVERSARY_V1
BEN-011661,Maradi,AID-2026-WS-618,food and agriculture,individual,TRUE,SYNTH_ADVERSARY_V1
BEN-025851,Maradi,AID-2026-FS-207,civil rights,individual,TRUE,SYNTH_ADVERSARY_V1
BEN-024299,Maradi,AID-2026-WS-618,medical,group,TRUE,SYNTH_ADVERSARY_V1
BEN-020682,Kutupalong,AID-2026-DR-114,food and agriculture,group,TRUE,SYNTH_ADVERSARY_V1
BEN-005682,Kutupalong,AID-2026-DR-114,youth development,household,TRUE,SYNTH_ADVERSARY_V1
BEN-024291,Kutupalong,AID-2026-FS-207,housing,household,TRUE,SYNTH_ADVERSARY_V1
BEN-020995,Kutupalong,AID-2026-ED-512,youth development,household,TRUE,SYNTH_ADVERSARY_V1
BEN-011941,Kutupalong,AID-2026-DR-114,education,individual,TRUE,SYNTH_ADVERSARY_V1
BEN-016785,Kutupalong,AID-2026-ED-512,international development,group,TRUE,SYNTH_ADVERSARY_V1
BEN-021083,El Obeid,AID-2026-ED-512,food and agriculture,individual,TRUE,SYNTH_ADVERSARY_V1
BEN-012158,Kutupalong,AID-2026-WS-618,youth development,household,TRUE,SYNTH_ADVERSARY_V1
BEN-022133,Kutupalong,AID-2026-WS-618,international development,individual,TRUE,SYNTH_ADVERSARY_V1
BEN-023453,Khan Yunis,AID-2026-FS-207,medical,household,TRUE,SYNTH_ADVERSARY_V1
BEN-021122,Khan Yunis,AID-2026-DR-114,disaster relief,individual,TRUE,SYNTH_ADVERSARY_V1
BEN-017046,Khan Yunis,AID-2026-ED-512,housing,household,TRUE,SYNTH_ADVERSARY_V1
BEN-008416,Khan Yunis,AID-2026-SH-455,food and agriculture,household,TRUE,SYNTH_ADVERSARY_V1
BEN-009248,Khan Yunis,AID-2026-SH-455,disaster relief,individual,TRUE,SYNTH_ADVERSARY_V1
BEN-024887,Khan Yunis,AID-2026-SH-455,environment,individual,TRUE,SYNTH_ADVERSARY_V1
BEN-002394,Khan Yunis,AID-2026-ED-512,medical,household,TRUE,SYNTH_ADVERSARY_V1
BEN-005436,Khan Yunis,AID-2026-FS-207,disaster relief,household,TRUE,SYNTH_ADVERSARY_V1
BEN-011471,El Obeid,AID-2026-SH-455,international development,household,TRUE,SYNTH_ADVERSARY_V1
BEN-007926,El Obeid,AID-2026-HL-330,medical,household,TRUE,SYNTH_ADVERSARY_V1
BEN-024373,El Obeid,AID-2026-WS-618,human services,individual,TRUE,SYNTH_ADVERSARY_V1
BEN-002310,El Obeid,AID-2026-SH-455,international development,household,TRUE,SYNTH_ADVERSARY_V1
BEN-017863,El Obeid,AID-2026-FS-207,youth development,household,TRUE,SYNTH_ADVERSARY_V1
BEN-023563,El Obeid,AID-2026-HL-330,medical,individual,TRUE,SYNTH_ADVERSARY_V1
BEN-000944,El Obeid,AID-2026-FS-207,education,household,TRUE,SYNTH_ADVERSARY_V1
BEN-021686,El Obeid,AID-2026-WS-618,environment,individual,TRUE,SYNTH_ADVERSARY_V1
BEN-001214,El Obeid,AID-2026-FS-207,food and agriculture,household,TRUE,SYNTH_ADVERSARY_V1
BEN-021114,El Obeid,AID-2026-SH-455,medical,group,TRUE,SYNTH_ADVERSARY_V1
BEN-021220,El Obeid,AID-2026-FS-207,youth development,household,TRUE,SYNTH_ADVERSARY_V1
BEN-008272,El Obeid,AID-2026-FS-207,medical,group,TRUE,SYNTH_ADVERSARY_V1
BEN-005629,El Obeid,AID-2026-DR-114,civil rights,household,TRUE,SYNTH_ADVERSARY_V1
BEN-011826,El Obeid,AID-2026-WS-618,disaster relief,group,TRUE,SYNTH_ADVERSARY_V1
BEN-005440,El Obeid,AID-2026-WS-618,international development,household,TRUE,SYNTH_ADVERSARY_V1
BEN-002529,El Obeid,AID-2026-HL-330,environment,group,TRUE,SYNTH_ADVERSARY_V1
BEN-018801,El Obeid,AID-2026-WS-618,medical,group,TRUE,SYNTH_ADVERSARY_V1
BEN-000490,El Obeid,AID-2026-HL-330,education,household,TRUE,SYNTH_ADVERSARY_V1
BEN-002983,El Obeid,AID-2026-FS-207,environment,group,TRUE,SYNTH_ADVERSARY_V1
BEN-024543,El Obeid,AID-2026-SH-455,international development,household,TRUE,SYNTH_ADVERSARY_V1
BEN-019654,El Obeid,AID-2026-FS-207,international development,group,TRUE,SYNTH_ADVERSARY_V1
BEN-024321,El Obeid,AID-2026-ED-512,housing,household,TRUE,SYNTH_ADVERSARY_V1
BEN-009992,El Obeid,AID-2026-FS-207,housing,household,TRUE,SYNTH_ADVERSARY_V1
BEN-012652,El Obeid,AID-2026-DR-114,civil rights,group,TRUE,SYNTH_ADVERSARY_V1
BEN-025144,El Obeid,AID-2026-HL-330,human services,household,TRUE,SYNTH_ADVERSARY_V1
BEN-017828,El Obeid,AID-2026-FS-207,housing,household,TRUE,SYNTH_ADVERSARY_V1
BEN-011158,Maradi,AID-2026-SH-455,disaster relief,household,TRUE,SYNTH_ADVERSARY_V1
BEN-002382,Maradi,AID-2026-ED-512,environment,individual,TRUE,SYNTH_ADVERSARY_V1
BEN-021603,Maradi,AID-2026-FS-207,youth development,individual,TRUE,SYNTH_ADVERSARY_V1
BEN-014682,Maradi,AID-2026-ED-512,medical,household,TRUE,SYNTH_ADVERSARY_V1
BEN-024200,Maradi,AID-2026-WS-618,youth development,individual,TRUE,SYNTH_ADVERSARY_V1
BEN-007432,Maradi,AID-2026-FS-207,food and agriculture,household,TRUE,SYNTH_ADVERSARY_V1
BEN-025297,Maradi,AID-2026-FS-207,disaster relief,household,TRUE,SYNTH_ADVERSARY_V1
BEN-011198,Maradi,AID-2026-DR-114,housing,individual,TRUE,SYNTH_ADVERSARY_V1
BEN-016520,Maradi,AID-2026-WS-618,education,household,TRUE,SYNTH_ADVERSARY_V1
BEN-003803,Maradi,AID-2026-ED-512,food and agriculture,group,TRUE,SYNTH_ADVERSARY_V1
BEN-009339,Maradi,AID-2026-DR-114,human services,household,TRUE,SYNTH_ADVERSARY_V1
BEN-001688,Maradi,AID-2026-HL-330,environment,individual,TRUE,SYNTH_ADVERSARY_V1
BEN-003241,Balrampur,AID-2026-FS-207,human services,household,TRUE,SYNTH_ADVERSARY_V1
BEN-018526,Balrampur,AID-2026-WS-618,youth development,individual,TRUE,SYNTH_ADVERSARY_V1
BEN-020894,Balrampur,AID-2026-HL-330,housing,group,TRUE,SYNTH_ADVERSARY_V1
BEN-023390,Balrampur,AID-2026-ED-512,civil rights,group,TRUE,SYNTH_ADVERSARY_V1
BEN-008726,Balrampur,AID-2026-FS-207,housing,household,TRUE,SYNTH_ADVERSARY_V1
BEN-006214,Balrampur,AID-2026-ED-512,environment,group,TRUE,SYNTH_ADVERSARY_V1
BEN-014772,Balrampur,AID-2026-SH-455,civil rights,household,TRUE,SYNTH_ADVERSARY_V1
BEN-010582,Balrampur,AID-2026-FS-207,human services,individual,TRUE,SYNTH_ADVERSARY_V1
BEN-011451,Balrampur,AID-2026-FS-207,youth development,household,TRUE,SYNTH_ADVERSARY_V1
BEN-002997,Balrampur,AID-2026-SH-455,education,household,TRUE,SYNTH_ADVERSARY_V1
BEN-019297,Balrampur,AID-2026-SH-455,human services,household,TRUE,SYNTH_ADVERSARY_V1
BEN-008989,Balrampur,AID-2026-SH-455,human services,individual,TRUE,SYNTH_ADVERSARY_V1
BEN-007121,Balrampur,AID-2026-FS-207,food and agriculture,group,TRUE,SYNTH_ADVERSARY_V1
BEN-003474,Deir al-Balah,AID-2026-SH-455,human services,individual,TRUE,SYNTH_ADVERSARY_V1
BEN-019588,Deir al-Balah,AID-2026-ED-512,human services,household,TRUE,SYNTH_ADVERSARY_V1
BEN-015986,Deir al-Balah,AID-2026-ED-512,international development,individual,TRUE,SYNTH_ADVERSARY_V1
BEN-018588,Deir al-Balah,AID-2026-SH-455,international development,individual,TRUE,SYNTH_ADVERSARY_V1
BEN-001069,Deir al-Balah,AID-2026-HL-330,environment,household,TRUE,SYNTH_ADVERSARY_V1
BEN-013049,Deir al-Balah,AID-2026-FS-207,environment,household,TRUE,SYNTH_ADVERSARY_V1
BEN-010616,Deir al-Balah,AID-2026-HL-330,civil rights,household,TRUE,SYNTH_ADVERSARY_V1
BEN-003789,Deir al-Balah,AID-2026-SH-455,disaster relief,household,TRUE,SYNTH_ADVERSARY_V1
BEN-009521,Deir al-Balah,AID-2026-HL-330,youth development,individual,TRUE,SYNTH_ADVERSARY_V1
BEN-013749,Deir al-Balah,AID-2026-DR-114,education,household,TRUE,SYNTH_ADVERSARY_V1
BEN-002919,Deir al-Balah,AID-2026-SH-455,international development,household,TRUE,SYNTH_ADVERSARY_V1
BEN-021873,Nyala,AID-2026-ED-512,education,individual,TRUE,SYNTH_ADVERSARY_V1
BEN-015871,Nyala,AID-2026-WS-618,medical,household,TRUE,SYNTH_ADVERSARY_V1
BEN-007594,Nyala,AID-2026-SH-455,education,household,TRUE,SYNTH_ADVERSARY_V1
BEN-003275,Nyala,AID-2026-WS-618,medical,individual,TRUE,SYNTH_ADVERSARY_V1
BEN-003600,Barabanki,AID-2026-ED-512,food and agriculture,household,TRUE,SYNTH_ADVERSARY_V1
BEN-016404,Nyala,AID-2026-FS-207,environment,individual,TRUE,SYNTH_ADVERSARY_V1
BEN-004874,Nyala,AID-2026-HL-330,disaster relief,household,TRUE,SYNTH_ADVERSARY_V1
BEN-001586,Nyala,AID-2026-ED-512,youth development,household,TRUE,SYNTH_ADVERSARY_V1
BEN-007771,Nyala,AID-2026-SH-455,human services,individual,TRUE,SYNTH_ADVERSARY_V1
BEN-016770,Nyala,AID-2026-FS-207,human services,individual,TRUE,SYNTH_ADVERSARY_V1
BEN-021370,Nyala,AID-2026-FS-207,environment,household,TRUE,SYNTH_ADVERSARY_V1
BEN-004474,Nyala,AID-2026-FS-207,civil rights,household,TRUE,SYNTH_ADVERSARY_V1
BEN-010653,Nyala,AID-2026-WS-618,housing,group,TRUE,SYNTH_ADVERSARY_V1
BEN-018393,Chitrakoot,AID-2026-WS-618,civil rights,household,TRUE,SYNTH_ADVERSARY_V1
BEN-018877,Chitrakoot,AID-2026-SH-455,civil rights,individual,TRUE,SYNTH_ADVERSARY_V1
BEN-008896,Chitrakoot,AID-2026-FS-207,human services,individual,TRUE,SYNTH_ADVERSARY_V1
BEN-000225,Chitrakoot,AID-2026-SH-455,housing,household,TRUE,SYNTH_ADVERSARY_V1
BEN-017322,Chitrakoot,AID-2026-ED-512,disaster relief,household,TRUE,SYNTH_ADVERSARY_V1
BEN-005508,Chitrakoot,AID-2026-DR-114,disaster relief,household,TRUE,SYNTH_ADVERSARY_V1
BEN-004578,Chitrakoot,AID-2026-FS-207,human services,household,TRUE,SYNTH_ADVERSARY_V1
BEN-005892,Chitrakoot,AID-2026-ED-512,international development,group,TRUE,SYNTH_ADVERSARY_V1
BEN-015899,Chitrakoot,AID-2026-DR-114,youth development,household,TRUE,SYNTH_ADVERSARY_V1
BEN-004895,Chitrakoot,AID-2026-WS-618,food and agriculture,household,TRUE,SYNTH_ADVERSARY_V1
BEN-015484,Chitrakoot,AID-2026-FS-207,youth development,individual,TRUE,SYNTH_ADVERSARY_V1
BEN-025938,Chitrakoot,AID-2026-SH-455,youth development,household,TRUE,SYNTH_ADVERSARY_V1
BEN-016996,Balrampur,AID-2026-ED-512,disaster relief,household,TRUE,SYNTH_ADVERSARY_V1
BEN-007835,Balrampur,AID-2026-WS-618,food and agriculture,household,TRUE,SYNTH_ADVERSARY_V1
BEN-014669,Balrampur,AID-2026-SH-455,youth development,group,TRUE,SYNTH_ADVERSARY_V1
BEN-023706,Balrampur,AID-2026-FS-207,international development,household,TRUE,SYNTH_ADVERSARY_V1
BEN-011341,Balrampur,AID-2026-ED-512,civil rights,household,TRUE,SYNTH_ADVERSARY_V1
BEN-004697,Balrampur,AID-2026-ED-512,civil rights,household,TRUE,SYNTH_ADVERSARY_V1
BEN-009502,Balrampur,AID-2026-SH-455,housing,individual,TRUE,SYNTH_ADVERSARY_V1
BEN-023700,Balrampur,AID-2026-WS-618,environment,household,TRUE,SYNTH_ADVERSARY_V1
BEN-008846,Balrampur,AID-2026-HL-330,disaster relief,individual,TRUE,SYNTH_ADVERSARY_V1
BEN-009619,Balrampur,AID-2026-HL-330,housing,household,TRUE,SYNTH_ADVERSARY_V1
BEN-021627,Balrampur,AID-2026-ED-512,disaster relief,individual,TRUE,SYNTH_ADVERSARY_V1
BEN-003879,Balrampur,AID-2026-SH-455,civil rights,household,TRUE,SYNTH_ADVERSARY_V1
BEN-001335,Balrampur,AID-2026-ED-512,education,individual,TRUE,SYNTH_ADVERSARY_V1
BEN-022947,Balrampur,AID-2026-DR-114,disaster relief,individual,TRUE,SYNTH_ADVERSARY_V1
BEN-008628,Balrampur,AID-2026-ED-512,environment,group,TRUE,SYNTH_ADVERSARY_V1
BEN-004226,Balrampur,AID-2026-WS-618,youth development,individual,TRUE,SYNTH_ADVERSARY_V1
BEN-009213,Balrampur,AID-2026-ED-512,medical,household,TRUE,SYNTH_ADVERSARY_V1
BEN-020739,Balrampur,AID-2026-SH-455,civil rights,household,TRUE,SYNTH_ADVERSARY_V1
BEN-011810,Balrampur,AID-2026-DR-114,education,household,TRUE,SYNTH_ADVERSARY_V1
BEN-023014,Balrampur,AID-2026-DR-114,international development,household,TRUE,SYNTH_ADVERSARY_V1
BEN-016362,Balrampur,AID-2026-WS-618,disaster relief,household,TRUE,SYNTH_ADVERSARY_V1
BEN-022770,Balrampur,AID-2026-SH-455,education,household,TRUE,SYNTH_ADVERSARY_V1
BEN-008671,Balrampur,AID-2026-HL-330,medical,household,TRUE,SYNTH_ADVERSARY_V1
BEN-007546,Balrampur,AID-2026-DR-114,education,household,TRUE,SYNTH_ADVERSARY_V1
BEN-015969,Balrampur,AID-2026-DR-114,education,individual,TRUE,SYNTH_ADVERSARY_V1
BEN-021601,Balrampur,AID-2026-SH-455,medical,household,TRUE,SYNTH_ADVERSARY_V1
BEN-016058,Balrampur,AID-2026-HL-330,human services,household,TRUE,SYNTH_ADVERSARY_V1
BEN-021942,Balrampur,AID-2026-HL-330,housing,individual,TRUE,SYNTH_ADVERSARY_V1
BEN-002289,Balrampur,AID-2026-FS-207,food and agriculture,individual,TRUE,SYNTH_ADVERSARY_V1
BEN-009832,Balrampur,AID-2026-DR-114,food and agriculture,household,TRUE,SYNTH_ADVERSARY_V1
BEN-025436,Balrampur,AID-2026-ED-512,international development,household,TRUE,SYNTH_ADVERSARY_V1
BEN-016439,Balrampur,AID-2026-FS-207,international development,household,TRUE,SYNTH_ADVERSARY_V1
BEN-007567,Balrampur,AID-2026-HL-330,international development,household,TRUE,SYNTH_ADVERSARY_V1
BEN-002970,Balrampur,AID-2026-WS-618,education,group,TRUE,SYNTH_ADVERSARY_V1
BEN-007049,Balrampur,AID-2026-DR-114,medical,individual,TRUE,SYNTH_ADVERSARY_V1
BEN-016666,Balrampur,AID-2026-ED-512,youth development,household,TRUE,SYNTH_ADVERSARY_V1
BEN-022741,Nyala,AID-2026-HL-330,disaster relief,household,TRUE,SYNTH_ADVERSARY_V1
BEN-019590,Nyala,AID-2026-WS-618,human services,household,TRUE,SYNTH_ADVERSARY_V1
BEN-018384,Nyala,AID-2026-DR-114,housing,household,TRUE,SYNTH_ADVERSARY_V1
BEN-019100,Nyala,AID-2026-SH-455,housing,household,TRUE,SYNTH_ADVERSARY_V1
BEN-006851,Nyala,AID-2026-DR-114,food and agriculture,individual,TRUE,SYNTH_ADVERSARY_V1
BEN-013191,Nyala,AID-2026-HL-330,education,household,TRUE,SYNTH_ADVERSARY_V1
BEN-023233,Nyala,AID-2026-DR-114,education,household,TRUE,SYNTH_ADVERSARY_V1
BEN-013077,Nyala,AID-2026-WS-618,education,household,TRUE,SYNTH_ADVERSARY_V1
BEN-009471,Nyala,AID-2026-FS-207,youth development,household,TRUE,SYNTH_ADVERSARY_V1
BEN-022568,Kutupalong,AID-2026-WS-618,youth development,household,TRUE,SYNTH_ADVERSARY_V1
BEN-019682,Kutupalong,AID-2026-FS-207,civil rights,individual,TRUE,SYNTH_ADVERSARY_V1
BEN-019180,Kutupalong,AID-2026-FS-207,medical,individual,TRUE,SYNTH_ADVERSARY_V1
BEN-012039,Kutupalong,AID-2026-HL-330,food and agriculture,household,TRUE,SYNTH_ADVERSARY_V1
BEN-022057,Kutupalong,AID-2026-HL-330,disaster relief,household,TRUE,SYNTH_ADVERSARY_V1
BEN-016727,Kutupalong,AID-2026-FS-207,civil rights,household,TRUE,SYNTH_ADVERSARY_V1
BEN-006795,Kutupalong,AID-2026-ED-512,food and agriculture,household,TRUE,SYNTH_ADVERSARY_V1
BEN-007848,Kutupalong,AID-2026-ED-512,environment,group,TRUE,SYNTH_ADVERSARY_V1
BEN-014492,Kutupalong,AID-2026-HL-330,education,household,TRUE,SYNTH_ADVERSARY_V1
BEN-003296,Maradi,AID-2026-SH-455,housing,household,TRUE,SYNTH_ADVERSARY_V1
BEN-006283,Maradi,AID-2026-ED-512,housing,household,TRUE,SYNTH_ADVERSARY_V1
BEN-003559,Maradi,AID-2026-DR-114,human services,individual,TRUE,SYNTH_ADVERSARY_V1
BEN-018179,Maradi,AID-2026-SH-455,housing,household,TRUE,SYNTH_ADVERSARY_V1
BEN-024623,Maradi,AID-2026-WS-618,youth development,individual,TRUE,SYNTH_ADVERSARY_V1
BEN-024539,Maradi,AID-2026-DR-114,disaster relief,household,TRUE,SYNTH_ADVERSARY_V1
BEN-000870,Maradi,AID-2026-FS-207,civil rights,household,TRUE,SYNTH_ADVERSARY_V1
BEN-010815,Maradi,AID-2026-DR-114,environment,household,TRUE,SYNTH_ADVERSARY_V1
BEN-013947,Khan Yunis,AID-2026-SH-455,food and agriculture,individual,TRUE,SYNTH_ADVERSARY_V1
BEN-011681,Khan Yunis,AID-2026-WS-618,environment,individual,TRUE,SYNTH_ADVERSARY_V1
BEN-007781,Khan Yunis,AID-2026-WS-618,human services,household,TRUE,SYNTH_ADVERSARY_V1
BEN-005171,Khan Yunis,AID-2026-ED-512,housing,group,TRUE,SYNTH_ADVERSARY_V1
BEN-016517,Khan Yunis,AID-2026-HL-330,disaster relief,household,TRUE,SYNTH_ADVERSARY_V1
BEN-008910,Khan Yunis,AID-2026-SH-455,disaster relief,individual,TRUE,SYNTH_ADVERSARY_V1
BEN-008747,Khan Yunis,AID-2026-ED-512,environment,group,TRUE,SYNTH_ADVERSARY_V1
BEN-021842,Khan Yunis,AID-2026-FS-207,environment,household,TRUE,SYNTH_ADVERSARY_V1
BEN-010362,Khan Yunis,AID-2026-WS-618,youth development,household,TRUE,SYNTH_ADVERSARY_V1
BEN-012234,Khan Yunis,AID-2026-ED-512,food and agriculture,group,TRUE,SYNTH_ADVERSARY_V1
BEN-001429,Khan Yunis,AID-2026-DR-114,human services,household,TRUE,SYNTH_ADVERSARY_V1
BEN-022443,Khan Yunis,AID-2026-WS-618,international development,group,TRUE,SYNTH_ADVERSARY_V1
BEN-000455,Wad Madani,AID-2026-ED-512,education,household,TRUE,SYNTH_ADVERSARY_V1
BEN-024698,Wad Madani,AID-2026-SH-455,housing,household,TRUE,SYNTH_ADVERSARY_V1
BEN-015733,Wad Madani,AID-2026-WS-618,international development,group,TRUE,SYNTH_ADVERSARY_V1
BEN-020441,Wad Madani,AID-2026-ED-512,international development,individual,TRUE,SYNTH_ADVERSARY_V1
BEN-013875,Wad Madani,AID-2026-FS-207,food and agriculture,household,TRUE,SYNTH_ADVERSARY_V1
BEN-011555,Wad Madani,AID-2026-FS-207,food and agriculture,household,TRUE,SYNTH_ADVERSARY_V1
BEN-016987,Wad Madani,AID-2026-SH-455,housing,group,TRUE,SYNTH_ADVERSARY_V1
BEN-016466,Wad Madani,AID-2026-HL-330,international development,individual,TRUE,SYNTH_ADVERSARY_V1
BEN-013344,Wad Madani,AID-2026-WS-618,education,household,TRUE,SYNTH_ADVERSARY_V1
BEN-012022,Wad Madani,AID-2026-DR-114,environment,household,TRUE,SYNTH_ADVERSARY_V1
BEN-020577,Gaza North,AID-2026-FS-207,education,household,TRUE,SYNTH_ADVERSARY_V1
BEN-022069,Gaza North,AID-2026-DR-114,food and agriculture,household,TRUE,SYNTH_ADVERSARY_V1
BEN-006396,Gaza North,AID-2026-ED-512,medical,individual,TRUE,SYNTH_ADVERSARY_V1
BEN-024491,Gaza North,AID-2026-FS-207,human services,individual,TRUE,SYNTH_ADVERSARY_V1
BEN-025738,Gaza North,AID-2026-ED-512,education,household,TRUE,SYNTH_ADVERSARY_V1
BEN-018100,Sitapur,AID-2026-WS-618,international development,household,TRUE,SYNTH_ADVERSARY_V1
BEN-008309,Sitapur,AID-2026-FS-207,medical,individual,TRUE,SYNTH_ADVERSARY_V1
BEN-012341,Sitapur,AID-2026-FS-207,education,household,TRUE,SYNTH_ADVERSARY_V1
BEN-008735,Sitapur,AID-2026-WS-618,civil rights,group,TRUE,SYNTH_ADVERSARY_V1
BEN-019164,Sitapur,AID-2026-DR-114,human services,household,TRUE,SYNTH_ADVERSARY_V1
BEN-005002,Sitapur,AID-2026-HL-330,civil rights,household,TRUE,SYNTH_ADVERSARY_V1
BEN-011803,Sitapur,AID-2026-WS-618,food and agriculture,household,TRUE,SYNTH_ADVERSARY_V1
BEN-020747,Sitapur,AID-2026-ED-512,international development,group,TRUE,SYNTH_ADVERSARY_V1
BEN-017203,Sitapur,AID-2026-SH-455,environment,household,TRUE,SYNTH_ADVERSARY_V1
BEN-021541,Kutupalong,AID-2026-ED-512,environment,group,TRUE,SYNTH_ADVERSARY_V1
BEN-001548,Kutupalong,AID-2026-WS-618,youth development,individual,TRUE,SYNTH_ADVERSARY_V1
BEN-022529,Kutupalong,AID-2026-SH-455,education,household,TRUE,SYNTH_ADVERSARY_V1
BEN-007574,Kutupalong,AID-2026-SH-455,medical,individual,TRUE,SYNTH_ADVERSARY_V1
BEN-018239,Kutupalong,AID-2026-DR-114,civil rights,household,TRUE,SYNTH_ADVERSARY_V1
BEN-002383,Kutupalong,AID-2026-ED-512,medical,group,TRUE,SYNTH_ADVERSARY_V1
BEN-013172,Kutupalong,AID-2026-SH-455,civil rights,household,TRUE,SYNTH_ADVERSARY_V1
BEN-008540,Kutupalong,AID-2026-WS-618,education,household,TRUE,SYNTH_ADVERSARY_V1
BEN-006517,Kutupalong,AID-2026-DR-114,disaster relief,group,TRUE,SYNTH_ADVERSARY_V1
BEN-016771,Kutupalong,AID-2026-HL-330,international development,household,TRUE,SYNTH_ADVERSARY_V1
BEN-015193,Kutupalong,AID-2026-ED-512,international development,group,TRUE,SYNTH_ADVERSARY_V1
BEN-023110,Chitrakoot,AID-2026-HL-330,disaster relief,group,TRUE,SYNTH_ADVERSARY_V1
BEN-022897,Chitrakoot,AID-2026-SH-455,environment,individual,TRUE,SYNTH_ADVERSARY_V1
BEN-015460,Chitrakoot,AID-2026-SH-455,environment,individual,TRUE,SYNTH_ADVERSARY_V1
BEN-024392,Chitrakoot,AID-2026-HL-330,food and agriculture,group,TRUE,SYNTH_ADVERSARY_V1
BEN-016632,Chitrakoot,AID-2026-WS-618,food and agriculture,household,TRUE,SYNTH_ADVERSARY_V1
BEN-014591,Chitrakoot,AID-2026-HL-330,education,household,TRUE,SYNTH_ADVERSARY_V1
BEN-001028,Chitrakoot,AID-2026-ED-512,environment,household,TRUE,SYNTH_ADVERSARY_V1
BEN-004216,Chitrakoot,AID-2026-HL-330,human services,household,TRUE,SYNTH_ADVERSARY_V1
BEN-023299,Chitrakoot,AID-2026-HL-330,housing,household,TRUE,SYNTH_ADVERSARY_V1
BEN-009143,Chitrakoot,AID-2026-DR-114,disaster relief,individual,TRUE,SYNTH_ADVERSARY_V1
BEN-006097,Balrampur,AID-2026-DR-114,human services,household,TRUE,SYNTH_ADVERSARY_V1
BEN-016907,Balrampur,AID-2026-WS-618,housing,group,TRUE,SYNTH_ADVERSARY_V1
BEN-002809,Balrampur,AID-2026-ED-512,civil rights,household,TRUE,SYNTH_ADVERSARY_V1
BEN-024302,Balrampur,AID-2026-WS-618,international development,household,TRUE,SYNTH_ADVERSARY_V1
BEN-016929,Balrampur,AID-2026-ED-512,disaster relief,individual,TRUE,SYNTH_ADVERSARY_V1
BEN-001182,Balrampur,AID-2026-DR-114,civil rights,household,TRUE,SYNTH_ADVERSARY_V1
BEN-014438,Balrampur,AID-2026-FS-207,youth development,household,TRUE,SYNTH_ADVERSARY_V1
BEN-000770,Balrampur,AID-2026-FS-207,civil rights,household,TRUE,SYNTH_ADVERSARY_V1
BEN-007676,Balrampur,AID-2026-WS-618,human services,group,TRUE,SYNTH_ADVERSARY_V1
BEN-007537,Balrampur,AID-2026-WS-618,human services,group,TRUE,SYNTH_ADVERSARY_V1
BEN-025442,Rafah,AID-2026-SH-455,youth development,individual,TRUE,SYNTH_ADVERSARY_V1
BEN-006081,Rafah,AID-2026-ED-512,medical,individual,TRUE,SYNTH_ADVERSARY_V1
BEN-022937,Rafah,AID-2026-ED-512,youth development,individual,TRUE,SYNTH_ADVERSARY_V1
BEN-006728,Rafah,AID-2026-WS-618,international development,household,TRUE,SYNTH_ADVERSARY_V1
BEN-003285,Rafah,AID-2026-WS-618,human services,household,TRUE,SYNTH_ADVERSARY_V1
BEN-017115,Rafah,AID-2026-ED-512,food and agriculture,household,TRUE,SYNTH_ADVERSARY_V1
BEN-014325,Rafah,AID-2026-HL-330,medical,household,TRUE,SYNTH_ADVERSARY_V1
BEN-014503,Rafah,AID-2026-WS-618,food and agriculture,group,TRUE,SYNTH_ADVERSARY_V1
BEN-018268,Rafah,AID-2026-WS-618,food and agriculture,household,TRUE,SYNTH_ADVERSARY_V1
BEN-014437,Rafah,AID-2026-WS-618,education,household,TRUE,SYNTH_ADVERSARY_V1
BEN-007267,Rafah,AID-2026-DR-114,housing,household,TRUE,SYNTH_ADVERSARY_V1
BEN-013958,Wad Madani,AID-2026-DR-114,education,household,TRUE,SYNTH_ADVERSARY_V1
BEN-007515,Wad Madani,AID-2026-FS-207,civil rights,group,TRUE,SYNTH_ADVERSARY_V1
BEN-002148,Wad Madani,AID-2026-FS-207,environment,household,TRUE,SYNTH_ADVERSARY_V1
BEN-014627,Wad Madani,AID-2026-HL-330,education,household,TRUE,SYNTH_ADVERSARY_V1
BEN-025556,Wad Madani,AID-2026-DR-114,medical,household,TRUE,SYNTH_ADVERSARY_V1
BEN-008101,Wad Madani,AID-2026-WS-618,medical,household,TRUE,SYNTH_ADVERSARY_V1
BEN-016183,Wad Madani,AID-2026-FS-207,medical,household,TRUE,SYNTH_ADVERSARY_V1
BEN-018995,Wad Madani,AID-2026-ED-512,environment,household,TRUE,SYNTH_ADVERSARY_V1
BEN-000463,Wad Madani,AID-2026-DR-114,international development,household,TRUE,SYNTH_ADVERSARY_V1
BEN-012186,Maradi,AID-2026-ED-512,disaster relief,group,TRUE,SYNTH_ADVERSARY_V1
BEN-018126,Maradi,AID-2026-WS-618,international development,group,TRUE,SYNTH_ADVERSARY_V1
BEN-013043,Maradi,AID-2026-ED-512,environment,household,TRUE,SYNTH_ADVERSARY_V1
BEN-016054,Maradi,AID-2026-FS-207,medical,household,TRUE,SYNTH_ADVERSARY_V1
BEN-001263,Maradi,AID-2026-SH-455,international development,household,TRUE,SYNTH_ADVERSARY_V1
BEN-024489,Maradi,AID-2026-SH-455,human services,household,TRUE,SYNTH_ADVERSARY_V1
BEN-015784,Maradi,AID-2026-WS-618,youth development,individual,TRUE,SYNTH_ADVERSARY_V1
BEN-019559,Maradi,AID-2026-DR-114,education,household,TRUE,SYNTH_ADVERSARY_V1
BEN-004260,Maradi,AID-2026-ED-512,medical,individual,TRUE,SYNTH_ADVERSARY_V1
BEN-023651,Diffa,AID-2026-FS-207,housing,individual,TRUE,SYNTH_ADVERSARY_V1
BEN-003180,Diffa,AID-2026-HL-330,international development,group,TRUE,SYNTH_ADVERSARY_V1
BEN-018969,Diffa,AID-2026-SH-455,human services,individual,TRUE,SYNTH_ADVERSARY_V1
BEN-003444,Diffa,AID-2026-HL-330,human services,group,TRUE,SYNTH_ADVERSARY_V1
BEN-015300,Diffa,AID-2026-DR-114,education,individual,TRUE,SYNTH_ADVERSARY_V1
BEN-013769,El Obeid,AID-2026-FS-207,environment,household,TRUE,SYNTH_ADVERSARY_V1
BEN-006650,Diffa,AID-2026-HL-330,food and agriculture,individual,TRUE,SYNTH_ADVERSARY_V1
BEN-012893,Diffa,AID-2026-ED-512,disaster relief,group,TRUE,SYNTH_ADVERSARY_V1
BEN-020835,Diffa,AID-2026-WS-618,medical,household,TRUE,SYNTH_ADVERSARY_V1
BEN-003777,Diffa,AID-2026-DR-114,medical,household,TRUE,SYNTH_ADVERSARY_V1
BEN-018808,Diffa,AID-2026-ED-512,housing,individual,TRUE,SYNTH_ADVERSARY_V1
BEN-017703,Diffa,AID-2026-DR-114,education,group,TRUE,SYNTH_ADVERSARY_V1
BEN-009636,Rafah,AID-2026-DR-114,environment,group,TRUE,SYNTH_ADVERSARY_V1
BEN-013322,Rafah,AID-2026-SH-455,food and agriculture,individual,TRUE,SYNTH_ADVERSARY_V1
BEN-017741,Rafah,AID-2026-HL-330,international development,household,TRUE,SYNTH_ADVERSARY_V1
BEN-023228,Rafah,AID-2026-SH-455,youth development,individual,TRUE,SYNTH_ADVERSARY_V1
BEN-017841,Rafah,AID-2026-WS-618,medical,individual,TRUE,SYNTH_ADVERSARY_V1
BEN-021182,Rafah,AID-2026-HL-330,education,household,TRUE,SYNTH_ADVERSARY_V1
BEN-008378,Rafah,AID-2026-DR-114,disaster relief,household,TRUE,SYNTH_ADVERSARY_V1
BEN-024671,Rafah,AID-2026-DR-114,disaster relief,household,TRUE,SYNTH_ADVERSARY_V1
BEN-018119,Rafah,AID-2026-HL-330,human services,individual,TRUE,SYNTH_ADVERSARY_V1
BEN-015073,Rafah,AID-2026-SH-455,youth development,household,TRUE,SYNTH_ADVERSARY_V1
BEN-018828,Rafah,AID-2026-WS-618,disaster relief,individual,TRUE,SYNTH_ADVERSARY_V1
BEN-001510,Rafah,AID-2026-SH-455,food and agriculture,household,TRUE,SYNTH_ADVERSARY_V1
BEN-008089,Kutupalong,AID-2026-ED-512,education,group,TRUE,SYNTH_ADVERSARY_V1
BEN-020107,Kutupalong,AID-2026-HL-330,human services,household,TRUE,SYNTH_ADVERSARY_V1
BEN-011449,Kutupalong,AID-2026-DR-114,international development,household,TRUE,SYNTH_ADVERSARY_V1
BEN-009202,Kutupalong,AID-2026-WS-618,food and agriculture,household,TRUE,SYNTH_ADVERSARY_V1
BEN-023087,Kutupalong,AID-2026-DR-114,civil rights,household,TRUE,SYNTH_ADVERSARY_V1
BEN-014931,Kutupalong,AID-2026-ED-512,housing,individual,TRUE,SYNTH_ADVERSARY_V1
BEN-010591,El Obeid,AID-2026-DR-114,youth development,household,TRUE,SYNTH_ADVERSARY_V1
BEN-009799,El Obeid,AID-2026-HL-330,civil rights,household,TRUE,SYNTH_ADVERSARY_V1
BEN-020454,El Obeid,AID-2026-FS-207,international development,household,TRUE,SYNTH_ADVERSARY_V1
BEN-023134,El Obeid,AID-2026-ED-512,environment,household,TRUE,SYNTH_ADVERSARY_V1
BEN-010508,El Obeid,AID-2026-HL-330,medical,group,TRUE,SYNTH_ADVERSARY_V1
BEN-013168,El Obeid,AID-2026-SH-455,youth development,individual,TRUE,SYNTH_ADVERSARY_V1
BEN-021043,El Obeid,AID-2026-WS-618,food and agriculture,household,TRUE,SYNTH_ADVERSARY_V1
BEN-025844,El Obeid,AID-2026-FS-207,housing,household,TRUE,SYNTH_ADVERSARY_V1
BEN-012412,El Obeid,AID-2026-ED-512,medical,household,TRUE,SYNTH_ADVERSARY_V1
BEN-022034,El Obeid,AID-2026-DR-114,environment,household,TRUE,SYNTH_ADVERSARY_V1
BEN-003699,Nyala,AID-2026-FS-207,medical,household,TRUE,SYNTH_ADVERSARY_V1
BEN-013765,Nyala,AID-2026-HL-330,housing,household,TRUE,SYNTH_ADVERSARY_V1
BEN-003991,Nyala,AID-2026-ED-512,civil rights,household,TRUE,SYNTH_ADVERSARY_V1
BEN-023734,Nyala,AID-2026-WS-618,food and agriculture,individual,TRUE,SYNTH_ADVERSARY_V1
BEN-025701,Nyala,AID-2026-DR-114,human services,individual,TRUE,SYNTH_ADVERSARY_V1
BEN-015213,Nyala,AID-2026-DR-114,civil rights,household,TRUE,SYNTH_ADVERSARY_V1
BEN-004419,Nyala,AID-2026-SH-455,international development,individual,TRUE,SYNTH_ADVERSARY_V1
BEN-004118,Nyala,AID-2026-SH-455,medical,household,TRUE,SYNTH_ADVERSARY_V1
BEN-014689,Nyala,AID-2026-ED-512,youth development,household,TRUE,SYNTH_ADVERSARY_V1
BEN-024141,Nyala,AID-2026-FS-207,housing,household,TRUE,SYNTH_ADVERSARY_V1
BEN-001378,Chitrakoot,AID-2026-ED-512,food and agriculture,individual,TRUE,SYNTH_ADVERSARY_V1
BEN-011425,Chitrakoot,AID-2026-ED-512,international development,group,TRUE,SYNTH_ADVERSARY_V1
BEN-015218,Chitrakoot,AID-2026-ED-512,human services,individual,TRUE,SYNTH_ADVERSARY_V1
BEN-025657,Chitrakoot,AID-2026-WS-618,medical,individual,TRUE,SYNTH_ADVERSARY_V1
BEN-008688,Chitrakoot,AID-2026-FS-207,medical,household,TRUE,SYNTH_ADVERSARY_V1
BEN-024096,Chitrakoot,AID-2026-FS-207,disaster relief,individual,TRUE,SYNTH_ADVERSARY_V1
BEN-007657,Chitrakoot,AID-2026-FS-207,international development,individual,TRUE,SYNTH_ADVERSARY_V1
BEN-007922,Chitrakoot,AID-2026-DR-114,civil rights,individual,TRUE,SYNTH_ADVERSARY_V1
BEN-020563,Chitrakoot,AID-2026-WS-618,civil rights,individual,TRUE,SYNTH_ADVERSARY_V1
BEN-020146,Chitrakoot,AID-2026-FS-207,human services,household,TRUE,SYNTH_ADVERSARY_V1
BEN-015372,Chitrakoot,AID-2026-WS-618,civil rights,household,TRUE,SYNTH_ADVERSARY_V1
BEN-012350,Chitrakoot,AID-2026-FS-207,civil rights,individual,TRUE,SYNTH_ADVERSARY_V1
BEN-006234,Chitrakoot,AID-2026-SH-455,medical,household,TRUE,SYNTH_ADVERSARY_V1
BEN-009197,Deir al-Balah,AID-2026-DR-114,human services,group,TRUE,SYNTH_ADVERSARY_V1
BEN-004932,Deir al-Balah,AID-2026-FS-207,civil rights,household,TRUE,SYNTH_ADVERSARY_V1
BEN-016857,Deir al-Balah,AID-2026-HL-330,food and agriculture,household,TRUE,SYNTH_ADVERSARY_V1
BEN-008358,Rafah,AID-2026-SH-455,food and agriculture,household,TRUE,SYNTH_ADVERSARY_V1
BEN-022098,Deir al-Balah,AID-2026-HL-330,food and agriculture,household,TRUE,SYNTH_ADVERSARY_V1
BEN-009876,Deir al-Balah,AID-2026-ED-512,international development,individual,TRUE,SYNTH_ADVERSARY_V1
BEN-010764,Deir al-Balah,AID-2026-HL-330,human services,household,TRUE,SYNTH_ADVERSARY_V1
BEN-017871,Deir al-Balah,AID-2026-ED-512,youth development,individual,TRUE,SYNTH_ADVERSARY_V1
BEN-017904,Deir al-Balah,AID-2026-ED-512,disaster relief,household,TRUE,SYNTH_ADVERSARY_V1
BEN-003115,Deir al-Balah,AID-2026-SH-455,food and agriculture,individual,TRUE,SYNTH_ADVERSARY_V1
BEN-011719,Deir al-Balah,AID-2026-SH-455,food and agriculture,household,TRUE,SYNTH_ADVERSARY_V1
BEN-006034,Deir al-Balah,AID-2026-ED-512,education,group,TRUE,SYNTH_ADVERSARY_V1
BEN-004791,Balrampur,AID-2026-HL-330,housing,household,TRUE,SYNTH_ADVERSARY_V1
BEN-001363,Balrampur,AID-2026-FS-207,education,household,TRUE,SYNTH_ADVERSARY_V1
BEN-011573,Balrampur,AID-2026-DR-114,youth development,household,TRUE,SYNTH_ADVERSARY_V1
BEN-013694,Balrampur,AID-2026-HL-330,international development,individual,TRUE,SYNTH_ADVERSARY_V1
BEN-019132,Balrampur,AID-2026-ED-512,housing,household,TRUE,SYNTH_ADVERSARY_V1
BEN-001158,Balrampur,AID-2026-HL-330,disaster relief,group,TRUE,SYNTH_ADVERSARY_V1
BEN-002340,Balrampur,AID-2026-HL-330,housing,individual,TRUE,SYNTH_ADVERSARY_V1
BEN-019449,Balrampur,AID-2026-DR-114,disaster relief,individual,TRUE,SYNTH_ADVERSARY_V1
BEN-004975,Balrampur,AID-2026-SH-455,human services,individual,TRUE,SYNTH_ADVERSARY_V1
BEN-009466,Balrampur,AID-2026-HL-330,international development,household,TRUE,SYNTH_ADVERSARY_V1
BEN-003472,Deir al-Balah,AID-2026-FS-207,youth development,individual,TRUE,SYNTH_ADVERSARY_V1
BEN-025613,Deir al-Balah,AID-2026-FS-207,housing,individual,TRUE,SYNTH_ADVERSARY_V1
BEN-007699,Deir al-Balah,AID-2026-HL-330,medical,individual,TRUE,SYNTH_ADVERSARY_V1
BEN-016866,Deir al-Balah,AID-2026-DR-114,housing,household,TRUE,SYNTH_ADVERSARY_V1
BEN-011537,Deir al-Balah,AID-2026-HL-330,environment,household,TRUE,SYNTH_ADVERSARY_V1
BEN-001552,Deir al-Balah,AID-2026-SH-455,medical,household,TRUE,SYNTH_ADVERSARY_V1
BEN-014916,Deir al-Balah,AID-2026-ED-512,education,group,TRUE,SYNTH_ADVERSARY_V1
BEN-002435,Deir al-Balah,AID-2026-DR-114,disaster relief,household,TRUE,SYNTH_ADVERSARY_V1
BEN-018162,Deir al-Balah,AID-2026-SH-455,international development,individual,TRUE,SYNTH_ADVERSARY_V1
BEN-018604,Deir al-Balah,AID-2026-SH-455,housing,individual,TRUE,SYNTH_ADVERSARY_V1
BEN-003956,Deir al-Balah,AID-2026-WS-618,human services,household,TRUE,SYNTH_ADVERSARY_V1
BEN-000191,Deir al-Balah,AID-2026-FS-207,environment,individual,TRUE,SYNTH_ADVERSARY_V1
BEN-018238,El Obeid,AID-2026-ED-512,civil rights,household,TRUE,SYNTH_ADVERSARY_V1
BEN-017585,El Obeid,AID-2026-WS-618,human services,individual,TRUE,SYNTH_ADVERSARY_V1
BEN-022546,El Obeid,AID-2026-DR-114,civil rights,household,TRUE,SYNTH_ADVERSARY_V1
BEN-018277,El Obeid,AID-2026-ED-512,food and agriculture,individual,TRUE,SYNTH_ADVERSARY_V1
BEN-020045,El Obeid,AID-2026-ED-512,youth development,household,TRUE,SYNTH_ADVERSARY_V1
BEN-008675,El Obeid,AID-2026-WS-618,housing,group,TRUE,SYNTH_ADVERSARY_V1
BEN-019748,El Obeid,AID-2026-FS-207,human services,household,TRUE,SYNTH_ADVERSARY_V1
BEN-014869,El Obeid,AID-2026-WS-618,medical,individual,TRUE,SYNTH_ADVERSARY_V1
BEN-001863,Diffa,AID-2026-SH-455,food and agriculture,group,TRUE,SYNTH_ADVERSARY_V1
BEN-017930,Kassala,AID-2026-WS-618,medical,individual,TRUE,SYNTH_ADVERSARY_V1
BEN-000360,Kassala,AID-2026-SH-455,youth development,individual,TRUE,SYNTH_ADVERSARY_V1
BEN-011753,Kassala,AID-2026-ED-512,human services,household,TRUE,SYNTH_ADVERSARY_V1
BEN-018481,Kassala,AID-2026-SH-455,environment,group,TRUE,SYNTH_ADVERSARY_V1
BEN-011659,Kassala,AID-2026-ED-512,medical,individual,TRUE,SYNTH_ADVERSARY_V1
BEN-011925,Kassala,AID-2026-ED-512,education,individual,TRUE,SYNTH_ADVERSARY_V1
BEN-024307,Kassala,AID-2026-FS-207,environment,household,TRUE,SYNTH_ADVERSARY_V1
BEN-004773,Kassala,AID-2026-DR-114,civil rights,household,TRUE,SYNTH_ADVERSARY_V1
BEN-003999,Kassala,AID-2026-HL-330,disaster relief,group,TRUE,SYNTH_ADVERSARY_V1
BEN-018483,Kassala,AID-2026-WS-618,environment,individual,TRUE,SYNTH_ADVERSARY_V1
BEN-009054,Kassala,AID-2026-HL-330,international development,individual,TRUE,SYNTH_ADVERSARY_V1
BEN-025909,Kassala,AID-2026-WS-618,housing,individual,TRUE,SYNTH_ADVERSARY_V1
BEN-008653,Kassala,AID-2026-WS-618,food and agriculture,household,TRUE,SYNTH_ADVERSARY_V1
BEN-024871,Khan Yunis,AID-2026-WS-618,education,household,TRUE,SYNTH_ADVERSARY_V1
BEN-023408,Khan Yunis,AID-2026-ED-512,education,household,TRUE,SYNTH_ADVERSARY_V1
BEN-009602,Khan Yunis,AID-2026-HL-330,youth development,household,TRUE,SYNTH_ADVERSARY_V1
BEN-011975,Khan Yunis,AID-2026-ED-512,environment,group,TRUE,SYNTH_ADVERSARY_V1
BEN-007905,Khan Yunis,AID-2026-SH-455,medical,household,TRUE,SYNTH_ADVERSARY_V1
BEN-018141,Khan Yunis,AID-2026-DR-114,education,group,TRUE,SYNTH_ADVERSARY_V1
BEN-002457,Khan Yunis,AID-2026-WS-618,civil rights,household,TRUE,SYNTH_ADVERSARY_V1
BEN-013307,Deir al-Balah,AID-2026-ED-512,civil rights,household,TRUE,SYNTH_ADVERSARY_V1
BEN-001612,Deir al-Balah,AID-2026-HL-330,food and agriculture,individual,TRUE,SYNTH_ADVERSARY_V1
BEN-004197,Deir al-Balah,AID-2026-ED-512,international development,household,TRUE,SYNTH_ADVERSARY_V1
BEN-014718,Deir al-Balah,AID-2026-DR-114,disaster relief,household,TRUE,SYNTH_ADVERSARY_V1
BEN-019494,Deir al-Balah,AID-2026-DR-114,international development,individual,TRUE,SYNTH_ADVERSARY_V1
BEN-015365,Deir al-Balah,AID-2026-FS-207,human services,individual,TRUE,SYNTH_ADVERSARY_V1
BEN-023273,Deir al-Balah,AID-2026-FS-207,human services,group,TRUE,SYNTH_ADVERSARY_V1
BEN-002811,Deir al-Balah,AID-2026-SH-455,environment,household,TRUE,SYNTH_ADVERSARY_V1
BEN-022933,Deir al-Balah,AID-2026-DR-114,disaster relief,household,TRUE,SYNTH_ADVERSARY_V1
BEN-006782,Deir al-Balah,AID-2026-ED-512,food and agriculture,household,TRUE,SYNTH_ADVERSARY_V1
BEN-020793,Nyala,AID-2026-ED-512,housing,household,TRUE,SYNTH_ADVERSARY_V1
BEN-001247,Nyala,AID-2026-FS-207,housing,group,TRUE,SYNTH_ADVERSARY_V1
BEN-025318,Nyala,AID-2026-HL-330,food and agriculture,household,TRUE,SYNTH_ADVERSARY_V1
BEN-010868,Nyala,AID-2026-DR-114,housing,individual,TRUE,SYNTH_ADVERSARY_V1
BEN-008344,Nyala,AID-2026-FS-207,youth development,household,TRUE,SYNTH_ADVERSARY_V1
BEN-005594,Nyala,AID-2026-WS-618,disaster relief,group,TRUE,SYNTH_ADVERSARY_V1
BEN-019468,Nyala,AID-2026-ED-512,housing,household,TRUE,SYNTH_ADVERSARY_V1
BEN-014137,Nyala,AID-2026-FS-207,youth development,group,TRUE,SYNTH_ADVERSARY_V1
BEN-020009,Nyala,AID-2026-HL-330,youth development,household,TRUE,SYNTH_ADVERSARY_V1
BEN-009851,Khan Yunis,AID-2026-WS-618,youth development,household,TRUE,SYNTH_ADVERSARY_V1
BEN-016414,Khan Yunis,AID-2026-HL-330,disaster relief,individual,TRUE,SYNTH_ADVERSARY_V1
BEN-025656,Khan Yunis,AID-2026-WS-618,disaster relief,individual,TRUE,SYNTH_ADVERSARY_V1
BEN-016322,Khan Yunis,AID-2026-SH-455,international development,individual,TRUE,SYNTH_ADVERSARY_V1
BEN-018532,Khan Yunis,AID-2026-WS-618,housing,household,TRUE,SYNTH_ADVERSARY_V1
BEN-012161,Khan Yunis,AID-2026-DR-114,housing,group,TRUE,SYNTH_ADVERSARY_V1
BEN-011868,Khan Yunis,AID-2026-DR-114,housing,household,TRUE,SYNTH_ADVERSARY_V1
BEN-016948,Khan Yunis,AID-2026-HL-330,international development,group,TRUE,SYNTH_ADVERSARY_V1
BEN-021813,Kassala,AID-2026-DR-114,environment,household,TRUE,SYNTH_ADVERSARY_V1
BEN-002543,Kassala,AID-2026-WS-618,youth development,individual,TRUE,SYNTH_ADVERSARY_V1
BEN-011818,Kassala,AID-2026-HL-330,environment,group,TRUE,SYNTH_ADVERSARY_V1
BEN-008318,Kassala,AID-2026-WS-618,civil rights,household,TRUE,SYNTH_ADVERSARY_V1
BEN-017134,Kassala,AID-2026-SH-455,food and agriculture,group,TRUE,SYNTH_ADVERSARY_V1
BEN-007795,Kassala,AID-2026-HL-330,human services,household,TRUE,SYNTH_ADVERSARY_V1
BEN-003997,Kassala,AID-2026-FS-207,disaster relief,household,TRUE,SYNTH_ADVERSARY_V1
BEN-011845,Kassala,AID-2026-FS-207,education,household,TRUE,SYNTH_ADVERSARY_V1
BEN-014239,Kassala,AID-2026-SH-455,food and agriculture,individual,TRUE,SYNTH_ADVERSARY_V1
BEN-018594,Kassala,AID-2026-FS-207,human services,group,TRUE,SYNTH_ADVERSARY_V1
BEN-003871,Kassala,AID-2026-SH-455,civil rights,individual,TRUE,SYNTH_ADVERSARY_V1
BEN-016056,Kassala,AID-2026-SH-455,youth development,household,TRUE,SYNTH_ADVERSARY_V1
BEN-002715,Kassala,AID-2026-ED-512,environment,household,TRUE,SYNTH_ADVERSARY_V1
BEN-018950,Gaza North,AID-2026-HL-330,education,household,TRUE,SYNTH_ADVERSARY_V1
BEN-004561,Gaza North,AID-2026-WS-618,youth development,household,TRUE,SYNTH_ADVERSARY_V1
BEN-017743,Gaza North,AID-2026-HL-330,disaster relief,group,TRUE,SYNTH_ADVERSARY_V1
BEN-005448,Gaza North,AID-2026-DR-114,medical,household,TRUE,SYNTH_ADVERSARY_V1
BEN-002214,Gaza North,AID-2026-SH-455,human services,household,TRUE,SYNTH_ADVERSARY_V1
BEN-011161,Gaza North,AID-2026-SH-455,housing,household,TRUE,SYNTH_ADVERSARY_V1
BEN-007846,Gaza North,AID-2026-WS-618,youth development,household,TRUE,SYNTH_ADVERSARY_V1
BEN-017785,Gaza North,AID-2026-WS-618,housing,household,TRUE,SYNTH_ADVERSARY_V1
BEN-016200,Gaza North,AID-2026-DR-114,international development,household,TRUE,SYNTH_ADVERSARY_V1
BEN-000066,Gaza North,AID-2026-FS-207,human services,household,TRUE,SYNTH_ADVERSARY_V1
BEN-012482,Gaza North,AID-2026-DR-114,education,individual,TRUE,SYNTH_ADVERSARY_V1
BEN-014192,Gaza North,AID-2026-SH-455,disaster relief,household,TRUE,SYNTH_ADVERSARY_V1
BEN-001503,Gaza North,AID-2026-ED-512,education,individual,TRUE,SYNTH_ADVERSARY_V1
BEN-020130,Gaza North,AID-2026-WS-618,international development,individual,TRUE,SYNTH_ADVERSARY_V1
BEN-004814,El Obeid,AID-2026-WS-618,civil rights,group,TRUE,SYNTH_ADVERSARY_V1
BEN-020797,El Obeid,AID-2026-SH-455,environment,individual,TRUE,SYNTH_ADVERSARY_V1
BEN-008288,El Obeid,AID-2026-FS-207,international development,household,TRUE,SYNTH_ADVERSARY_V1
BEN-012907,El Obeid,AID-2026-SH-455,international development,household,TRUE,SYNTH_ADVERSARY_V1
BEN-006553,El Obeid,AID-2026-FS-207,education,household,TRUE,SYNTH_ADVERSARY_V1
BEN-004829,El Obeid,AID-2026-WS-618,international development,individual,TRUE,SYNTH_ADVERSARY_V1
BEN-008306,El Obeid,AID-2026-ED-512,food and agriculture,household,TRUE,SYNTH_ADVERSARY_V1
BEN-015173,El Obeid,AID-2026-WS-618,youth development,household,TRUE,SYNTH_ADVERSARY_V1
BEN-021498,El Obeid,AID-2026-SH-455,disaster relief,group,TRUE,SYNTH_ADVERSARY_V1
BEN-023546,El Obeid,AID-2026-HL-330,education,individual,TRUE,SYNTH_ADVERSARY_V1
BEN-025416,El Obeid,AID-2026-WS-618,youth development,household,TRUE,SYNTH_ADVERSARY_V1
BEN-023049,Wad Madani,AID-2026-HL-330,disaster relief,individual,TRUE,SYNTH_ADVERSARY_V1
BEN-002628,Wad Madani,AID-2026-DR-114,youth development,household,TRUE,SYNTH_ADVERSARY_V1
BEN-016694,Wad Madani,AID-2026-HL-330,housing,household,TRUE,SYNTH_ADVERSARY_V1
BEN-019689,Wad Madani,AID-2026-ED-512,environment,household,TRUE,SYNTH_ADVERSARY_V1
BEN-015573,Wad Madani,AID-2026-FS-207,education,individual,TRUE,SYNTH_ADVERSARY_V1
BEN-000204,Wad Madani,AID-2026-HL-330,environment,household,TRUE,SYNTH_ADVERSARY_V1
BEN-023165,Wad Madani,AID-2026-ED-512,human services,individual,TRUE,SYNTH_ADVERSARY_V1
BEN-012517,Wad Madani,AID-2026-FS-207,youth development,group,TRUE,SYNTH_ADVERSARY_V1
BEN-012724,Maradi,AID-2026-FS-207,youth development,household,TRUE,SYNTH_ADVERSARY_V1
BEN-005146,Maradi,AID-2026-SH-455,food and agriculture,household,TRUE,SYNTH_ADVERSARY_V1
BEN-002290,Khan Yunis,AID-2026-DR-114,disaster relief,household,TRUE,SYNTH_ADVERSARY_V1
BEN-023226,Maradi,AID-2026-DR-114,food and agriculture,household,TRUE,SYNTH_ADVERSARY_V1
BEN-004677,Maradi,AID-2026-FS-207,environment,household,TRUE,SYNTH_ADVERSARY_V1
BEN-020706,Maradi,AID-2026-ED-512,environment,household,TRUE,SYNTH_ADVERSARY_V1
BEN-015670,Maradi,AID-2026-SH-455,disaster relief,household,TRUE,SYNTH_ADVERSARY_V1
BEN-017286,Maradi,AID-2026-HL-330,disaster relief,household,TRUE,SYNTH_ADVERSARY_V1
BEN-010624,Maradi,AID-2026-DR-114,international development,household,TRUE,SYNTH_ADVERSARY_V1
BEN-015185,Rafah,AID-2026-ED-512,environment,household,TRUE,SYNTH_ADVERSARY_V1
BEN-025190,Rafah,AID-2026-DR-114,education,household,TRUE,SYNTH_ADVERSARY_V1
BEN-023521,Rafah,AID-2026-FS-207,housing,household,TRUE,SYNTH_ADVERSARY_V1
BEN-004811,Rafah,AID-2026-HL-330,food and agriculture,household,TRUE,SYNTH_ADVERSARY_V1
BEN-022895,Rafah,AID-2026-FS-207,international development,individual,TRUE,SYNTH_ADVERSARY_V1
BEN-023641,Rafah,AID-2026-ED-512,disaster relief,group,TRUE,SYNTH_ADVERSARY_V1
BEN-022752,Rafah,AID-2026-WS-618,disaster relief,individual,TRUE,SYNTH_ADVERSARY_V1
BEN-011457,Rafah,AID-2026-SH-455,medical,individual,TRUE,SYNTH_ADVERSARY_V1
BEN-024752,Rafah,AID-2026-HL-330,medical,household,TRUE,SYNTH_ADVERSARY_V1
BEN-002964,Rafah,AID-2026-ED-512,civil rights,individual,TRUE,SYNTH_ADVERSARY_V1
BEN-018785,Rafah,AID-2026-ED-512,environment,household,TRUE,SYNTH_ADVERSARY_V1
BEN-006914,Maradi,AID-2026-SH-455,education,household,TRUE,SYNTH_ADVERSARY_V1
BEN-011044,Maradi,AID-2026-FS-207,medical,individual,TRUE,SYNTH_ADVERSARY_V1
BEN-021472,Maradi,AID-2026-ED-512,civil rights,household,TRUE,SYNTH_ADVERSARY_V1
BEN-023604,Maradi,AID-2026-DR-114,youth development,group,TRUE,SYNTH_ADVERSARY_V1
BEN-021633,Maradi,AID-2026-HL-330,education,household,TRUE,SYNTH_ADVERSARY_V1
BEN-017874,Maradi,AID-2026-ED-512,disaster relief,individual,TRUE,SYNTH_ADVERSARY_V1
BEN-000301,Maradi,AID-2026-FS-207,youth development,household,TRUE,SYNTH_ADVERSARY_V1
BEN-013137,Maradi,AID-2026-DR-114,civil rights,group,TRUE,SYNTH_ADVERSARY_V1
BEN-021983,Maradi,AID-2026-HL-330,housing,household,TRUE,SYNTH_ADVERSARY_V1
BEN-004003,Maradi,AID-2026-HL-330,environment,individual,TRUE,SYNTH_ADVERSARY_V1
BEN-012148,Maradi,AID-2026-HL-330,disaster relief,household,TRUE,SYNTH_ADVERSARY_V1
BEN-000946,Maradi,AID-2026-FS-207,environment,individual,TRUE,SYNTH_ADVERSARY_V1
BEN-022767,Barabanki,AID-2026-DR-114,housing,individual,TRUE,SYNTH_ADVERSARY_V1
BEN-017369,Barabanki,AID-2026-SH-455,education,group,TRUE,SYNTH_ADVERSARY_V1
BEN-023548,Barabanki,AID-2026-ED-512,civil rights,household,TRUE,SYNTH_ADVERSARY_V1
BEN-002953,Barabanki,AID-2026-SH-455,youth development,household,TRUE,SYNTH_ADVERSARY_V1
BEN-013975,Barabanki,AID-2026-FS-207,civil rights,household,TRUE,SYNTH_ADVERSARY_V1
BEN-018655,Barabanki,AID-2026-FS-207,housing,household,TRUE,SYNTH_ADVERSARY_V1
BEN-008374,Barabanki,AID-2026-FS-207,environment,group,TRUE,SYNTH_ADVERSARY_V1
BEN-015564,Barabanki,AID-2026-WS-618,food and agriculture,individual,TRUE,SYNTH_ADVERSARY_V1
BEN-012865,Barabanki,AID-2026-SH-455,international development,group,TRUE,SYNTH_ADVERSARY_V1
BEN-000198,Gaza North,AID-2026-FS-207,civil rights,household,TRUE,SYNTH_ADVERSARY_V1
BEN-005859,Gaza North,AID-2026-ED-512,human services,household,TRUE,SYNTH_ADVERSARY_V1
BEN-017765,Gaza North,AID-2026-DR-114,civil rights,household,TRUE,SYNTH_ADVERSARY_V1
BEN-016252,Gaza North,AID-2026-ED-512,civil rights,household,TRUE,SYNTH_ADVERSARY_V1
BEN-012082,Gaza North,AID-2026-DR-114,civil rights,household,TRUE,SYNTH_ADVERSARY_V1
BEN-005610,Gaza North,AID-2026-FS-207,housing,household,TRUE,SYNTH_ADVERSARY_V1
BEN-021724,Balrampur,AID-2026-DR-114,medical,household,TRUE,SYNTH_ADVERSARY_V1
BEN-006645,Balrampur,AID-2026-ED-512,environment,individual,TRUE,SYNTH_ADVERSARY_V1
BEN-006593,Balrampur,AID-2026-ED-512,human services,household,TRUE,SYNTH_ADVERSARY_V1
BEN-014584,Balrampur,AID-2026-HL-330,youth development,individual,TRUE,SYNTH_ADVERSARY_V1
BEN-006979,Balrampur,AID-2026-SH-455,housing,individual,TRUE,SYNTH_ADVERSARY_V1
BEN-004328,Balrampur,AID-2026-DR-114,food and agriculture,individual,TRUE,SYNTH_ADVERSARY_V1
BEN-001116,Balrampur,AID-2026-SH-455,international development,household,TRUE,SYNTH_ADVERSARY_V1
BEN-000696,Balrampur,AID-2026-WS-618,human services,household,TRUE,SYNTH_ADVERSARY_V1
BEN-024155,Balrampur,AID-2026-HL-330,civil rights,individual,TRUE,SYNTH_ADVERSARY_V1
BEN-022114,Balrampur,AID-2026-ED-512,environment,household,TRUE,SYNTH_ADVERSARY_V1
BEN-023351,Balrampur,AID-2026-ED-512,human services,household,TRUE,SYNTH_ADVERSARY_V1
BEN-020779,Wad Madani,AID-2026-ED-512,medical,group,TRUE,SYNTH_ADVERSARY_V1
BEN-001628,Wad Madani,AID-2026-SH-455,education,individual,TRUE,SYNTH_ADVERSARY_V1
BEN-020991,Cox's Bazar,AID-2026-DR-114,food and agriculture,household,TRUE,SYNTH_ADVERSARY_V1
BEN-024276,Wad Madani,AID-2026-WS-618,civil rights,group,TRUE,SYNTH_ADVERSARY_V1
BEN-003690,Wad Madani,AID-2026-WS-618,housing,individual,TRUE,SYNTH_ADVERSARY_V1
BEN-017865,Wad Madani,AID-2026-WS-618,medical,household,TRUE,SYNTH_ADVERSARY_V1
BEN-017290,Wad Madani,AID-2026-HL-330,education,household,TRUE,SYNTH_ADVERSARY_V1
BEN-006298,Rafah,AID-2026-HL-330,youth development,household,TRUE,SYNTH_ADVERSARY_V1
BEN-021629,Rafah,AID-2026-ED-512,education,individual,TRUE,SYNTH_ADVERSARY_V1
BEN-011615,Rafah,AID-2026-DR-114,civil rights,individual,TRUE,SYNTH_ADVERSARY_V1
BEN-011261,Rafah,AID-2026-SH-455,international development,group,TRUE,SYNTH_ADVERSARY_V1
BEN-023465,Rafah,AID-2026-WS-618,international development,household,TRUE,SYNTH_ADVERSARY_V1
BEN-011757,Rafah,AID-2026-ED-512,international development,individual,TRUE,SYNTH_ADVERSARY_V1
BEN-010621,Rafah,AID-2026-ED-512,environment,group,TRUE,SYNTH_ADVERSARY_V1
BEN-001373,Rafah,AID-2026-ED-512,education,household,TRUE,SYNTH_ADVERSARY_V1
BEN-000179,Rafah,AID-2026-ED-512,civil rights,household,TRUE,SYNTH_ADVERSARY_V1
BEN-004841,Rafah,AID-2026-DR-114,environment,household,TRUE,SYNTH_ADVERSARY_V1
BEN-023108,Rafah,AID-2026-DR-114,youth development,household,TRUE,SYNTH_ADVERSARY_V1
BEN-015644,Rafah,AID-2026-WS-618,medical,household,TRUE,SYNTH_ADVERSARY_V1
BEN-025023,Rafah,AID-2026-ED-512,human services,household,TRUE,SYNTH_ADVERSARY_V1
BEN-020227,Rafah,AID-2026-ED-512,youth development,individual,TRUE,SYNTH_ADVERSARY_V1
BEN-016862,El Obeid,AID-2026-ED-512,human services,group,TRUE,SYNTH_ADVERSARY_V1
BEN-007705,El Obeid,AID-2026-DR-114,education,household,TRUE,SYNTH_ADVERSARY_V1
BEN-011501,El Obeid,AID-2026-FS-207,youth development,individual,TRUE,SYNTH_ADVERSARY_V1
BEN-002219,El Obeid,AID-2026-ED-512,food and agriculture,household,TRUE,SYNTH_ADVERSARY_V1
BEN-010529,El Obeid,AID-2026-WS-618,food and agriculture,individual,TRUE,SYNTH_ADVERSARY_V1
BEN-007991,El Obeid,AID-2026-WS-618,food and agriculture,individual,TRUE,SYNTH_ADVERSARY_V1
BEN-011862,El Obeid,AID-2026-WS-618,education,individual,TRUE,SYNTH_ADVERSARY_V1
BEN-014674,El Obeid,AID-2026-FS-207,civil rights,household,TRUE,SYNTH_ADVERSARY_V1
BEN-021490,El Obeid,AID-2026-ED-512,environment,household,TRUE,SYNTH_ADVERSARY_V1
BEN-014461,El Obeid,AID-2026-HL-330,disaster relief,group,TRUE,SYNTH_ADVERSARY_V1
BEN-007062,Balrampur,AID-2026-SH-455,youth development,household,TRUE,SYNTH_ADVERSARY_V1
BEN-010565,Balrampur,AID-2026-DR-114,education,household,TRUE,SYNTH_ADVERSARY_V1
BEN-012561,Balrampur,AID-2026-WS-618,youth development,individual,TRUE,SYNTH_ADVERSARY_V1
BEN-007553,Balrampur,AID-2026-HL-330,civil rights,individual,TRUE,SYNTH_ADVERSARY_V1
BEN-004854,Balrampur,AID-2026-ED-512,environment,household,TRUE,SYNTH_ADVERSARY_V1
BEN-013833,Balrampur,AID-2026-FS-207,international development,household,TRUE,SYNTH_ADVERSARY_V1
BEN-022581,Balrampur,AID-2026-FS-207,food and agriculture,household,TRUE,SYNTH_ADVERSARY_V1
BEN-008661,Balrampur,AID-2026-FS-207,environment,household,TRUE,SYNTH_ADVERSARY_V1
BEN-018174,Balrampur,AID-2026-FS-207,education,group,TRUE,SYNTH_ADVERSARY_V1
BEN-021081,Chitrakoot,AID-2026-HL-330,disaster relief,household,TRUE,SYNTH_ADVERSARY_V1
BEN-016230,Chitrakoot,AID-2026-DR-114,education,individual,TRUE,SYNTH_ADVERSARY_V1
BEN-025069,Chitrakoot,AID-2026-DR-114,human services,group,TRUE,SYNTH_ADVERSARY_V1
BEN-009790,Chitrakoot,AID-2026-HL-330,environment,individual,TRUE,SYNTH_ADVERSARY_V1
BEN-006417,Chitrakoot,AID-2026-SH-455,international development,household,TRUE,SYNTH_ADVERSARY_V1
BEN-019052,Chitrakoot,AID-2026-DR-114,medical,household,TRUE,SYNTH_ADVERSARY_V1
BEN-018756,Khan Yunis,AID-2026-WS-618,food and agriculture,group,TRUE,SYNTH_ADVERSARY_V1
BEN-014781,Khan Yunis,AID-2026-HL-330,international development,group,TRUE,SYNTH_ADVERSARY_V1
BEN-008043,Khan Yunis,AID-2026-SH-455,environment,group,TRUE,SYNTH_ADVERSARY_V1
BEN-002459,Khan Yunis,AID-2026-WS-618,food and agriculture,group,TRUE,SYNTH_ADVERSARY_V1
BEN-014087,Khan Yunis,AID-2026-SH-455,environment,household,TRUE,SYNTH_ADVERSARY_V1
BEN-022731,Khan Yunis,AID-2026-ED-512,youth development,household,TRUE,SYNTH_ADVERSARY_V1
BEN-005562,Khan Yunis,AID-2026-DR-114,human services,household,TRUE,SYNTH_ADVERSARY_V1
BEN-005161,Khan Yunis,AID-2026-FS-207,food and agriculture,household,TRUE,SYNTH_ADVERSARY_V1
BEN-011700,Khan Yunis,AID-2026-WS-618,human services,individual,TRUE,SYNTH_ADVERSARY_V1
BEN-025179,Khan Yunis,AID-2026-WS-618,disaster relief,individual,TRUE,SYNTH_ADVERSARY_V1
BEN-020646,Khan Yunis,AID-2026-DR-114,international development,household,TRUE,SYNTH_ADVERSARY_V1
BEN-015596,Khan Yunis,AID-2026-HL-330,disaster relief,household,TRUE,SYNTH_ADVERSARY_V1
BEN-003291,Barabanki,AID-2026-HL-330,human services,household,TRUE,SYNTH_ADVERSARY_V1
BEN-004665,Barabanki,AID-2026-FS-207,human services,group,TRUE,SYNTH_ADVERSARY_V1
BEN-008966,Barabanki,AID-2026-FS-207,environment,household,TRUE,SYNTH_ADVERSARY_V1
BEN-010556,Barabanki,AID-2026-DR-114,disaster relief,group,TRUE,SYNTH_ADVERSARY_V1
BEN-003171,Barabanki,AID-2026-ED-512,medical,individual,TRUE,SYNTH_ADVERSARY_V1
BEN-012644,Barabanki,AID-2026-FS-207,disaster relief,individual,TRUE,SYNTH_ADVERSARY_V1
BEN-019090,Barabanki,AID-2026-FS-207,medical,individual,TRUE,SYNTH_ADVERSARY_V1
BEN-016522,Barabanki,AID-2026-HL-330,housing,household,TRUE,SYNTH_ADVERSARY_V1
BEN-001222,Barabanki,AID-2026-FS-207,housing,household,TRUE,SYNTH_ADVERSARY_V1
BEN-011141,Barabanki,AID-2026-ED-512,disaster relief,household,TRUE,SYNTH_ADVERSARY_V1
BEN-018660,Barabanki,AID-2026-ED-512,civil rights,household,TRUE,SYNTH_ADVERSARY_V1
BEN-019984,Barabanki,AID-2026-FS-207,civil rights,household,TRUE,SYNTH_ADVERSARY_V1
BEN-013306,El Obeid,AID-2026-ED-512,human services,individual,TRUE,SYNTH_ADVERSARY_V1
BEN-007522,El Obeid,AID-2026-FS-207,education,group,TRUE,SYNTH_ADVERSARY_V1
BEN-012318,El Obeid,AID-2026-HL-330,civil rights,individual,TRUE,SYNTH_ADVERSARY_V1
BEN-019953,El Obeid,AID-2026-FS-207,youth development,individual,TRUE,SYNTH_ADVERSARY_V1
BEN-023029,El Obeid,AID-2026-DR-114,human services,household,TRUE,SYNTH_ADVERSARY_V1
BEN-015520,El Obeid,AID-2026-HL-330,youth development,individual,TRUE,SYNTH_ADVERSARY_V1
BEN-001970,El Obeid,AID-2026-WS-618,housing,household,TRUE,SYNTH_ADVERSARY_V1
BEN-024497,El Obeid,AID-2026-ED-512,environment,individual,TRUE,SYNTH_ADVERSARY_V1
BEN-001889,El Obeid,AID-2026-HL-330,youth development,individual,TRUE,SYNTH_ADVERSARY_V1
BEN-016303,El Obeid,AID-2026-DR-114,human services,household,TRUE,SYNTH_ADVERSARY_V1
BEN-013496,Gaza North,AID-2026-WS-618,food and agriculture,household,TRUE,SYNTH_ADVERSARY_V1
BEN-001655,Gaza North,AID-2026-DR-114,civil rights,household,TRUE,SYNTH_ADVERSARY_V1
BEN-007462,Gaza North,AID-2026-HL-330,youth development,household,TRUE,SYNTH_ADVERSARY_V1
BEN-022802,Gaza North,AID-2026-WS-618,disaster relief,individual,TRUE,SYNTH_ADVERSARY_V1
BEN-010498,Gaza North,AID-2026-ED-512,food and agriculture,household,TRUE,SYNTH_ADVERSARY_V1
BEN-018979,Gaza North,AID-2026-SH-455,human services,household,TRUE,SYNTH_ADVERSARY_V1
BEN-017602,Gaza North,AID-2026-DR-114,disaster relief,household,TRUE,SYNTH_ADVERSARY_V1
BEN-019119,Gaza North,AID-2026-SH-455,food and agriculture,household,TRUE,SYNTH_ADVERSARY_V1
BEN-000573,Barabanki,AID-2026-SH-455,food and agriculture,individual,TRUE,SYNTH_ADVERSARY_V1
BEN-016759,Barabanki,AID-2026-DR-114,food and agriculture,individual,TRUE,SYNTH_ADVERSARY_V1
BEN-009438,Barabanki,AID-2026-WS-618,education,individual,TRUE,SYNTH_ADVERSARY_V1
BEN-014299,Barabanki,AID-2026-HL-330,food and agriculture,individual,TRUE,SYNTH_ADVERSARY_V1
BEN-010763,Barabanki,AID-2026-WS-618,environment,household,TRUE,SYNTH_ADVERSARY_V1
BEN-008586,Barabanki,AID-2026-WS-618,international development,household,TRUE,SYNTH_ADVERSARY_V1
BEN-020869,Barabanki,AID-2026-DR-114,housing,household,TRUE,SYNTH_ADVERSARY_V1
BEN-019665,Barabanki,AID-2026-SH-455,food and agriculture,group,TRUE,SYNTH_ADVERSARY_V1
BEN-020518,Barabanki,AID-2026-FS-207,food and agriculture,household,TRUE,SYNTH_ADVERSARY_V1
BEN-015299,Barabanki,AID-2026-FS-207,food and agriculture,household,TRUE,SYNTH_ADVERSARY_V1
BEN-001412,Barabanki,AID-2026-ED-512,medical,individual,TRUE,SYNTH_ADVERSARY_V1
BEN-019033,Barabanki,AID-2026-WS-618,food and agriculture,individual,TRUE,SYNTH_ADVERSARY_V1
BEN-021676,Barabanki,AID-2026-DR-114,international development,individual,TRUE,SYNTH_ADVERSARY_V1
BEN-011348,Chitrakoot,AID-2026-DR-114,food and agriculture,household,TRUE,SYNTH_ADVERSARY_V1
BEN-007378,Khan Yunis,AID-2026-ED-512,education,household,TRUE,SYNTH_ADVERSARY_V1
BEN-004871,Khan Yunis,AID-2026-SH-455,disaster relief,household,TRUE,SYNTH_ADVERSARY_V1
BEN-005711,Khan Yunis,AID-2026-DR-114,education,individual,TRUE,SYNTH_ADVERSARY_V1
BEN-004553,Khan Yunis,AID-2026-WS-618,housing,household,TRUE,SYNTH_ADVERSARY_V1
BEN-019742,Khan Yunis,AID-2026-HL-330,medical,individual,TRUE,SYNTH_ADVERSARY_V1
BEN-003561,Khan Yunis,AID-2026-FS-207,medical,household,TRUE,SYNTH_ADVERSARY_V1
BEN-012942,Khan Yunis,AID-2026-WS-618,medical,individual,TRUE,SYNTH_ADVERSARY_V1
BEN-012195,Khan Yunis,AID-2026-DR-114,environment,household,TRUE,SYNTH_ADVERSARY_V1
BEN-007277,Khan Yunis,AID-2026-WS-618,international development,group,TRUE,SYNTH_ADVERSARY_V1
BEN-005882,Wad Madani,AID-2026-HL-330,youth development,household,TRUE,SYNTH_ADVERSARY_V1
BEN-014288,Wad Madani,AID-2026-DR-114,environment,group,TRUE,SYNTH_ADVERSARY_V1
BEN-010308,Wad Madani,AID-2026-DR-114,civil rights,household,TRUE,SYNTH_ADVERSARY_V1
BEN-003321,Wad Madani,AID-2026-ED-512,food and agriculture,individual,TRUE,SYNTH_ADVERSARY_V1
BEN-006855,Deir al-Balah,AID-2026-SH-455,international development,group,TRUE,SYNTH_ADVERSARY_V1
BEN-004682,Wad Madani,AID-2026-ED-512,education,household,TRUE,SYNTH_ADVERSARY_V1
BEN-016720,Wad Madani,AID-2026-WS-618,human services,household,TRUE,SYNTH_ADVERSARY_V1
BEN-003030,Wad Madani,AID-2026-WS-618,international development,individual,TRUE,SYNTH_ADVERSARY_V1
BEN-022417,Wad Madani,AID-2026-FS-207,education,individual,TRUE,SYNTH_ADVERSARY_V1
BEN-016615,Cox's Bazar,AID-2026-DR-114,medical,household,TRUE,SYNTH_ADVERSARY_V1
BEN-008503,Cox's Bazar,AID-2026-ED-512,disaster relief,individual,TRUE,SYNTH_ADVERSARY_V1
BEN-003152,Cox's Bazar,AID-2026-ED-512,environment,household,TRUE,SYNTH_ADVERSARY_V1
BEN-015946,Cox's Bazar,AID-2026-WS-618,youth development,household,TRUE,SYNTH_ADVERSARY_V1
BEN-023231,Cox's Bazar,AID-2026-HL-330,environment,group,TRUE,SYNTH_ADVERSARY_V1
BEN-007213,Cox's Bazar,AID-2026-ED-512,education,individual,TRUE,SYNTH_ADVERSARY_V1
BEN-005641,Cox's Bazar,AID-2026-DR-114,housing,individual,TRUE,SYNTH_ADVERSARY_V1
BEN-009092,Cox's Bazar,AID-2026-DR-114,human services,individual,TRUE,SYNTH_ADVERSARY_V1
BEN-002764,Cox's Bazar,AID-2026-HL-330,civil rights,group,TRUE,SYNTH_ADVERSARY_V1
BEN-007593,Sitapur,AID-2026-HL-330,youth development,individual,TRUE,SYNTH_ADVERSARY_V1
BEN-022477,Sitapur,AID-2026-SH-455,medical,household,TRUE,SYNTH_ADVERSARY_V1
BEN-017819,Sitapur,AID-2026-WS-618,human services,household,TRUE,SYNTH_ADVERSARY_V1
BEN-004175,Sitapur,AID-2026-HL-330,food and agriculture,group,TRUE,SYNTH_ADVERSARY_V1
BEN-007499,Sitapur,AID-2026-WS-618,housing,group,TRUE,SYNTH_ADVERSARY_V1
BEN-005389,Sitapur,AID-2026-DR-114,human services,household,TRUE,SYNTH_ADVERSARY_V1
BEN-004593,Sitapur,AID-2026-FS-207,food and agriculture,household,TRUE,SYNTH_ADVERSARY_V1
BEN-010351,Sitapur,AID-2026-DR-114,environment,household,TRUE,SYNTH_ADVERSARY_V1
BEN-012372,Sitapur,AID-2026-HL-330,food and agriculture,household,TRUE,SYNTH_ADVERSARY_V1
BEN-000832,Sitapur,AID-2026-WS-618,medical,household,TRUE,SYNTH_ADVERSARY_V1
BEN-005928,Sitapur,AID-2026-DR-114,international development,household,TRUE,SYNTH_ADVERSARY_V1
BEN-013161,Sitapur,AID-2026-WS-618,human services,individual,TRUE,SYNTH_ADVERSARY_V1
BEN-025540,Sitapur,AID-2026-DR-114,medical,household,TRUE,SYNTH_ADVERSARY_V1
BEN-013985,Sitapur,AID-2026-HL-330,civil rights,group,TRUE,SYNTH_ADVERSARY_V1
BEN-008392,Deir al-Balah,AID-2026-WS-618,youth development,household,TRUE,SYNTH_ADVERSARY_V1
BEN-002749,Deir al-Balah,AID-2026-WS-618,education,household,TRUE,SYNTH_ADVERSARY_V1
BEN-002263,Deir al-Balah,AID-2026-HL-330,international development,household,TRUE,SYNTH_ADVERSARY_V1
BEN-022212,Deir al-Balah,AID-2026-WS-618,international development,household,TRUE,SYNTH_ADVERSARY_V1
BEN-020948,Deir al-Balah,AID-2026-FS-207,civil rights,household,TRUE,SYNTH_ADVERSARY_V1
BEN-021013,Deir al-Balah,AID-2026-HL-330,disaster relief,individual,TRUE,SYNTH_ADVERSARY_V1
BEN-008620,Deir al-Balah,AID-2026-ED-512,youth development,household,TRUE,SYNTH_ADVERSARY_V1
BEN-024020,Deir al-Balah,AID-2026-SH-455,disaster relief,individual,TRUE,SYNTH_ADVERSARY_V1
BEN-018283,Deir al-Balah,AID-2026-FS-207,food and agriculture,household,TRUE,SYNTH_ADVERSARY_V1
BEN-011716,Deir al-Balah,AID-2026-SH-455,environment,household,TRUE,SYNTH_ADVERSARY_V1
BEN-001818,Deir al-Balah,AID-2026-WS-618,civil rights,household,TRUE,SYNTH_ADVERSARY_V1
BEN-008023,Cox's Bazar,AID-2026-SH-455,youth development,household,TRUE,SYNTH_ADVERSARY_V1
BEN-006130,Cox's Bazar,AID-2026-DR-114,human services,household,TRUE,SYNTH_ADVERSARY_V1
BEN-005091,Cox's Bazar,AID-2026-DR-114,housing,household,TRUE,SYNTH_ADVERSARY_V1
BEN-008837,Cox's Bazar,AID-2026-ED-512,medical,individual,TRUE,SYNTH_ADVERSARY_V1
BEN-008498,Cox's Bazar,AID-2026-ED-512,education,household,TRUE,SYNTH_ADVERSARY_V1
BEN-022744,Cox's Bazar,AID-2026-SH-455,food and agriculture,household,TRUE,SYNTH_ADVERSARY_V1
BEN-011863,Cox's Bazar,AID-2026-SH-455,human services,individual,TRUE,SYNTH_ADVERSARY_V1
BEN-003170,Cox's Bazar,AID-2026-HL-330,housing,individual,TRUE,SYNTH_ADVERSARY_V1
BEN-021475,Cox's Bazar,AID-2026-HL-330,human services,household,TRUE,SYNTH_ADVERSARY_V1
BEN-002505,Balrampur,AID-2026-WS-618,disaster relief,household,TRUE,SYNTH_ADVERSARY_V1
BEN-012543,Nyala,AID-2026-FS-207,food and agriculture,household,TRUE,SYNTH_ADVERSARY_V1
BEN-012156,Nyala,AID-2026-WS-618,environment,individual,TRUE,SYNTH_ADVERSARY_V1
BEN-005604,Nyala,AID-2026-ED-512,housing,group,TRUE,SYNTH_ADVERSARY_V1
BEN-013283,Nyala,AID-2026-FS-207,food and agriculture,group,TRUE,SYNTH_ADVERSARY_V1
BEN-004785,Nyala,AID-2026-SH-455,environment,household,TRUE,SYNTH_ADVERSARY_V1
BEN-017106,Nyala,AID-2026-HL-330,international development,individual,TRUE,SYNTH_ADVERSARY_V1
BEN-006712,Nyala,AID-2026-HL-330,disaster relief,household,TRUE,SYNTH_ADVERSARY_V1
BEN-004632,Nyala,AID-2026-WS-618,education,individual,TRUE,SYNTH_ADVERSARY_V1
BEN-018146,Nyala,AID-2026-ED-512,environment,household,TRUE,SYNTH_ADVERSARY_V1
BEN-019622,Maradi,AID-2026-HL-330,environment,household,TRUE,SYNTH_ADVERSARY_V1
BEN-005731,Maradi,AID-2026-HL-330,human services,group,TRUE,SYNTH_ADVERSARY_V1
BEN-012062,Maradi,AID-2026-ED-512,youth development,household,TRUE,SYNTH_ADVERSARY_V1
BEN-024217,Maradi,AID-2026-SH-455,housing,individual,TRUE,SYNTH_ADVERSARY_V1
BEN-003661,Maradi,AID-2026-HL-330,education,household,TRUE,SYNTH_ADVERSARY_V1
BEN-015393,Maradi,AID-2026-WS-618,environment,household,TRUE,SYNTH_ADVERSARY_V1
BEN-009552,Maradi,AID-2026-HL-330,medical,household,TRUE,SYNTH_ADVERSARY_V1
BEN-014911,Maradi,AID-2026-HL-330,disaster relief,individual,TRUE,SYNTH_ADVERSARY_V1
BEN-015325,El Obeid,AID-2026-FS-207,civil rights,household,TRUE,SYNTH_ADVERSARY_V1
BEN-010682,El Obeid,AID-2026-FS-207,international development,household,TRUE,SYNTH_ADVERSARY_V1
BEN-011825,El Obeid,AID-2026-ED-512,civil rights,group,TRUE,SYNTH_ADVERSARY_V1
BEN-000024,El Obeid,AID-2026-HL-330,housing,household,TRUE,SYNTH_ADVERSARY_V1
BEN-005603,El Obeid,AID-2026-ED-512,civil rights,household,TRUE,SYNTH_ADVERSARY_V1
BEN-016763,El Obeid,AID-2026-FS-207,housing,household,TRUE,SYNTH_ADVERSARY_V1
BEN-002200,El Obeid,AID-2026-FS-207,food and agriculture,individual,TRUE,SYNTH_ADVERSARY_V1
BEN-013048,El Obeid,AID-2026-SH-455,civil rights,household,TRUE,SYNTH_ADVERSARY_V1
BEN-009778,El Obeid,AID-2026-SH-455,civil rights,household,TRUE,SYNTH_ADVERSARY_V1
BEN-013901,El Obeid,AID-2026-SH-455,human services,individual,TRUE,SYNTH_ADVERSARY_V1
BEN-024931,El Obeid,AID-2026-FS-207,international development,household,TRUE,SYNTH_ADVERSARY_V1
BEN-025756,El Obeid,AID-2026-DR-114,international development,household,TRUE,SYNTH_ADVERSARY_V1
BEN-011580,El Obeid,AID-2026-ED-512,medical,individual,TRUE,SYNTH_ADVERSARY_V1
BEN-023665,El Obeid,AID-2026-ED-512,food and agriculture,individual,TRUE,SYNTH_ADVERSARY_V1
BEN-017591,El Obeid,AID-2026-WS-618,housing,household,TRUE,SYNTH_ADVERSARY_V1
BEN-008863,El Obeid,AID-2026-ED-512,youth development,household,TRUE,SYNTH_ADVERSARY_V1
BEN-010115,El Obeid,AID-2026-ED-512,human services,individual,TRUE,SYNTH_ADVERSARY_V1
BEN-009612,El Obeid,AID-2026-DR-114,youth development,household,TRUE,SYNTH_ADVERSARY_V1
BEN-018840,El Obeid,AID-2026-HL-330,food and agriculture,household,TRUE,SYNTH_ADVERSARY_V1
BEN-011071,El Obeid,AID-2026-SH-455,human services,household,TRUE,SYNTH_ADVERSARY_V1
BEN-015135,El Obeid,AID-2026-SH-455,human services,individual,TRUE,SYNTH_ADVERSARY_V1
BEN-001216,El Obeid,AID-2026-HL-330,international development,household,TRUE,SYNTH_ADVERSARY_V1
BEN-001409,El Obeid,AID-2026-HL-330,environment,household,TRUE,SYNTH_ADVERSARY_V1
BEN-005097,El Obeid,AID-2026-ED-512,disaster relief,individual,TRUE,SYNTH_ADVERSARY_V1
BEN-002980,El Obeid,AID-2026-DR-114,education,household,TRUE,SYNTH_ADVERSARY_V1
BEN-009329,El Obeid,AID-2026-DR-114,housing,household,TRUE,SYNTH_ADVERSARY_V1
BEN-019763,Gaza North,AID-2026-ED-512,disaster relief,household,TRUE,SYNTH_ADVERSARY_V1
BEN-014314,Gaza North,AID-2026-DR-114,education,group,TRUE,SYNTH_ADVERSARY_V1
BEN-013546,Gaza North,AID-2026-ED-512,environment,group,TRUE,SYNTH_ADVERSARY_V1
BEN-010390,Gaza North,AID-2026-HL-330,housing,individual,TRUE,SYNTH_ADVERSARY_V1
BEN-005244,Gaza North,AID-2026-SH-455,environment,group,TRUE,SYNTH_ADVERSARY_V1
BEN-011745,Gaza North,AID-2026-WS-618,medical,individual,TRUE,SYNTH_ADVERSARY_V1
BEN-023851,Gaza North,AID-2026-HL-330,housing,household,TRUE,SYNTH_ADVERSARY_V1
BEN-007494,Kassala,AID-2026-FS-207,environment,household,TRUE,SYNTH_ADVERSARY_V1
BEN-017426,Kassala,AID-2026-DR-114,civil rights,group,TRUE,SYNTH_ADVERSARY_V1
BEN-017084,Kassala,AID-2026-FS-207,civil rights,household,TRUE,SYNTH_ADVERSARY_V1
BEN-020855,Kassala,AID-2026-ED-512,food and agriculture,individual,TRUE,SYNTH_ADVERSARY_V1
BEN-007847,Kassala,AID-2026-FS-207,international development,individual,TRUE,SYNTH_ADVERSARY_V1
BEN-011080,Kassala,AID-2026-DR-114,food and agriculture,individual,TRUE,SYNTH_ADVERSARY_V1
BEN-021706,Kassala,AID-2026-WS-618,housing,household,TRUE,SYNTH_ADVERSARY_V1
BEN-025079,Kassala,AID-2026-SH-455,education,group,TRUE,SYNTH_ADVERSARY_V1
BEN-005283,Kassala,AID-2026-SH-455,disaster relief,household,TRUE,SYNTH_ADVERSARY_V1
BEN-011032,Maradi,AID-2026-FS-207,civil rights,individual,TRUE,SYNTH_ADVERSARY_V1
BEN-011428,Maradi,AID-2026-FS-207,youth development,household,TRUE,SYNTH_ADVERSARY_V1
BEN-019382,Maradi,AID-2026-FS-207,human services,individual,TRUE,SYNTH_ADVERSARY_V1
BEN-008621,Maradi,AID-2026-SH-455,disaster relief,household,TRUE,SYNTH_ADVERSARY_V1
BEN-001036,Maradi,AID-2026-SH-455,human services,individual,TRUE,SYNTH_ADVERSARY_V1
BEN-009264,Maradi,AID-2026-WS-618,housing,individual,TRUE,SYNTH_ADVERSARY_V1
BEN-021381,Maradi,AID-2026-WS-618,human services,household,TRUE,SYNTH_ADVERSARY_V1
BEN-002375,Maradi,AID-2026-DR-114,environment,group,TRUE,SYNTH_ADVERSARY_V1
BEN-007586,Maradi,AID-2026-WS-618,disaster relief,individual,TRUE,SYNTH_ADVERSARY_V1
BEN-015158,Maradi,AID-2026-FS-207,medical,household,TRUE,SYNTH_ADVERSARY_V1
BEN-005801,Nyala,AID-2026-HL-330,youth development,household,TRUE,SYNTH_ADVERSARY_V1
BEN-002959,Nyala,AID-2026-DR-114,environment,household,TRUE,SYNTH_ADVERSARY_V1
BEN-004595,Nyala,AID-2026-DR-114,international development,individual,TRUE,SYNTH_ADVERSARY_V1
BEN-012177,Nyala,AID-2026-HL-330,human services,household,TRUE,SYNTH_ADVERSARY_V1
BEN-024426,Nyala,AID-2026-SH-455,disaster relief,household,TRUE,SYNTH_ADVERSARY_V1
BEN-000745,Nyala,AID-2026-FS-207,education,group,TRUE,SYNTH_ADVERSARY_V1
BEN-016682,Nyala,AID-2026-SH-455,environment,group,TRUE,SYNTH_ADVERSARY_V1
BEN-013122,Nyala,AID-2026-SH-455,civil rights,household,TRUE,SYNTH_ADVERSARY_V1
BEN-023535,Nyala,AID-2026-SH-455,civil rights,household,TRUE,SYNTH_ADVERSARY_V1
BEN-016207,Balrampur,AID-2026-SH-455,medical,household,TRUE,SYNTH_ADVERSARY_V1
BEN-002601,Balrampur,AID-2026-DR-114,international development,household,TRUE,SYNTH_ADVERSARY_V1
BEN-005643,Balrampur,AID-2026-ED-512,food and agriculture,individual,TRUE,SYNTH_ADVERSARY_V1
BEN-013159,Balrampur,AID-2026-FS-207,civil rights,individual,TRUE,SYNTH_ADVERSARY_V1
BEN-018350,Balrampur,AID-2026-DR-114,education,individual,TRUE,SYNTH_ADVERSARY_V1
BEN-001906,Balrampur,AID-2026-ED-512,international development,household,TRUE,SYNTH_ADVERSARY_V1
BEN-019874,Balrampur,AID-2026-DR-114,environment,household,TRUE,SYNTH_ADVERSARY_V1
BEN-002500,Wad Madani,AID-2026-ED-512,civil rights,household,TRUE,SYNTH_ADVERSARY_V1
BEN-018226,Wad Madani,AID-2026-HL-330,medical,household,TRUE,SYNTH_ADVERSARY_V1
BEN-021585,Wad Madani,AID-2026-FS-207,disaster relief,household,TRUE,SYNTH_ADVERSARY_V1
BEN-007671,Wad Madani,AID-2026-ED-512,housing,group,TRUE,SYNTH_ADVERSARY_V1
BEN-010504,Wad Madani,AID-2026-HL-330,civil rights,household,TRUE,SYNTH_ADVERSARY_V1
BEN-023197,Wad Madani,AID-2026-FS-207,medical,household,TRUE,SYNTH_ADVERSARY_V1
BEN-021310,Wad Madani,AID-2026-HL-330,civil rights,household,TRUE,SYNTH_ADVERSARY_V1
BEN-015932,Wad Madani,AID-2026-WS-618,international development,household,TRUE,SYNTH_ADVERSARY_V1
BEN-008285,Wad Madani,AID-2026-ED-512,international development,household,TRUE,SYNTH_ADVERSARY_V1
BEN-018662,Wad Madani,AID-2026-DR-114,education,group,TRUE,SYNTH_ADVERSARY_V1
BEN-012882,Wad Madani,AID-2026-SH-455,human services,group,TRUE,SYNTH_ADVERSARY_V1
BEN-017921,Wad Madani,AID-2026-FS-207,youth development,group,TRUE,SYNTH_ADVERSARY_V1
BEN-008470,Wad Madani,AID-2026-ED-512,medical,group,TRUE,SYNTH_ADVERSARY_V1
BEN-022756,Khan Yunis,AID-2026-ED-512,international development,individual,TRUE,SYNTH_ADVERSARY_V1
BEN-024620,Khan Yunis,AID-2026-DR-114,medical,individual,TRUE,SYNTH_ADVERSARY_V1
BEN-022279,Khan Yunis,AID-2026-ED-512,human services,household,TRUE,SYNTH_ADVERSARY_V1
BEN-014397,Khan Yunis,AID-2026-HL-330,youth development,household,TRUE,SYNTH_ADVERSARY_V1
BEN-021824,Khan Yunis,AID-2026-ED-512,housing,individual,TRUE,SYNTH_ADVERSARY_V1
BEN-014170,Khan Yunis,AID-2026-DR-114,human services,household,TRUE,SYNTH_ADVERSARY_V1
BEN-025034,Khan Yunis,AID-2026-WS-618,environment,individual,TRUE,SYNTH_ADVERSARY_V1
BEN-011036,Khan Yunis,AID-2026-HL-330,environment,group,TRUE,SYNTH_ADVERSARY_V1
BEN-000940,Khan Yunis,AID-2026-WS-618,education,household,TRUE,SYNTH_ADVERSARY_V1
BEN-024833,Khan Yunis,AID-2026-DR-114,civil rights,household,TRUE,SYNTH_ADVERSARY_V1
BEN-018160,Khan Yunis,AID-2026-WS-618,international development,household,TRUE,SYNTH_ADVERSARY_V1
BEN-021077,Kutupalong,AID-2026-DR-114,housing,household,TRUE,SYNTH_ADVERSARY_V1
BEN-018716,Kutupalong,AID-2026-SH-455,youth development,household,TRUE,SYNTH_ADVERSARY_V1
BEN-004416,Kutupalong,AID-2026-DR-114,youth development,household,TRUE,SYNTH_ADVERSARY_V1
BEN-024876,Kutupalong,AID-2026-DR-114,human services,individual,TRUE,SYNTH_ADVERSARY_V1
BEN-015506,Kutupalong,AID-2026-SH-455,civil rights,household,TRUE,SYNTH_ADVERSARY_V1
BEN-017019,Kutupalong,AID-2026-WS-618,education,household,TRUE,SYNTH_ADVERSARY_V1
BEN-017139,Kutupalong,AID-2026-WS-618,youth development,household,TRUE,SYNTH_ADVERSARY_V1
BEN-002004,Kutupalong,AID-2026-DR-114,international development,household,TRUE,SYNTH_ADVERSARY_V1
BEN-004768,Kutupalong,AID-2026-HL-330,environment,individual,TRUE,SYNTH_ADVERSARY_V1
BEN-018937,Kutupalong,AID-2026-SH-455,education,individual,TRUE,SYNTH_ADVERSARY_V1
BEN-009258,Kutupalong,AID-2026-FS-207,disaster relief,household,TRUE,SYNTH_ADVERSARY_V1
BEN-020960,Kutupalong,AID-2026-FS-207,education,individual,TRUE,SYNTH_ADVERSARY_V1
BEN-022135,Kutupalong,AID-2026-FS-207,international development,individual,TRUE,SYNTH_ADVERSARY_V1
BEN-020329,Kutupalong,AID-2026-FS-207,human services,individual,TRUE,SYNTH_ADVERSARY_V1
BEN-016980,El Obeid,AID-2026-HL-330,youth development,group,TRUE,SYNTH_ADVERSARY_V1
BEN-016660,El Obeid,AID-2026-WS-618,youth development,individual,TRUE,SYNTH_ADVERSARY_V1
BEN-018993,El Obeid,AID-2026-WS-618,human services,household,TRUE,SYNTH_ADVERSARY_V1
BEN-025632,El Obeid,AID-2026-SH-455,international development,household,TRUE,SYNTH_ADVERSARY_V1
BEN-003112,El Obeid,AID-2026-ED-512,disaster relief,group,TRUE,SYNTH_ADVERSARY_V1
BEN-019774,El Obeid,AID-2026-DR-114,civil rights,individual,TRUE,SYNTH_ADVERSARY_V1
BEN-007665,El Obeid,AID-2026-WS-618,housing,household,TRUE,SYNTH_ADVERSARY_V1
BEN-021837,El Obeid,AID-2026-WS-618,disaster relief,household,TRUE,SYNTH_ADVERSARY_V1
BEN-016738,Gaza North,AID-2026-HL-330,youth development,household,TRUE,SYNTH_ADVERSARY_V1
BEN-023663,El Obeid,AID-2026-ED-512,environment,household,TRUE,SYNTH_ADVERSARY_V1
BEN-024721,El Obeid,AID-2026-FS-207,housing,household,TRUE,SYNTH_ADVERSARY_V1
BEN-013417,Wad Madani,AID-2026-FS-207,human services,household,TRUE,SYNTH_ADVERSARY_V1
BEN-004726,Wad Madani,AID-2026-HL-330,human services,group,TRUE,SYNTH_ADVERSARY_V1
BEN-013182,Wad Madani,AID-2026-HL-330,housing,household,TRUE,SYNTH_ADVERSARY_V1
BEN-005267,Wad Madani,AID-2026-HL-330,housing,household,TRUE,SYNTH_ADVERSARY_V1
BEN-010006,Wad Madani,AID-2026-WS-618,food and agriculture,individual,TRUE,SYNTH_ADVERSARY_V1
BEN-000212,Wad Madani,AID-2026-FS-207,youth development,household,TRUE,SYNTH_ADVERSARY_V1
BEN-008662,Wad Madani,AID-2026-ED-512,food and agriculture,individual,TRUE,SYNTH_ADVERSARY_V1
BEN-005598,Wad Madani,AID-2026-WS-618,youth development,household,TRUE,SYNTH_ADVERSARY_V1
BEN-021299,Barabanki,AID-2026-WS-618,youth development,individual,TRUE,SYNTH_ADVERSARY_V1
BEN-016675,Wad Madani,AID-2026-ED-512,civil rights,household,TRUE,SYNTH_ADVERSARY_V1
BEN-013902,Rafah,AID-2026-ED-512,education,group,TRUE,SYNTH_ADVERSARY_V1
BEN-018705,Rafah,AID-2026-FS-207,youth development,individual,TRUE,SYNTH_ADVERSARY_V1
BEN-003555,Rafah,AID-2026-SH-455,youth development,household,TRUE,SYNTH_ADVERSARY_V1
BEN-007450,Rafah,AID-2026-HL-330,civil rights,household,TRUE,SYNTH_ADVERSARY_V1
BEN-003622,Rafah,AID-2026-ED-512,youth development,group,TRUE,SYNTH_ADVERSARY_V1
BEN-018479,Rafah,AID-2026-FS-207,food and agriculture,household,TRUE,SYNTH_ADVERSARY_V1
BEN-005786,Rafah,AID-2026-FS-207,civil rights,household,TRUE,SYNTH_ADVERSARY_V1
BEN-003766,Rafah,AID-2026-DR-114,youth development,household,TRUE,SYNTH_ADVERSARY_V1
BEN-024889,Rafah,AID-2026-SH-455,housing,household,TRUE,SYNTH_ADVERSARY_V1
BEN-023528,Rafah,AID-2026-FS-207,environment,household,TRUE,SYNTH_ADVERSARY_V1
BEN-017438,Rafah,AID-2026-DR-114,medical,household,TRUE,SYNTH_ADVERSARY_V1
BEN-023298,Rafah,AID-2026-WS-618,environment,household,TRUE,SYNTH_ADVERSARY_V1
BEN-007831,Rafah,AID-2026-DR-114,medical,individual,TRUE,SYNTH_ADVERSARY_V1
BEN-006495,Diffa,AID-2026-FS-207,civil rights,group,TRUE,SYNTH_ADVERSARY_V1
BEN-010869,Diffa,AID-2026-WS-618,human services,household,TRUE,SYNTH_ADVERSARY_V1
BEN-008384,Diffa,AID-2026-HL-330,education,individual,TRUE,SYNTH_ADVERSARY_V1
BEN-023043,Diffa,AID-2026-DR-114,youth development,group,TRUE,SYNTH_ADVERSARY_V1
BEN-003218,Diffa,AID-2026-FS-207,housing,group,TRUE,SYNTH_ADVERSARY_V1
BEN-009777,Diffa,AID-2026-WS-618,medical,household,TRUE,SYNTH_ADVERSARY_V1
BEN-000427,Diffa,AID-2026-SH-455,medical,household,TRUE,SYNTH_ADVERSARY_V1
BEN-013334,Diffa,AID-2026-FS-207,disaster relief,individual,TRUE,SYNTH_ADVERSARY_V1
BEN-000793,Diffa,AID-2026-ED-512,environment,household,TRUE,SYNTH_ADVERSARY_V1
BEN-012393,Kutupalong,AID-2026-FS-207,disaster relief,household,TRUE,SYNTH_ADVERSARY_V1
BEN-025289,Kutupalong,AID-2026-SH-455,environment,household,TRUE,SYNTH_ADVERSARY_V1
BEN-020609,Kutupalong,AID-2026-SH-455,civil rights,household,TRUE,SYNTH_ADVERSARY_V1
BEN-010511,Kutupalong,AID-2026-DR-114,international development,group,TRUE,SYNTH_ADVERSARY_V1
BEN-021694,Kutupalong,AID-2026-HL-330,housing,household,TRUE,SYNTH_ADVERSARY_V1
BEN-003984,Kutupalong,AID-2026-HL-330,environment,individual,TRUE,SYNTH_ADVERSARY_V1
BEN-011329,Kutupalong,AID-2026-WS-618,medical,household,TRUE,SYNTH_ADVERSARY_V1
BEN-024567,Kutupalong,AID-2026-HL-330,education,household,TRUE,SYNTH_ADVERSARY_V1
BEN-011633,Kutupalong,AID-2026-SH-455,international development,individual,TRUE,SYNTH_ADVERSARY_V1
BEN-014551,Deir al-Balah,AID-2026-HL-330,food and agriculture,individual,TRUE,SYNTH_ADVERSARY_V1
BEN-006687,Deir al-Balah,AID-2026-ED-512,human services,household,TRUE,SYNTH_ADVERSARY_V1
BEN-018041,Deir al-Balah,AID-2026-WS-618,medical,individual,TRUE,SYNTH_ADVERSARY_V1
BEN-025291,Deir al-Balah,AID-2026-DR-114,food and agriculture,individual,TRUE,SYNTH_ADVERSARY_V1
BEN-018117,Deir al-Balah,AID-2026-FS-207,housing,individual,TRUE,SYNTH_ADVERSARY_V1
BEN-024120,Deir al-Balah,AID-2026-WS-618,disaster relief,individual,TRUE,SYNTH_ADVERSARY_V1
BEN-001179,Deir al-Balah,AID-2026-SH-455,food and agriculture,household,TRUE,SYNTH_ADVERSARY_V1
BEN-010581,El Obeid,AID-2026-WS-618,medical,household,TRUE,SYNTH_ADVERSARY_V1
BEN-012672,El Obeid,AID-2026-ED-512,education,individual,TRUE,SYNTH_ADVERSARY_V1
BEN-005270,El Obeid,AID-2026-FS-207,human services,household,TRUE,SYNTH_ADVERSARY_V1
BEN-015909,El Obeid,AID-2026-ED-512,food and agriculture,household,TRUE,SYNTH_ADVERSARY_V1
BEN-009703,El Obeid,AID-2026-SH-455,environment,household,TRUE,SYNTH_ADVERSARY_V1
BEN-007731,El Obeid,AID-2026-DR-114,human services,household,TRUE,SYNTH_ADVERSARY_V1
BEN-021322,El Obeid,AID-2026-SH-455,human services,individual,TRUE,SYNTH_ADVERSARY_V1
BEN-014480,El Obeid,AID-2026-DR-114,international development,household,TRUE,SYNTH_ADVERSARY_V1
BEN-008333,Wad Madani,AID-2026-DR-114,housing,individual,TRUE,SYNTH_ADVERSARY_V1
BEN-008632,Wad Madani,AID-2026-WS-618,disaster relief,group,TRUE,SYNTH_ADVERSARY_V1
BEN-007999,Wad Madani,AID-2026-SH-455,civil rights,group,TRUE,SYNTH_ADVERSARY_V1
BEN-017749,Wad Madani,AID-2026-ED-512,environment,household,TRUE,SYNTH_ADVERSARY_V1
BEN-009641,Wad Madani,AID-2026-ED-512,medical,household,TRUE,SYNTH_ADVERSARY_V1
BEN-006710,Wad Madani,AID-2026-FS-207,medical,individual,TRUE,SYNTH_ADVERSARY_V1
BEN-022818,Wad Madani,AID-2026-WS-618,medical,individual,TRUE,SYNTH_ADVERSARY_V1
BEN-021256,Wad Madani,AID-2026-ED-512,education,household,TRUE,SYNTH_ADVERSARY_V1
BEN-006197,Wad Madani,AID-2026-HL-330,medical,individual,TRUE,SYNTH_ADVERSARY_V1
BEN-023884,Chitrakoot,AID-2026-SH-455,disaster relief,group,TRUE,SYNTH_ADVERSARY_V1
BEN-018867,Chitrakoot,AID-2026-ED-512,food and agriculture,individual,TRUE,SYNTH_ADVERSARY_V1
BEN-008552,Chitrakoot,AID-2026-SH-455,medical,household,TRUE,SYNTH_ADVERSARY_V1
BEN-005423,Chitrakoot,AID-2026-ED-512,medical,household,TRUE,SYNTH_ADVERSARY_V1
BEN-020920,Chitrakoot,AID-2026-DR-114,food and agriculture,household,TRUE,SYNTH_ADVERSARY_V1
BEN-000233,Chitrakoot,AID-2026-DR-114,education,group,TRUE,SYNTH_ADVERSARY_V1
BEN-011520,Chitrakoot,AID-2026-FS-207,medical,household,TRUE,SYNTH_ADVERSARY_V1
BEN-014415,Chitrakoot,AID-2026-WS-618,international development,household,TRUE,SYNTH_ADVERSARY_V1
BEN-019198,Chitrakoot,AID-2026-HL-330,civil rights,individual,TRUE,SYNTH_ADVERSARY_V1
BEN-017140,Chitrakoot,AID-2026-DR-114,housing,individual,TRUE,SYNTH_ADVERSARY_V1
BEN-010933,Chitrakoot,AID-2026-DR-114,education,household,TRUE,SYNTH_ADVERSARY_V1
BEN-016117,Chitrakoot,AID-2026-FS-207,civil rights,group,TRUE,SYNTH_ADVERSARY_V1
BEN-017712,Chitrakoot,AID-2026-ED-512,housing,household,TRUE,SYNTH_ADVERSARY_V1
BEN-014826,Chitrakoot,AID-2026-DR-114,medical,individual,TRUE,SYNTH_ADVERSARY_V1
BEN-010469,Chitrakoot,AID-2026-FS-207,civil rights,group,TRUE,SYNTH_ADVERSARY_V1
BEN-013813,Chitrakoot,AID-2026-HL-330,housing,individual,TRUE,SYNTH_ADVERSARY_V1
BEN-011409,Chitrakoot,AID-2026-HL-330,medical,individual,TRUE,SYNTH_ADVERSARY_V1
BEN-021329,Chitrakoot,AID-2026-DR-114,international development,household,TRUE,SYNTH_ADVERSARY_V1
BEN-001625,Chitrakoot,AID-2026-SH-455,medical,household,TRUE,SYNTH_ADVERSARY_V1
BEN-005366,Chitrakoot,AID-2026-WS-618,youth development,individual,TRUE,SYNTH_ADVERSARY_V1
BEN-007981,El Obeid,AID-2026-ED-512,human services,household,TRUE,SYNTH_ADVERSARY_V1
BEN-014605,El Obeid,AID-2026-SH-455,disaster relief,individual,TRUE,SYNTH_ADVERSARY_V1
BEN-013335,El Obeid,AID-2026-DR-114,international development,household,TRUE,SYNTH_ADVERSARY_V1
BEN-023346,El Obeid,AID-2026-HL-330,medical,household,TRUE,SYNTH_ADVERSARY_V1
BEN-013639,El Obeid,AID-2026-DR-114,food and agriculture,household,TRUE,SYNTH_ADVERSARY_V1
BEN-006945,El Obeid,AID-2026-FS-207,human services,household,TRUE,SYNTH_ADVERSARY_V1
BEN-007220,El Obeid,AID-2026-FS-207,food and agriculture,household,TRUE,SYNTH_ADVERSARY_V1
BEN-004224,Rafah,AID-2026-FS-207,environment,individual,TRUE,SYNTH_ADVERSARY_V1
BEN-016059,Rafah,AID-2026-HL-330,human services,household,TRUE,SYNTH_ADVERSARY_V1
BEN-022434,Rafah,AID-2026-DR-114,education,household,TRUE,SYNTH_ADVERSARY_V1
BEN-003020,Rafah,AID-2026-DR-114,food and agriculture,household,TRUE,SYNTH_ADVERSARY_V1
BEN-017729,Rafah,AID-2026-HL-330,food and agriculture,individual,TRUE,SYNTH_ADVERSARY_V1
BEN-000765,Rafah,AID-2026-SH-455,education,household,TRUE,SYNTH_ADVERSARY_V1
BEN-002303,Rafah,AID-2026-WS-618,international development,individual,TRUE,SYNTH_ADVERSARY_V1
BEN-008437,Rafah,AID-2026-DR-114,international development,individual,TRUE,SYNTH_ADVERSARY_V1
BEN-008625,Sitapur,AID-2026-FS-207,food and agriculture,individual,TRUE,SYNTH_ADVERSARY_V1
BEN-017198,Sitapur,AID-2026-WS-618,civil rights,household,TRUE,SYNTH_ADVERSARY_V1
BEN-006307,Sitapur,AID-2026-HL-330,housing,individual,TRUE,SYNTH_ADVERSARY_V1
BEN-001927,Sitapur,AID-2026-HL-330,human services,household,TRUE,SYNTH_ADVERSARY_V1
BEN-005634,Sitapur,AID-2026-FS-207,food and agriculture,household,TRUE,SYNTH_ADVERSARY_V1
BEN-020958,Sitapur,AID-2026-DR-114,civil rights,individual,TRUE,SYNTH_ADVERSARY_V1
BEN-011159,Sitapur,AID-2026-HL-330,international development,individual,TRUE,SYNTH_ADVERSARY_V1
BEN-012045,Sitapur,AID-2026-SH-455,environment,group,TRUE,SYNTH_ADVERSARY_V1
BEN-006736,Sitapur,AID-2026-SH-455,international development,household,TRUE,SYNTH_ADVERSARY_V1
BEN-001879,Sitapur,AID-2026-FS-207,human services,household,TRUE,SYNTH_ADVERSARY_V1
BEN-017805,Sitapur,AID-2026-FS-207,education,household,TRUE,SYNTH_ADVERSARY_V1
BEN-001618,Sitapur,AID-2026-HL-330,human services,household,TRUE,SYNTH_ADVERSARY_V1
BEN-005716,Deir al-Balah,AID-2026-WS-618,environment,individual,TRUE,SYNTH_ADVERSARY_V1
BEN-005199,Deir al-Balah,AID-2026-HL-330,youth development,group,TRUE,SYNTH_ADVERSARY_V1
BEN-025382,Deir al-Balah,AID-2026-WS-618,youth development,group,TRUE,SYNTH_ADVERSARY_V1
BEN-004722,Deir al-Balah,AID-2026-ED-512,housing,household,TRUE,SYNTH_ADVERSARY_V1
BEN-021919,Deir al-Balah,AID-2026-WS-618,education,household,TRUE,SYNTH_ADVERSARY_V1
BEN-020235,Deir al-Balah,AID-2026-ED-512,medical,household,TRUE,SYNTH_ADVERSARY_V1
BEN-009237,Deir al-Balah,AID-2026-DR-114,disaster relief,household,TRUE,SYNTH_ADVERSARY_V1
BEN-000973,Deir al-Balah,AID-2026-HL-330,food and agriculture,group,TRUE,SYNTH_ADVERSARY_V1
BEN-000068,Deir al-Balah,AID-2026-DR-114,housing,group,TRUE,SYNTH_ADVERSARY_V1
BEN-007429,Deir al-Balah,AID-2026-ED-512,human services,individual,TRUE,SYNTH_ADVERSARY_V1
BEN-014338,Deir al-Balah,AID-2026-SH-455,medical,household,TRUE,SYNTH_ADVERSARY_V1
BEN-005463,Balrampur,AID-2026-SH-455,education,group,TRUE,SYNTH_ADVERSARY_V1
BEN-004645,Balrampur,AID-2026-DR-114,medical,household,TRUE,SYNTH_ADVERSARY_V1
BEN-025913,Balrampur,AID-2026-SH-455,disaster relief,household,TRUE,SYNTH_ADVERSARY_V1
BEN-016179,Balrampur,AID-2026-DR-114,housing,group,TRUE,SYNTH_ADVERSARY_V1
BEN-023791,Balrampur,AID-2026-FS-207,civil rights,household,TRUE,SYNTH_ADVERSARY_V1
BEN-015509,Balrampur,AID-2026-WS-618,housing,household,TRUE,SYNTH_ADVERSARY_V1
BEN-013832,Balrampur,AID-2026-FS-207,medical,household,TRUE,SYNTH_ADVERSARY_V1
BEN-008284,Balrampur,AID-2026-HL-330,international development,household,TRUE,SYNTH_ADVERSARY_V1
BEN-004167,Balrampur,AID-2026-WS-618,environment,household,TRUE,SYNTH_ADVERSARY_V1
BEN-012676,Balrampur,AID-2026-DR-114,housing,household,TRUE,SYNTH_ADVERSARY_V1
BEN-025610,Balrampur,AID-2026-ED-512,housing,household,TRUE,SYNTH_ADVERSARY_V1
BEN-018197,Wad Madani,AID-2026-ED-512,education,household,TRUE,SYNTH_ADVERSARY_V1
BEN-009740,Wad Madani,AID-2026-FS-207,medical,individual,TRUE,SYNTH_ADVERSARY_V1
BEN-006754,Wad Madani,AID-2026-SH-455,youth development,group,TRUE,SYNTH_ADVERSARY_V1
BEN-003456,Wad Madani,AID-2026-WS-618,civil rights,household,TRUE,SYNTH_ADVERSARY_V1
BEN-022871,Wad Madani,AID-2026-HL-330,education,household,TRUE,SYNTH_ADVERSARY_V1
BEN-023201,Wad Madani,AID-2026-FS-207,medical,individual,TRUE,SYNTH_ADVERSARY_V1
BEN-013840,Wad Madani,AID-2026-DR-114,medical,household,TRUE,SYNTH_ADVERSARY_V1
BEN-014392,Cox's Bazar,AID-2026-FS-207,disaster relief,household,TRUE,SYNTH_ADVERSARY_V1
BEN-023798,Cox's Bazar,AID-2026-SH-455,civil rights,household,TRUE,SYNTH_ADVERSARY_V1
BEN-008113,Cox's Bazar,AID-2026-DR-114,environment,group,TRUE,SYNTH_ADVERSARY_V1
BEN-015362,Cox's Bazar,AID-2026-DR-114,civil rights,individual,TRUE,SYNTH_ADVERSARY_V1
BEN-001271,Cox's Bazar,AID-2026-HL-330,youth development,individual,TRUE,SYNTH_ADVERSARY_V1
BEN-011461,Cox's Bazar,AID-2026-WS-618,disaster relief,individual,TRUE,SYNTH_ADVERSARY_V1
BEN-021243,Cox's Bazar,AID-2026-FS-207,food and agriculture,group,TRUE,SYNTH_ADVERSARY_V1
BEN-025479,Cox's Bazar,AID-2026-HL-330,housing,household,TRUE,SYNTH_ADVERSARY_V1
BEN-019556,Cox's Bazar,AID-2026-SH-455,international development,individual,TRUE,SYNTH_ADVERSARY_V1
BEN-024549,Maradi,AID-2026-DR-114,human services,household,TRUE,SYNTH_ADVERSARY_V1
BEN-015479,Maradi,AID-2026-FS-207,youth development,household,TRUE,SYNTH_ADVERSARY_V1
BEN-005517,Maradi,AID-2026-WS-618,food and agriculture,household,TRUE,SYNTH_ADVERSARY_V1
BEN-011266,Maradi,AID-2026-WS-618,housing,individual,TRUE,SYNTH_ADVERSARY_V1
BEN-012034,Maradi,AID-2026-WS-618,education,group,TRUE,SYNTH_ADVERSARY_V1
BEN-001939,Maradi,AID-2026-ED-512,medical,individual,TRUE,SYNTH_ADVERSARY_V1
BEN-012553,Maradi,AID-2026-ED-512,international development,group,TRUE,SYNTH_ADVERSARY_V1
BEN-022616,Maradi,AID-2026-DR-114,disaster relief,individual,TRUE,SYNTH_ADVERSARY_V1
BEN-001804,Maradi,AID-2026-HL-330,environment,household,TRUE,SYNTH_ADVERSARY_V1
BEN-009690,Diffa,AID-2026-DR-114,education,group,TRUE,SYNTH_ADVERSARY_V1
BEN-001053,Diffa,AID-2026-FS-207,civil rights,household,TRUE,SYNTH_ADVERSARY_V1
BEN-014061,Diffa,AID-2026-ED-512,human services,household,TRUE,SYNTH_ADVERSARY_V1
BEN-002251,Diffa,AID-2026-SH-455,food and agriculture,household,TRUE,SYNTH_ADVERSARY_V1
BEN-014643,Diffa,AID-2026-WS-618,medical,individual,TRUE,SYNTH_ADVERSARY_V1
BEN-000160,Diffa,AID-2026-DR-114,medical,group,TRUE,SYNTH_ADVERSARY_V1
BEN-003625,Diffa,AID-2026-SH-455,environment,household,TRUE,SYNTH_ADVERSARY_V1
BEN-019825,Diffa,AID-2026-FS-207,education,household,TRUE,SYNTH_ADVERSARY_V1
BEN-003590,Sitapur,AID-2026-ED-512,disaster relief,individual,TRUE,SYNTH_ADVERSARY_V1
BEN-000730,Sitapur,AID-2026-HL-330,civil rights,group,TRUE,SYNTH_ADVERSARY_V1
BEN-003551,Sitapur,AID-2026-DR-114,education,individual,TRUE,SYNTH_ADVERSARY_V1
BEN-010596,Sitapur,AID-2026-ED-512,medical,individual,TRUE,SYNTH_ADVERSARY_V1
BEN-003799,Sitapur,AID-2026-SH-455,human services,household,TRUE,SYNTH_ADVERSARY_V1
BEN-019370,Sitapur,AID-2026-ED-512,medical,household,TRUE,SYNTH_ADVERSARY_V1
BEN-024324,Sitapur,AID-2026-WS-618,human services,household,TRUE,SYNTH_ADVERSARY_V1
BEN-004267,Sitapur,AID-2026-HL-330,environment,individual,TRUE,SYNTH_ADVERSARY_V1
BEN-002136,Sitapur,AID-2026-ED-512,medical,household,TRUE,SYNTH_ADVERSARY_V1
BEN-021707,Sitapur,AID-2026-HL-330,youth development,individual,TRUE,SYNTH_ADVERSARY_V1
BEN-011896,Sitapur,AID-2026-ED-512,civil rights,household,TRUE,SYNTH_ADVERSARY_V1
BEN-015493,Sitapur,AID-2026-WS-618,medical,household,TRUE,SYNTH_ADVERSARY_V1
BEN-025185,Sitapur,AID-2026-WS-618,education,individual,TRUE,SYNTH_ADVERSARY_V1
BEN-020693,Kutupalong,AID-2026-DR-114,environment,household,TRUE,SYNTH_ADVERSARY_V1
BEN-016051,Kutupalong,AID-2026-SH-455,housing,household,TRUE,SYNTH_ADVERSARY_V1
BEN-017180,Kutupalong,AID-2026-ED-512,housing,individual,TRUE,SYNTH_ADVERSARY_V1
BEN-012456,Kutupalong,AID-2026-FS-207,human services,household,TRUE,SYNTH_ADVERSARY_V1
BEN-015227,Kutupalong,AID-2026-HL-330,human services,household,TRUE,SYNTH_ADVERSARY_V1
BEN-009091,Kutupalong,AID-2026-FS-207,international development,individual,TRUE,SYNTH_ADVERSARY_V1
BEN-009807,Cox's Bazar,AID-2026-WS-618,environment,household,TRUE,SYNTH_ADVERSARY_V1
BEN-010787,Cox's Bazar,AID-2026-WS-618,environment,household,TRUE,SYNTH_ADVERSARY_V1
BEN-009482,Cox's Bazar,AID-2026-DR-114,youth development,individual,TRUE,SYNTH_ADVERSARY_V1
BEN-005320,Cox's Bazar,AID-2026-DR-114,youth development,group,TRUE,SYNTH_ADVERSARY_V1
BEN-008902,Cox's Bazar,AID-2026-SH-455,civil rights,individual,TRUE,SYNTH_ADVERSARY_V1
BEN-003282,Cox's Bazar,AID-2026-DR-114,environment,household,TRUE,SYNTH_ADVERSARY_V1
BEN-021683,Cox's Bazar,AID-2026-HL-330,food and agriculture,household,TRUE,SYNTH_ADVERSARY_V1
BEN-025685,Cox's Bazar,AID-2026-ED-512,environment,household,TRUE,SYNTH_ADVERSARY_V1
BEN-008331,Cox's Bazar,AID-2026-FS-207,international development,individual,TRUE,SYNTH_ADVERSARY_V1
BEN-015597,Cox's Bazar,AID-2026-DR-114,education,household,TRUE,SYNTH_ADVERSARY_V1
BEN-015577,Cox's Bazar,AID-2026-DR-114,civil rights,household,TRUE,SYNTH_ADVERSARY_V1
BEN-002154,Diffa,AID-2026-WS-618,human services,household,TRUE,SYNTH_ADVERSARY_V1
BEN-003524,Diffa,AID-2026-FS-207,human services,household,TRUE,SYNTH_ADVERSARY_V1
BEN-007842,Diffa,AID-2026-FS-207,environment,household,TRUE,SYNTH_ADVERSARY_V1
BEN-022719,Diffa,AID-2026-HL-330,disaster relief,household,TRUE,SYNTH_ADVERSARY_V1
BEN-011722,Diffa,AID-2026-WS-618,civil rights,group,TRUE,SYNTH_ADVERSARY_V1
BEN-019627,Diffa,AID-2026-SH-455,housing,household,TRUE,SYNTH_ADVERSARY_V1
BEN-004063,Diffa,AID-2026-DR-114,civil rights,group,TRUE,SYNTH_ADVERSARY_V1
BEN-015915,Balrampur,AID-2026-WS-618,housing,household,TRUE,SYNTH_ADVERSARY_V1
BEN-025296,Balrampur,AID-2026-DR-114,civil rights,household,TRUE,SYNTH_ADVERSARY_V1
BEN-022494,Balrampur,AID-2026-ED-512,disaster relief,individual,TRUE,SYNTH_ADVERSARY_V1
BEN-002981,Balrampur,AID-2026-WS-618,international development,individual,TRUE,SYNTH_ADVERSARY_V1
BEN-005189,Balrampur,AID-2026-HL-330,international development,group,TRUE,SYNTH_ADVERSARY_V1
BEN-017838,Balrampur,AID-2026-HL-330,medical,household,TRUE,SYNTH_ADVERSARY_V1
BEN-019908,Rafah,AID-2026-ED-512,medical,household,TRUE,SYNTH_ADVERSARY_V1
BEN-022711,Rafah,AID-2026-FS-207,international development,individual,TRUE,SYNTH_ADVERSARY_V1
BEN-021714,Rafah,AID-2026-FS-207,human services,individual,TRUE,SYNTH_ADVERSARY_V1
BEN-008945,Rafah,AID-2026-FS-207,food and agriculture,household,TRUE,SYNTH_ADVERSARY_V1
BEN-011292,Rafah,AID-2026-DR-114,disaster relief,group,TRUE,SYNTH_ADVERSARY_V1
BEN-010964,Rafah,AID-2026-FS-207,education,household,TRUE,SYNTH_ADVERSARY_V1
BEN-014793,Rafah,AID-2026-FS-207,medical,household,TRUE,SYNTH_ADVERSARY_V1
BEN-000805,Rafah,AID-2026-HL-330,food and agriculture,household,TRUE,SYNTH_ADVERSARY_V1
BEN-023372,Rafah,AID-2026-SH-455,human services,individual,TRUE,SYNTH_ADVERSARY_V1
BEN-018271,Kutupalong,AID-2026-WS-618,international development,household,TRUE,SYNTH_ADVERSARY_V1
BEN-020640,Kutupalong,AID-2026-HL-330,housing,group,TRUE,SYNTH_ADVERSARY_V1
BEN-011787,Kutupalong,AID-2026-SH-455,education,household,TRUE,SYNTH_ADVERSARY_V1
BEN-010500,Kutupalong,AID-2026-FS-207,civil rights,household,TRUE,SYNTH_ADVERSARY_V1
BEN-016899,Kutupalong,AID-2026-FS-207,human services,group,TRUE,SYNTH_ADVERSARY_V1
BEN-004231,Kutupalong,AID-2026-DR-114,food and agriculture,group,TRUE,SYNTH_ADVERSARY_V1
BEN-008822,Kutupalong,AID-2026-WS-618,disaster relief,household,TRUE,SYNTH_ADVERSARY_V1
BEN-009273,Kutupalong,AID-2026-DR-114,food and agriculture,household,TRUE,SYNTH_ADVERSARY_V1
BEN-008171,Kutupalong,AID-2026-HL-330,medical,individual,TRUE,SYNTH_ADVERSARY_V1
BEN-015062,Khan Yunis,AID-2026-FS-207,environment,household,TRUE,SYNTH_ADVERSARY_V1
BEN-005406,Khan Yunis,AID-2026-WS-618,housing,individual,TRUE,SYNTH_ADVERSARY_V1
BEN-024353,Khan Yunis,AID-2026-DR-114,disaster relief,household,TRUE,SYNTH_ADVERSARY_V1
BEN-014454,Khan Yunis,AID-2026-WS-618,environment,group,TRUE,SYNTH_ADVERSARY_V1
BEN-016864,Khan Yunis,AID-2026-SH-455,medical,individual,TRUE,SYNTH_ADVERSARY_V1
BEN-004066,Khan Yunis,AID-2026-HL-330,civil rights,household,TRUE,SYNTH_ADVERSARY_V1
BEN-000515,Khan Yunis,AID-2026-FS-207,food and agriculture,household,TRUE,SYNTH_ADVERSARY_V1
BEN-019679,Khan Yunis,AID-2026-HL-330,disaster relief,household,TRUE,SYNTH_ADVERSARY_V1
BEN-002542,Khan Yunis,AID-2026-WS-618,civil rights,household,TRUE,SYNTH_ADVERSARY_V1
BEN-000092,Khan Yunis,AID-2026-FS-207,food and agriculture,household,TRUE,SYNTH_ADVERSARY_V1
BEN-011298,Khan Yunis,AID-2026-HL-330,international development,household,TRUE,SYNTH_ADVERSARY_V1
BEN-012474,Khan Yunis,AID-2026-HL-330,education,individual,TRUE,SYNTH_ADVERSARY_V1
BEN-003791,Khan Yunis,AID-2026-HL-330,environment,household,TRUE,SYNTH_ADVERSARY_V1
BEN-007135,Khan Yunis,AID-2026-FS-207,medical,individual,TRUE,SYNTH_ADVERSARY_V1
BEN-014540,Nyala,AID-2026-ED-512,civil rights,individual,TRUE,SYNTH_ADVERSARY_V1
BEN-009697,Nyala,AID-2026-WS-618,international development,individual,TRUE,SYNTH_ADVERSARY_V1
BEN-017400,Nyala,AID-2026-WS-618,disaster relief,household,TRUE,SYNTH_ADVERSARY_V1
BEN-014694,Nyala,AID-2026-HL-330,youth development,individual,TRUE,SYNTH_ADVERSARY_V1
BEN-015821,Rafah,AID-2026-SH-455,food and agriculture,group,TRUE,SYNTH_ADVERSARY_V1
BEN-000146,Nyala,AID-2026-DR-114,housing,individual,TRUE,SYNTH_ADVERSARY_V1
BEN-019453,Nyala,AID-2026-HL-330,housing,household,TRUE,SYNTH_ADVERSARY_V1
BEN-013249,Nyala,AID-2026-DR-114,food and agriculture,household,TRUE,SYNTH_ADVERSARY_V1
BEN-025649,Nyala,AID-2026-SH-455,youth development,household,TRUE,SYNTH_ADVERSARY_V1
BEN-024790,Nyala,AID-2026-FS-207,disaster relief,household,TRUE,SYNTH_ADVERSARY_V1
BEN-007144,Nyala,AID-2026-HL-330,education,household,TRUE,SYNTH_ADVERSARY_V1
BEN-009351,Nyala,AID-2026-FS-207,housing,household,TRUE,SYNTH_ADVERSARY_V1
BEN-006527,Khan Yunis,AID-2026-DR-114,international development,individual,TRUE,SYNTH_ADVERSARY_V1
BEN-002369,Khan Yunis,AID-2026-DR-114,human services,household,TRUE,SYNTH_ADVERSARY_V1
BEN-021015,Khan Yunis,AID-2026-FS-207,disaster relief,individual,TRUE,SYNTH_ADVERSARY_V1
BEN-017127,Khan Yunis,AID-2026-SH-455,food and agriculture,household,TRUE,SYNTH_ADVERSARY_V1
BEN-013459,Khan Yunis,AID-2026-SH-455,education,individual,TRUE,SYNTH_ADVERSARY_V1
BEN-006756,Khan Yunis,AID-2026-WS-618,medical,household,TRUE,SYNTH_ADVERSARY_V1
BEN-004623,Kutupalong,AID-2026-SH-455,human services,individual,TRUE,SYNTH_ADVERSARY_V1
BEN-002013,Khan Yunis,AID-2026-HL-330,youth development,household,TRUE,SYNTH_ADVERSARY_V1
BEN-012264,Khan Yunis,AID-2026-HL-330,housing,household,TRUE,SYNTH_ADVERSARY_V1
BEN-023368,Khan Yunis,AID-2026-HL-330,environment,household,TRUE,SYNTH_ADVERSARY_V1
BEN-019188,Khan Yunis,AID-2026-HL-330,youth development,household,TRUE,SYNTH_ADVERSARY_V1
BEN-017934,Khan Yunis,AID-2026-WS-618,international development,individual,TRUE,SYNTH_ADVERSARY_V1
BEN-007619,Khan Yunis,AID-2026-FS-207,international development,individual,TRUE,SYNTH_ADVERSARY_V1
BEN-001865,Maradi,AID-2026-FS-207,food and agriculture,household,TRUE,SYNTH_ADVERSARY_V1
BEN-011533,Maradi,AID-2026-DR-114,human services,household,TRUE,SYNTH_ADVERSARY_V1
BEN-002585,Maradi,AID-2026-SH-455,education,household,TRUE,SYNTH_ADVERSARY_V1
BEN-018520,Maradi,AID-2026-ED-512,human services,household,TRUE,SYNTH_ADVERSARY_V1
BEN-002421,Maradi,AID-2026-SH-455,youth development,household,TRUE,SYNTH_ADVERSARY_V1
BEN-009544,Maradi,AID-2026-FS-207,medical,individual,TRUE,SYNTH_ADVERSARY_V1
BEN-020349,Maradi,AID-2026-ED-512,international development,household,TRUE,SYNTH_ADVERSARY_V1
BEN-022293,Maradi,AID-2026-HL-330,housing,individual,TRUE,SYNTH_ADVERSARY_V1
BEN-006630,Maradi,AID-2026-SH-455,human services,household,TRUE,SYNTH_ADVERSARY_V1
BEN-009696,Maradi,AID-2026-HL-330,human services,individual,TRUE,SYNTH_ADVERSARY_V1
BEN-020277,Maradi,AID-2026-DR-114,youth development,household,TRUE,SYNTH_ADVERSARY_V1
BEN-016737,Maradi,AID-2026-HL-330,food and agriculture,individual,TRUE,SYNTH_ADVERSARY_V1
BEN-016842,Maradi,AID-2026-WS-618,civil rights,individual,TRUE,SYNTH_ADVERSARY_V1
BEN-012678,Maradi,AID-2026-SH-455,youth development,household,TRUE,SYNTH_ADVERSARY_V1
BEN-004342,Maradi,AID-2026-SH-455,international development,individual,TRUE,SYNTH_ADVERSARY_V1
BEN-023823,Maradi,AID-2026-DR-114,food and agriculture,household,TRUE,SYNTH_ADVERSARY_V1
BEN-021932,Maradi,AID-2026-SH-455,medical,household,TRUE,SYNTH_ADVERSARY_V1
BEN-018261,Barabanki,AID-2026-FS-207,youth development,household,TRUE,SYNTH_ADVERSARY_V1
BEN-001090,Balrampur,AID-2026-HL-330,civil rights,household,TRUE,SYNTH_ADVERSARY_V1
BEN-002796,Barabanki,AID-2026-WS-618,disaster relief,household,TRUE,SYNTH_ADVERSARY_V1
BEN-010185,Barabanki,AID-2026-SH-455,youth development,group,TRUE,SYNTH_ADVERSARY_V1
BEN-011154,Barabanki,AID-2026-FS-207,youth development,individual,TRUE,SYNTH_ADVERSARY_V1
BEN-010192,Barabanki,AID-2026-ED-512,international development,individual,TRUE,SYNTH_ADVERSARY_V1
BEN-009257,Barabanki,AID-2026-DR-114,housing,household,TRUE,SYNTH_ADVERSARY_V1
BEN-006032,Barabanki,AID-2026-ED-512,disaster relief,household,TRUE,SYNTH_ADVERSARY_V1
BEN-022662,Barabanki,AID-2026-FS-207,education,group,TRUE,SYNTH_ADVERSARY_V1
BEN-020896,Barabanki,AID-2026-FS-207,human services,individual,TRUE,SYNTH_ADVERSARY_V1
BEN-023621,Barabanki,AID-2026-WS-618,human services,household,TRUE,SYNTH_ADVERSARY_V1
BEN-002784,Barabanki,AID-2026-DR-114,environment,individual,TRUE,SYNTH_ADVERSARY_V1
BEN-023040,Barabanki,AID-2026-DR-114,food and agriculture,individual,TRUE,SYNTH_ADVERSARY_V1
BEN-017490,Cox's Bazar,AID-2026-SH-455,disaster relief,household,TRUE,SYNTH_ADVERSARY_V1
BEN-000131,Cox's Bazar,AID-2026-DR-114,disaster relief,household,TRUE,SYNTH_ADVERSARY_V1
BEN-020736,Cox's Bazar,AID-2026-ED-512,international development,household,TRUE,SYNTH_ADVERSARY_V1
BEN-012580,Cox's Bazar,AID-2026-SH-455,medical,group,TRUE,SYNTH_ADVERSARY_V1
BEN-021884,Cox's Bazar,AID-2026-SH-455,disaster relief,household,TRUE,SYNTH_ADVERSARY_V1
BEN-016081,Cox's Bazar,AID-2026-WS-618,civil rights,household,TRUE,SYNTH_ADVERSARY_V1
BEN-011327,Cox's Bazar,AID-2026-WS-618,food and agriculture,household,TRUE,SYNTH_ADVERSARY_V1
BEN-002539,Cox's Bazar,AID-2026-FS-207,education,group,TRUE,SYNTH_ADVERSARY_V1
BEN-007938,Cox's Bazar,AID-2026-SH-455,human services,household,TRUE,SYNTH_ADVERSARY_V1
BEN-009222,Cox's Bazar,AID-2026-DR-114,food and agriculture,group,TRUE,SYNTH_ADVERSARY_V1
BEN-006836,Cox's Bazar,AID-2026-FS-207,civil rights,household,TRUE,SYNTH_ADVERSARY_V1
BEN-023862,Cox's Bazar,AID-2026-WS-618,youth development,individual,TRUE,SYNTH_ADVERSARY_V1
BEN-008327,Cox's Bazar,AID-2026-FS-207,human services,household,TRUE,SYNTH_ADVERSARY_V1
BEN-024604,Cox's Bazar,AID-2026-SH-455,housing,group,TRUE,SYNTH_ADVERSARY_V1
BEN-017927,Gaza North,AID-2026-SH-455,education,household,TRUE,SYNTH_ADVERSARY_V1
BEN-006765,Gaza North,AID-2026-ED-512,environment,household,TRUE,SYNTH_ADVERSARY_V1
BEN-016067,Gaza North,AID-2026-ED-512,education,household,TRUE,SYNTH_ADVERSARY_V1
BEN-006749,Gaza North,AID-2026-WS-618,housing,group,TRUE,SYNTH_ADVERSARY_V1
BEN-012168,Gaza North,AID-2026-WS-618,disaster relief,individual,TRUE,SYNTH_ADVERSARY_V1
BEN-022954,Gaza North,AID-2026-WS-618,international development,household,TRUE,SYNTH_ADVERSARY_V1
BEN-022528,Gaza North,AID-2026-HL-330,education,household,TRUE,SYNTH_ADVERSARY_V1
BEN-025984,Gaza North,AID-2026-ED-512,disaster relief,household,TRUE,SYNTH_ADVERSARY_V1
BEN-000615,Gaza North,AID-2026-WS-618,disaster relief,household,TRUE,SYNTH_ADVERSARY_V1
BEN-025955,Gaza North,AID-2026-WS-618,education,individual,TRUE,SYNTH_ADVERSARY_V1
BEN-023409,Gaza North,AID-2026-WS-618,disaster relief,household,TRUE,SYNTH_ADVERSARY_V1
BEN-007977,Wad Madani,AID-2026-HL-330,disaster relief,household,TRUE,SYNTH_ADVERSARY_V1
BEN-005613,Wad Madani,AID-2026-FS-207,civil rights,group,TRUE,SYNTH_ADVERSARY_V1
BEN-023685,Wad Madani,AID-2026-WS-618,civil rights,individual,TRUE,SYNTH_ADVERSARY_V1
BEN-008673,Wad Madani,AID-2026-SH-455,medical,group,TRUE,SYNTH_ADVERSARY_V1
BEN-000047,Wad Madani,AID-2026-SH-455,disaster relief,household,TRUE,SYNTH_ADVERSARY_V1
BEN-020731,Wad Madani,AID-2026-FS-207,civil rights,individual,TRUE,SYNTH_ADVERSARY_V1
BEN-023643,Wad Madani,AID-2026-ED-512,housing,household,TRUE,SYNTH_ADVERSARY_V1
BEN-021572,Wad Madani,AID-2026-FS-207,food and agriculture,individual,TRUE,SYNTH_ADVERSARY_V1
BEN-006292,Wad Madani,AID-2026-WS-618,disaster relief,household,TRUE,SYNTH_ADVERSARY_V1
BEN-018033,Wad Madani,AID-2026-ED-512,civil rights,household,TRUE,SYNTH_ADVERSARY_V1
BEN-015059,Wad Madani,AID-2026-WS-618,youth development,household,TRUE,SYNTH_ADVERSARY_V1
BEN-003157,Wad Madani,AID-2026-HL-330,education,group,TRUE,SYNTH_ADVERSARY_V1
BEN-022395,Diffa,AID-2026-SH-455,civil rights,household,TRUE,SYNTH_ADVERSARY_V1
BEN-004681,Diffa,AID-2026-SH-455,environment,household,TRUE,SYNTH_ADVERSARY_V1
BEN-008783,Diffa,AID-2026-DR-114,food and agriculture,individual,TRUE,SYNTH_ADVERSARY_V1
BEN-004668,Diffa,AID-2026-FS-207,youth development,group,TRUE,SYNTH_ADVERSARY_V1
BEN-024774,Diffa,AID-2026-SH-455,medical,household,TRUE,SYNTH_ADVERSARY_V1
BEN-024499,Diffa,AID-2026-WS-618,food and agriculture,household,TRUE,SYNTH_ADVERSARY_V1
BEN-003613,Diffa,AID-2026-SH-455,international development,individual,TRUE,SYNTH_ADVERSARY_V1
BEN-014334,El Obeid,AID-2026-ED-512,human services,group,TRUE,SYNTH_ADVERSARY_V1
BEN-021972,El Obeid,AID-2026-HL-330,medical,group,TRUE,SYNTH_ADVERSARY_V1
BEN-008277,El Obeid,AID-2026-SH-455,medical,household,TRUE,SYNTH_ADVERSARY_V1
BEN-018960,El Obeid,AID-2026-DR-114,medical,group,TRUE,SYNTH_ADVERSARY_V1
BEN-013502,El Obeid,AID-2026-HL-330,food and agriculture,individual,TRUE,SYNTH_ADVERSARY_V1
BEN-004762,El Obeid,AID-2026-SH-455,human services,group,TRUE,SYNTH_ADVERSARY_V1
BEN-024278,El Obeid,AID-2026-DR-114,housing,household,TRUE,SYNTH_ADVERSARY_V1
BEN-000941,El Obeid,AID-2026-DR-114,education,individual,TRUE,SYNTH_ADVERSARY_V1
BEN-011160,El Obeid,AID-2026-WS-618,housing,individual,TRUE,SYNTH_ADVERSARY_V1
BEN-009731,El Obeid,AID-2026-HL-330,education,household,TRUE,SYNTH_ADVERSARY_V1
BEN-013541,El Obeid,AID-2026-FS-207,food and agriculture,individual,TRUE,SYNTH_ADVERSARY_V1
BEN-009346,El Obeid,AID-2026-HL-330,housing,individual,TRUE,SYNTH_ADVERSARY_V1
BEN-003945,Rafah,AID-2026-SH-455,international development,group,TRUE,SYNTH_ADVERSARY_V1
BEN-013613,Rafah,AID-2026-SH-455,human services,group,TRUE,SYNTH_ADVERSARY_V1
BEN-019699,Rafah,AID-2026-DR-114,youth development,household,TRUE,SYNTH_ADVERSARY_V1
BEN-020780,Rafah,AID-2026-SH-455,environment,household,TRUE,SYNTH_ADVERSARY_V1
BEN-005419,Rafah,AID-2026-FS-207,housing,household,TRUE,SYNTH_ADVERSARY_V1
BEN-008347,Rafah,AID-2026-DR-114,youth development,household,TRUE,SYNTH_ADVERSARY_V1
BEN-009880,Rafah,AID-2026-HL-330,environment,individual,TRUE,SYNTH_ADVERSARY_V1
BEN-011419,Chitrakoot,AID-2026-WS-618,international development,individual,TRUE,SYNTH_ADVERSARY_V1
BEN-010971,Chitrakoot,AID-2026-SH-455,civil rights,group,TRUE,SYNTH_ADVERSARY_V1
BEN-007580,Chitrakoot,AID-2026-WS-618,medical,household,TRUE,SYNTH_ADVERSARY_V1
BEN-020544,Chitrakoot,AID-2026-SH-455,food and agriculture,household,TRUE,SYNTH_ADVERSARY_V1
BEN-000513,Chitrakoot,AID-2026-HL-330,youth development,individual,TRUE,SYNTH_ADVERSARY_V1
BEN-011620,Chitrakoot,AID-2026-WS-618,international development,individual,TRUE,SYNTH_ADVERSARY_V1
BEN-000321,Chitrakoot,AID-2026-FS-207,youth development,household,TRUE,SYNTH_ADVERSARY_V1
BEN-021896,Cox's Bazar,AID-2026-WS-618,civil rights,household,TRUE,SYNTH_ADVERSARY_V1
BEN-021905,Chitrakoot,AID-2026-SH-455,medical,individual,TRUE,SYNTH_ADVERSARY_V1
BEN-024000,Chitrakoot,AID-2026-HL-330,human services,individual,TRUE,SYNTH_ADVERSARY_V1
BEN-017379,Chitrakoot,AID-2026-ED-512,disaster relief,household,TRUE,SYNTH_ADVERSARY_V1
BEN-007975,Chitrakoot,AID-2026-HL-330,medical,individual,TRUE,SYNTH_ADVERSARY_V1
BEN-022885,Chitrakoot,AID-2026-WS-618,youth development,household,TRUE,SYNTH_ADVERSARY_V1
BEN-002977,Chitrakoot,AID-2026-WS-618,education,household,TRUE,SYNTH_ADVERSARY_V1
BEN-025446,Rafah,AID-2026-SH-455,youth development,individual,TRUE,SYNTH_ADVERSARY_V1
BEN-018977,Rafah,AID-2026-SH-455,housing,group,TRUE,SYNTH_ADVERSARY_V1
BEN-010278,Rafah,AID-2026-ED-512,food and agriculture,household,TRUE,SYNTH_ADVERSARY_V1
BEN-012224,Rafah,AID-2026-ED-512,international development,individual,TRUE,SYNTH_ADVERSARY_V1
BEN-010666,Rafah,AID-2026-FS-207,disaster relief,household,TRUE,SYNTH_ADVERSARY_V1
BEN-010530,Rafah,AID-2026-DR-114,civil rights,individual,TRUE,SYNTH_ADVERSARY_V1
BEN-016609,Rafah,AID-2026-WS-618,environment,household,TRUE,SYNTH_ADVERSARY_V1
BEN-012423,Rafah,AID-2026-HL-330,disaster relief,individual,TRUE,SYNTH_ADVERSARY_V1
BEN-007106,Rafah,AID-2026-ED-512,food and agriculture,household,TRUE,SYNTH_ADVERSARY_V1
BEN-004542,Rafah,AID-2026-HL-330,youth development,individual,TRUE,SYNTH_ADVERSARY_V1
BEN-011377,Deir al-Balah,AID-2026-HL-330,civil rights,household,TRUE,SYNTH_ADVERSARY_V1
BEN-005335,Deir al-Balah,AID-2026-WS-618,international development,household,TRUE,SYNTH_ADVERSARY_V1
BEN-023142,Deir al-Balah,AID-2026-SH-455,youth development,household,TRUE,SYNTH_ADVERSARY_V1
BEN-014565,Deir al-Balah,AID-2026-DR-114,education,household,TRUE,SYNTH_ADVERSARY_V1
BEN-019802,Deir al-Balah,AID-2026-SH-455,civil rights,group,TRUE,SYNTH_ADVERSARY_V1
BEN-016006,Deir al-Balah,AID-2026-WS-618,international development,household,TRUE,SYNTH_ADVERSARY_V1
BEN-016595,Deir al-Balah,AID-2026-DR-114,civil rights,household,TRUE,SYNTH_ADVERSARY_V1
BEN-018199,Deir al-Balah,AID-2026-ED-512,civil rights,household,TRUE,SYNTH_ADVERSARY_V1
BEN-002007,Deir al-Balah,AID-2026-DR-114,youth development,individual,TRUE,SYNTH_ADVERSARY_V1
BEN-024873,Maradi,AID-2026-ED-512,environment,individual,TRUE,SYNTH_ADVERSARY_V1
BEN-011538,Maradi,AID-2026-SH-455,medical,household,TRUE,SYNTH_ADVERSARY_V1
BEN-024879,Maradi,AID-2026-WS-618,housing,individual,TRUE,SYNTH_ADVERSARY_V1
BEN-006828,Maradi,AID-2026-ED-512,food and agriculture,individual,TRUE,SYNTH_ADVERSARY_V1
BEN-023356,Maradi,AID-2026-HL-330,civil rights,group,TRUE,SYNTH_ADVERSARY_V1
BEN-003416,Maradi,AID-2026-DR-114,environment,household,TRUE,SYNTH_ADVERSARY_V1
BEN-003225,Maradi,AID-2026-ED-512,environment,group,TRUE,SYNTH_ADVERSARY_V1
BEN-009553,Maradi,AID-2026-FS-207,food and agriculture,household,TRUE,SYNTH_ADVERSARY_V1
BEN-020267,Maradi,AID-2026-SH-455,education,household,TRUE,SYNTH_ADVERSARY_V1
BEN-007674,Maradi,AID-2026-FS-207,international development,household,TRUE,SYNTH_ADVERSARY_V1
BEN-016478,Nyala,AID-2026-DR-114,education,group,TRUE,SYNTH_ADVERSARY_V1
BEN-018157,Maradi,AID-2026-ED-512,disaster relief,group,TRUE,SYNTH_ADVERSARY_V1
BEN-013478,Gaza North,AID-2026-DR-114,food and agriculture,individual,TRUE,SYNTH_ADVERSARY_V1
BEN-012481,Gaza North,AID-2026-FS-207,disaster relief,household,TRUE,SYNTH_ADVERSARY_V1
BEN-008266,Gaza North,AID-2026-WS-618,human services,household,TRUE,SYNTH_ADVERSARY_V1
BEN-000949,Gaza North,AID-2026-ED-512,education,household,TRUE,SYNTH_ADVERSARY_V1
BEN-019474,Gaza North,AID-2026-DR-114,food and agriculture,household,TRUE,SYNTH_ADVERSARY_V1
BEN-014391,Gaza North,AID-2026-FS-207,environment,group,TRUE,SYNTH_ADVERSARY_V1
BEN-006339,Gaza North,AID-2026-FS-207,international development,household,TRUE,SYNTH_ADVERSARY_V1
BEN-016820,Rafah,AID-2026-WS-618,international development,household,TRUE,SYNTH_ADVERSARY_V1
BEN-018616,Rafah,AID-2026-SH-455,international development,household,TRUE,SYNTH_ADVERSARY_V1
BEN-007184,Rafah,AID-2026-DR-114,disaster relief,individual,TRUE,SYNTH_ADVERSARY_V1
BEN-022836,Rafah,AID-2026-SH-455,housing,individual,TRUE,SYNTH_ADVERSARY_V1
BEN-024255,Rafah,AID-2026-HL-330,disaster relief,individual,TRUE,SYNTH_ADVERSARY_V1
BEN-009386,Rafah,AID-2026-DR-114,housing,individual,TRUE,SYNTH_ADVERSARY_V1
BEN-001047,Rafah,AID-2026-ED-512,food and agriculture,individual,TRUE,SYNTH_ADVERSARY_V1
BEN-014134,Rafah,AID-2026-ED-512,human services,household,TRUE,SYNTH_ADVERSARY_V1
BEN-010405,Rafah,AID-2026-HL-330,international development,household,TRUE,SYNTH_ADVERSARY_V1
BEN-013166,Rafah,AID-2026-FS-207,youth development,household,TRUE,SYNTH_ADVERSARY_V1
BEN-020087,Rafah,AID-2026-DR-114,housing,individual,TRUE,SYNTH_ADVERSARY_V1
BEN-019023,Rafah,AID-2026-WS-618,international development,group,TRUE,SYNTH_ADVERSARY_V1
BEN-024463,Balrampur,AID-2026-WS-618,civil rights,group,TRUE,SYNTH_ADVERSARY_V1
BEN-004169,Balrampur,AID-2026-HL-330,human services,group,TRUE,SYNTH_ADVERSARY_V1
BEN-005952,Balrampur,AID-2026-FS-207,environment,household,TRUE,SYNTH_ADVERSARY_V1
BEN-000672,Balrampur,AID-2026-FS-207,disaster relief,household,TRUE,SYNTH_ADVERSARY_V1
BEN-025093,Balrampur,AID-2026-HL-330,youth development,individual,TRUE,SYNTH_ADVERSARY_V1
BEN-000149,Balrampur,AID-2026-WS-618,youth development,household,TRUE,SYNTH_ADVERSARY_V1
BEN-007737,Balrampur,AID-2026-ED-512,human services,household,TRUE,SYNTH_ADVERSARY_V1
BEN-017642,Balrampur,AID-2026-HL-330,disaster relief,household,TRUE,SYNTH_ADVERSARY_V1
BEN-014444,Balrampur,AID-2026-HL-330,civil rights,household,TRUE,SYNTH_ADVERSARY_V1
BEN-016741,Balrampur,AID-2026-SH-455,housing,household,TRUE,SYNTH_ADVERSARY_V1
BEN-009445,Balrampur,AID-2026-DR-114,civil rights,household,TRUE,SYNTH_ADVERSARY_V1
BEN-025702,Balrampur,AID-2026-FS-207,medical,household,TRUE,SYNTH_ADVERSARY_V1
BEN-018745,Balrampur,AID-2026-DR-114,human services,individual,TRUE,SYNTH_ADVERSARY_V1
BEN-019630,Cox's Bazar,AID-2026-DR-114,human services,household,TRUE,SYNTH_ADVERSARY_V1
BEN-002927,Barabanki,AID-2026-HL-330,education,individual,TRUE,SYNTH_ADVERSARY_V1
BEN-019172,Barabanki,AID-2026-DR-114,medical,household,TRUE,SYNTH_ADVERSARY_V1
BEN-013197,Barabanki,AID-2026-SH-455,disaster relief,household,TRUE,SYNTH_ADVERSARY_V1
BEN-003917,Barabanki,AID-2026-FS-207,education,individual,TRUE,SYNTH_ADVERSARY_V1
BEN-009153,Barabanki,AID-2026-HL-330,food and agriculture,individual,TRUE,SYNTH_ADVERSARY_V1
BEN-000517,Barabanki,AID-2026-DR-114,youth development,individual,TRUE,SYNTH_ADVERSARY_V1
BEN-013289,Barabanki,AID-2026-DR-114,education,household,TRUE,SYNTH_ADVERSARY_V1
BEN-023172,Barabanki,AID-2026-FS-207,youth development,household,TRUE,SYNTH_ADVERSARY_V1
BEN-025164,Barabanki,AID-2026-ED-512,housing,individual,TRUE,SYNTH_ADVERSARY_V1
BEN-022845,Barabanki,AID-2026-ED-512,environment,individual,TRUE,SYNTH_ADVERSARY_V1
BEN-000677,Barabanki,AID-2026-HL-330,housing,household,TRUE,SYNTH_ADVERSARY_V1
BEN-011279,Rafah,AID-2026-HL-330,education,household,TRUE,SYNTH_ADVERSARY_V1
BEN-015072,Rafah,AID-2026-FS-207,environment,group,TRUE,SYNTH_ADVERSARY_V1
BEN-013839,Khan Yunis,AID-2026-ED-512,housing,individual,TRUE,SYNTH_ADVERSARY_V1
BEN-018401,Rafah,AID-2026-WS-618,disaster relief,household,TRUE,SYNTH_ADVERSARY_V1
BEN-019147,Rafah,AID-2026-DR-114,international development,household,TRUE,SYNTH_ADVERSARY_V1
BEN-018902,Rafah,AID-2026-SH-455,environment,household,TRUE,SYNTH_ADVERSARY_V1
BEN-000826,Rafah,AID-2026-HL-330,human services,household,TRUE,SYNTH_ADVERSARY_V1
BEN-019412,Rafah,AID-2026-DR-114,human services,individual,TRUE,SYNTH_ADVERSARY_V1
BEN-007732,Rafah,AID-2026-DR-114,youth development,individual,TRUE,SYNTH_ADVERSARY_V1
BEN-000716,Khan Yunis,AID-2026-FS-207,environment,household,TRUE,SYNTH_ADVERSARY_V1
BEN-003181,Khan Yunis,AID-2026-DR-114,international development,household,TRUE,SYNTH_ADVERSARY_V1
BEN-008923,Khan Yunis,AID-2026-SH-455,civil rights,household,TRUE,SYNTH_ADVERSARY_V1
BEN-020947,Khan Yunis,AID-2026-ED-512,civil rights,group,TRUE,SYNTH_ADVERSARY_V1
BEN-011493,Khan Yunis,AID-2026-SH-455,international development,household,TRUE,SYNTH_ADVERSARY_V1
BEN-008323,Khan Yunis,AID-2026-ED-512,disaster relief,household,TRUE,SYNTH_ADVERSARY_V1
BEN-020066,Khan Yunis,AID-2026-DR-114,medical,group,TRUE,SYNTH_ADVERSARY_V1
BEN-022132,Khan Yunis,AID-2026-SH-455,housing,group,TRUE,SYNTH_ADVERSARY_V1
BEN-010967,Barabanki,AID-2026-WS-618,youth development,household,TRUE,SYNTH_ADVERSARY_V1
BEN-024037,Barabanki,AID-2026-WS-618,education,household,TRUE,SYNTH_ADVERSARY_V1
BEN-013480,Barabanki,AID-2026-DR-114,youth development,household,TRUE,SYNTH_ADVERSARY_V1
BEN-007767,Barabanki,AID-2026-ED-512,food and agriculture,household,TRUE,SYNTH_ADVERSARY_V1
BEN-000270,Barabanki,AID-2026-FS-207,education,household,TRUE,SYNTH_ADVERSARY_V1
BEN-012739,Barabanki,AID-2026-FS-207,food and agriculture,group,TRUE,SYNTH_ADVERSARY_V1
BEN-018683,Barabanki,AID-2026-HL-330,education,household,TRUE,SYNTH_ADVERSARY_V1
BEN-016653,Barabanki,AID-2026-DR-114,civil rights,group,TRUE,SYNTH_ADVERSARY_V1
BEN-007617,Barabanki,AID-2026-DR-114,disaster relief,household,TRUE,SYNTH_ADVERSARY_V1
BEN-003529,Barabanki,AID-2026-FS-207,civil rights,group,TRUE,SYNTH_ADVERSARY_V1
BEN-015070,Barabanki,AID-2026-ED-512,housing,household,TRUE,SYNTH_ADVERSARY_V1
BEN-017622,Barabanki,AID-2026-WS-618,human services,household,TRUE,SYNTH_ADVERSARY_V1
BEN-001282,Barabanki,AID-2026-WS-618,environment,individual,TRUE,SYNTH_ADVERSARY_V1
BEN-005868,Barabanki,AID-2026-SH-455,civil rights,individual,TRUE,SYNTH_ADVERSARY_V1
BEN-019141,Barabanki,AID-2026-ED-512,international development,individual,TRUE,SYNTH_ADVERSARY_V1
BEN-001151,Barabanki,AID-2026-WS-618,medical,individual,TRUE,SYNTH_ADVERSARY_V1
BEN-013467,Barabanki,AID-2026-ED-512,international development,household,TRUE,SYNTH_ADVERSARY_V1
BEN-023556,Barabanki,AID-2026-WS-618,youth development,individual,TRUE,SYNTH_ADVERSARY_V1
BEN-006159,Nyala,AID-2026-DR-114,civil rights,group,TRUE,SYNTH_ADVERSARY_V1
BEN-015677,Nyala,AID-2026-WS-618,food and agriculture,household,TRUE,SYNTH_ADVERSARY_V1
BEN-000004,Nyala,AID-2026-WS-618,medical,individual,TRUE,SYNTH_ADVERSARY_V1
BEN-016012,Nyala,AID-2026-SH-455,environment,household,TRUE,SYNTH_ADVERSARY_V1
BEN-007196,Nyala,AID-2026-ED-512,disaster relief,individual,TRUE,SYNTH_ADVERSARY_V1
BEN-022602,Nyala,AID-2026-WS-618,education,household,TRUE,SYNTH_ADVERSARY_V1
BEN-020794,Nyala,AID-2026-HL-330,youth development,household,TRUE,SYNTH_ADVERSARY_V1
BEN-011931,Nyala,AID-2026-DR-114,youth development,household,TRUE,SYNTH_ADVERSARY_V1
BEN-020891,Nyala,AID-2026-HL-330,housing,household,TRUE,SYNTH_ADVERSARY_V1
BEN-004659,Nyala,AID-2026-WS-618,international development,group,TRUE,SYNTH_ADVERSARY_V1
BEN-022686,Nyala,AID-2026-WS-618,housing,household,TRUE,SYNTH_ADVERSARY_V1
BEN-012601,Nyala,AID-2026-HL-330,food and agriculture,household,TRUE,SYNTH_ADVERSARY_V1
BEN-020511,Khan Yunis,AID-2026-ED-512,human services,household,TRUE,SYNTH_ADVERSARY_V1
BEN-017434,Khan Yunis,AID-2026-ED-512,civil rights,group,TRUE,SYNTH_ADVERSARY_V1
BEN-009804,Khan Yunis,AID-2026-HL-330,medical,household,TRUE,SYNTH_ADVERSARY_V1
BEN-011373,Khan Yunis,AID-2026-FS-207,civil rights,household,TRUE,SYNTH_ADVERSARY_V1
BEN-013165,Khan Yunis,AID-2026-HL-330,international development,household,TRUE,SYNTH_ADVERSARY_V1
BEN-006085,Khan Yunis,AID-2026-ED-512,food and agriculture,household,TRUE,SYNTH_ADVERSARY_V1
BEN-021943,Khan Yunis,AID-2026-WS-618,civil rights,individual,TRUE,SYNTH_ADVERSARY_V1
BEN-007215,Khan Yunis,AID-2026-ED-512,environment,individual,TRUE,SYNTH_ADVERSARY_V1
BEN-024540,Khan Yunis,AID-2026-WS-618,housing,household,TRUE,SYNTH_ADVERSARY_V1
BEN-017916,Khan Yunis,AID-2026-DR-114,human services,household,TRUE,SYNTH_ADVERSARY_V1
BEN-008472,Khan Yunis,AID-2026-HL-330,housing,individual,TRUE,SYNTH_ADVERSARY_V1
BEN-018307,Khan Yunis,AID-2026-ED-512,human services,household,TRUE,SYNTH_ADVERSARY_V1
BEN-019331,Kutupalong,AID-2026-HL-330,civil rights,individual,TRUE,SYNTH_ADVERSARY_V1
BEN-022496,Kutupalong,AID-2026-SH-455,youth development,household,TRUE,SYNTH_ADVERSARY_V1
BEN-020216,Kutupalong,AID-2026-FS-207,environment,household,TRUE,SYNTH_ADVERSARY_V1
BEN-007801,Kutupalong,AID-2026-SH-455,food and agriculture,group,TRUE,SYNTH_ADVERSARY_V1
BEN-008020,Kutupalong,AID-2026-HL-330,food and agriculture,individual,TRUE,SYNTH_ADVERSARY_V1
BEN-005502,Kutupalong,AID-2026-DR-114,environment,individual,TRUE,SYNTH_ADVERSARY_V1
BEN-012632,Kutupalong,AID-2026-DR-114,environment,group,TRUE,SYNTH_ADVERSARY_V1
BEN-003298,Kutupalong,AID-2026-WS-618,disaster relief,group,TRUE,SYNTH_ADVERSARY_V1
BEN-022149,Kutupalong,AID-2026-ED-512,human services,household,TRUE,SYNTH_ADVERSARY_V1
BEN-012506,Kutupalong,AID-2026-DR-114,education,group,TRUE,SYNTH_ADVERSARY_V1
BEN-008117,Kutupalong,AID-2026-SH-455,disaster relief,household,TRUE,SYNTH_ADVERSARY_V1
BEN-013519,Kutupalong,AID-2026-HL-330,housing,individual,TRUE,SYNTH_ADVERSARY_V1
BEN-009233,Kutupalong,AID-2026-WS-618,education,individual,TRUE,SYNTH_ADVERSARY_V1
BEN-007524,Rafah,AID-2026-SH-455,medical,household,TRUE,SYNTH_ADVERSARY_V1
BEN-009528,Rafah,AID-2026-ED-512,medical,household,TRUE,SYNTH_ADVERSARY_V1
BEN-007257,Rafah,AID-2026-WS-618,education,individual,TRUE,SYNTH_ADVERSARY_V1
BEN-017380,Rafah,AID-2026-FS-207,international development,individual,TRUE,SYNTH_ADVERSARY_V1
BEN-007992,Rafah,AID-2026-ED-512,human services,individual,TRUE,SYNTH_ADVERSARY_V1
BEN-005208,Rafah,AID-2026-FS-207,housing,group,TRUE,SYNTH_ADVERSARY_V1
BEN-012207,Rafah,AID-2026-SH-455,medical,household,TRUE,SYNTH_ADVERSARY_V1
BEN-021606,Rafah,AID-2026-DR-114,food and agriculture,household,TRUE,SYNTH_ADVERSARY_V1
BEN-001965,Rafah,AID-2026-SH-455,international development,group,TRUE,SYNTH_ADVERSARY_V1
BEN-003564,Cox's Bazar,AID-2026-DR-114,international development,group,TRUE,SYNTH_ADVERSARY_V1
BEN-010383,Cox's Bazar,AID-2026-DR-114,environment,individual,TRUE,SYNTH_ADVERSARY_V1
BEN-012406,Cox's Bazar,AID-2026-HL-330,international development,household,TRUE,SYNTH_ADVERSARY_V1
BEN-015555,Cox's Bazar,AID-2026-SH-455,medical,household,TRUE,SYNTH_ADVERSARY_V1
BEN-013927,Cox's Bazar,AID-2026-HL-330,civil rights,household,TRUE,SYNTH_ADVERSARY_V1
BEN-004499,Cox's Bazar,AID-2026-HL-330,environment,individual,TRUE,SYNTH_ADVERSARY_V1
BEN-024872,Cox's Bazar,AID-2026-FS-207,education,individual,TRUE,SYNTH_ADVERSARY_V1
BEN-000185,Cox's Bazar,AID-2026-WS-618,civil rights,individual,TRUE,SYNTH_ADVERSARY_V1
BEN-018607,Cox's Bazar,AID-2026-SH-455,disaster relief,household,TRUE,SYNTH_ADVERSARY_V1
BEN-004370,Cox's Bazar,AID-2026-DR-114,international development,household,TRUE,SYNTH_ADVERSARY_V1
BEN-019475,Cox's Bazar,AID-2026-DR-114,medical,household,TRUE,SYNTH_ADVERSARY_V1
BEN-015655,Gaza North,AID-2026-DR-114,environment,individual,TRUE,SYNTH_ADVERSARY_V1
BEN-014450,Gaza North,AID-2026-SH-455,food and agriculture,household,TRUE,SYNTH_ADVERSARY_V1
BEN-008869,Gaza North,AID-2026-SH-455,human services,group,TRUE,SYNTH_ADVERSARY_V1
BEN-022927,Gaza North,AID-2026-FS-207,international development,group,TRUE,SYNTH_ADVERSARY_V1
BEN-015388,Gaza North,AID-2026-ED-512,food and agriculture,household,TRUE,SYNTH_ADVERSARY_V1
BEN-004574,Gaza North,AID-2026-ED-512,civil rights,household,TRUE,SYNTH_ADVERSARY_V1
BEN-019897,Gaza North,AID-2026-ED-512,education,household,TRUE,SYNTH_ADVERSARY_V1
BEN-000760,El Obeid,AID-2026-DR-114,medical,group,TRUE,SYNTH_ADVERSARY_V1
BEN-003502,El Obeid,AID-2026-SH-455,civil rights,individual,TRUE,SYNTH_ADVERSARY_V1
BEN-005770,El Obeid,AID-2026-WS-618,medical,household,TRUE,SYNTH_ADVERSARY_V1
BEN-016433,El Obeid,AID-2026-ED-512,housing,household,TRUE,SYNTH_ADVERSARY_V1
BEN-025881,El Obeid,AID-2026-WS-618,youth development,individual,TRUE,SYNTH_ADVERSARY_V1
BEN-006800,El Obeid,AID-2026-DR-114,international development,individual,TRUE,SYNTH_ADVERSARY_V1
BEN-005923,El Obeid,AID-2026-FS-207,medical,household,TRUE,SYNTH_ADVERSARY_V1
BEN-018581,El Obeid,AID-2026-HL-330,international development,individual,TRUE,SYNTH_ADVERSARY_V1
BEN-015139,El Obeid,AID-2026-SH-455,human services,individual,TRUE,SYNTH_ADVERSARY_V1
BEN-022687,El Obeid,AID-2026-WS-618,food and agriculture,household,TRUE,SYNTH_ADVERSARY_V1
BEN-007124,El Obeid,AID-2026-HL-330,environment,household,TRUE,SYNTH_ADVERSARY_V1
BEN-004808,El Obeid,AID-2026-WS-618,medical,household,TRUE,SYNTH_ADVERSARY_V1
BEN-014940,Deir al-Balah,AID-2026-ED-512,international development,group,TRUE,SYNTH_ADVERSARY_V1
BEN-013253,Deir al-Balah,AID-2026-FS-207,food and agriculture,household,TRUE,SYNTH_ADVERSARY_V1
BEN-004366,Deir al-Balah,AID-2026-DR-114,environment,household,TRUE,SYNTH_ADVERSARY_V1
BEN-024171,Sitapur,AID-2026-FS-207,human services,household,TRUE,SYNTH_ADVERSARY_V1
BEN-016708,Deir al-Balah,AID-2026-ED-512,disaster relief,household,TRUE,SYNTH_ADVERSARY_V1
BEN-011920,Deir al-Balah,AID-2026-DR-114,environment,individual,TRUE,SYNTH_ADVERSARY_V1
BEN-002047,Deir al-Balah,AID-2026-ED-512,education,individual,TRUE,SYNTH_ADVERSARY_V1
BEN-002697,Diffa,AID-2026-HL-330,youth development,group,TRUE,SYNTH_ADVERSARY_V1
BEN-018827,Diffa,AID-2026-DR-114,disaster relief,household,TRUE,SYNTH_ADVERSARY_V1
BEN-021575,Diffa,AID-2026-ED-512,international development,individual,TRUE,SYNTH_ADVERSARY_V1
BEN-012449,Diffa,AID-2026-FS-207,environment,individual,TRUE,SYNTH_ADVERSARY_V1
BEN-016270,Diffa,AID-2026-FS-207,international development,household,TRUE,SYNTH_ADVERSARY_V1
BEN-000263,Kutupalong,AID-2026-WS-618,human services,individual,TRUE,SYNTH_ADVERSARY_V1
BEN-020755,Kutupalong,AID-2026-HL-330,medical,household,TRUE,SYNTH_ADVERSARY_V1
BEN-023293,Kutupalong,AID-2026-DR-114,food and agriculture,group,TRUE,SYNTH_ADVERSARY_V1
BEN-009249,Kutupalong,AID-2026-DR-114,youth development,group,TRUE,SYNTH_ADVERSARY_V1
BEN-006272,Kutupalong,AID-2026-ED-512,international development,group,TRUE,SYNTH_ADVERSARY_V1
BEN-022648,Kutupalong,AID-2026-WS-618,housing,household,TRUE,SYNTH_ADVERSARY_V1
BEN-018395,Kutupalong,AID-2026-HL-330,civil rights,household,TRUE,SYNTH_ADVERSARY_V1
BEN-017256,Kutupalong,AID-2026-SH-455,food and agriculture,individual,TRUE,SYNTH_ADVERSARY_V1
BEN-012054,Kutupalong,AID-2026-WS-618,medical,individual,TRUE,SYNTH_ADVERSARY_V1
BEN-016673,Kutupalong,AID-2026-ED-512,human services,individual,TRUE,SYNTH_ADVERSARY_V1
BEN-010084,Kutupalong,AID-2026-WS-618,food and agriculture,individual,TRUE,SYNTH_ADVERSARY_V1
BEN-011062,Sitapur,AID-2026-SH-455,international development,group,TRUE,SYNTH_ADVERSARY_V1
BEN-024259,Sitapur,AID-2026-HL-330,education,household,TRUE,SYNTH_ADVERSARY_V1
BEN-006355,Sitapur,AID-2026-HL-330,civil rights,individual,TRUE,SYNTH_ADVERSARY_V1
BEN-017994,Sitapur,AID-2026-ED-512,food and agriculture,group,TRUE,SYNTH_ADVERSARY_V1
BEN-009127,Sitapur,AID-2026-SH-455,housing,household,TRUE,SYNTH_ADVERSARY_V1
BEN-019249,Sitapur,AID-2026-SH-455,environment,household,TRUE,SYNTH_ADVERSARY_V1
BEN-016626,Sitapur,AID-2026-WS-618,youth development,individual,TRUE,SYNTH_ADVERSARY_V1
BEN-005363,Sitapur,AID-2026-SH-455,housing,individual,TRUE,SYNTH_ADVERSARY_V1
BEN-008001,Sitapur,AID-2026-SH-455,disaster relief,household,TRUE,SYNTH_ADVERSARY_V1
BEN-025364,Kassala,AID-2026-FS-207,international development,household,TRUE,SYNTH_ADVERSARY_V1
BEN-012718,Kassala,AID-2026-HL-330,education,household,TRUE,SYNTH_ADVERSARY_V1
BEN-006066,Kassala,AID-2026-ED-512,human services,household,TRUE,SYNTH_ADVERSARY_V1
BEN-016494,Kassala,AID-2026-SH-455,civil rights,household,TRUE,SYNTH_ADVERSARY_V1
BEN-013204,Kassala,AID-2026-DR-114,environment,household,TRUE,SYNTH_ADVERSARY_V1
BEN-025690,Kassala,AID-2026-ED-512,civil rights,household,TRUE,SYNTH_ADVERSARY_V1
BEN-002734,Kassala,AID-2026-SH-455,environment,individual,TRUE,SYNTH_ADVERSARY_V1
BEN-021966,Kassala,AID-2026-WS-618,environment,individual,TRUE,SYNTH_ADVERSARY_V1
BEN-014679,Kassala,AID-2026-SH-455,disaster relief,household,TRUE,SYNTH_ADVERSARY_V1
BEN-022485,Kassala,AID-2026-WS-618,human services,individual,TRUE,SYNTH_ADVERSARY_V1
BEN-008235,Kassala,AID-2026-FS-207,medical,household,TRUE,SYNTH_ADVERSARY_V1
BEN-001675,Balrampur,AID-2026-SH-455,international development,household,TRUE,SYNTH_ADVERSARY_V1
BEN-024754,Balrampur,AID-2026-SH-455,youth development,household,TRUE,SYNTH_ADVERSARY_V1
BEN-007616,Balrampur,AID-2026-ED-512,civil rights,household,TRUE,SYNTH_ADVERSARY_V1
BEN-022577,Balrampur,AID-2026-SH-455,civil rights,household,TRUE,SYNTH_ADVERSARY_V1
BEN-018198,Balrampur,AID-2026-WS-618,environment,household,TRUE,SYNTH_ADVERSARY_V1
BEN-022333,Balrampur,AID-2026-ED-512,human services,household,TRUE,SYNTH_ADVERSARY_V1
BEN-000276,Balrampur,AID-2026-FS-207,human services,household,TRUE,SYNTH_ADVERSARY_V1
BEN-025783,Wad Madani,AID-2026-DR-114,international development,individual,TRUE,SYNTH_ADVERSARY_V1
BEN-004534,Wad Madani,AID-2026-ED-512,youth development,household,TRUE,SYNTH_ADVERSARY_V1
BEN-022605,Wad Madani,AID-2026-DR-114,civil rights,household,TRUE,SYNTH_ADVERSARY_V1
BEN-023710,Wad Madani,AID-2026-HL-330,medical,individual,TRUE,SYNTH_ADVERSARY_V1
BEN-025576,Wad Madani,AID-2026-DR-114,international development,group,TRUE,SYNTH_ADVERSARY_V1
BEN-008207,Wad Madani,AID-2026-ED-512,youth development,household,TRUE,SYNTH_ADVERSARY_V1
BEN-016418,Wad Madani,AID-2026-HL-330,international development,individual,TRUE,SYNTH_ADVERSARY_V1
BEN-018598,Khan Yunis,AID-2026-ED-512,human services,household,TRUE,SYNTH_ADVERSARY_V1
BEN-025043,Khan Yunis,AID-2026-HL-330,international development,individual,TRUE,SYNTH_ADVERSARY_V1
BEN-021404,Khan Yunis,AID-2026-DR-114,civil rights,individual,TRUE,SYNTH_ADVERSARY_V1
BEN-009550,Khan Yunis,AID-2026-HL-330,education,household,TRUE,SYNTH_ADVERSARY_V1
BEN-025330,Khan Yunis,AID-2026-SH-455,youth development,household,TRUE,SYNTH_ADVERSARY_V1
BEN-024838,Khan Yunis,AID-2026-HL-330,civil rights,household,TRUE,SYNTH_ADVERSARY_V1
BEN-004556,Khan Yunis,AID-2026-HL-330,human services,household,TRUE,SYNTH_ADVERSARY_V1
BEN-009279,Diffa,AID-2026-ED-512,environment,household,TRUE,SYNTH_ADVERSARY_V1
BEN-019857,Kutupalong,AID-2026-ED-512,environment,household,TRUE,SYNTH_ADVERSARY_V1
BEN-011216,Kutupalong,AID-2026-ED-512,human services,household,TRUE,SYNTH_ADVERSARY_V1
BEN-001592,Kutupalong,AID-2026-ED-512,medical,household,TRUE,SYNTH_ADVERSARY_V1
BEN-006108,Kutupalong,AID-2026-DR-114,human services,group,TRUE,SYNTH_ADVERSARY_V1
BEN-012890,Kutupalong,AID-2026-WS-618,environment,group,TRUE,SYNTH_ADVERSARY_V1
BEN-007638,Kutupalong,AID-2026-DR-114,housing,individual,TRUE,SYNTH_ADVERSARY_V1
BEN-023672,Kutupalong,AID-2026-DR-114,food and agriculture,group,TRUE,SYNTH_ADVERSARY_V1
BEN-011860,Kutupalong,AID-2026-FS-207,environment,individual,TRUE,SYNTH_ADVERSARY_V1
BEN-016380,Kutupalong,AID-2026-SH-455,education,household,TRUE,SYNTH_ADVERSARY_V1
BEN-018274,Kutupalong,AID-2026-SH-455,food and agriculture,individual,TRUE,SYNTH_ADVERSARY_V1
BEN-021496,Nyala,AID-2026-HL-330,education,individual,TRUE,SYNTH_ADVERSARY_V1
BEN-025930,Kutupalong,AID-2026-FS-207,disaster relief,individual,TRUE,SYNTH_ADVERSARY_V1
BEN-014354,Kutupalong,AID-2026-HL-330,disaster relief,household,TRUE,SYNTH_ADVERSARY_V1
BEN-005190,Chitrakoot,AID-2026-WS-618,human services,group,TRUE,SYNTH_ADVERSARY_V1
BEN-015280,Chitrakoot,AID-2026-WS-618,international development,individual,TRUE,SYNTH_ADVERSARY_V1
BEN-012509,Chitrakoot,AID-2026-HL-330,food and agriculture,household,TRUE,SYNTH_ADVERSARY_V1
BEN-020174,Chitrakoot,AID-2026-ED-512,medical,household,TRUE,SYNTH_ADVERSARY_V1
BEN-017094,Chitrakoot,AID-2026-SH-455,youth development,household,TRUE,SYNTH_ADVERSARY_V1
BEN-016455,Chitrakoot,AID-2026-ED-512,housing,household,TRUE,SYNTH_ADVERSARY_V1
BEN-015282,Chitrakoot,AID-2026-ED-512,disaster relief,group,TRUE,SYNTH_ADVERSARY_V1
BEN-013093,Chitrakoot,AID-2026-DR-114,human services,household,TRUE,SYNTH_ADVERSARY_V1
BEN-015840,Chitrakoot,AID-2026-FS-207,disaster relief,household,TRUE,SYNTH_ADVERSARY_V1
BEN-003874,Chitrakoot,AID-2026-ED-512,food and agriculture,group,TRUE,SYNTH_ADVERSARY_V1
BEN-016749,Chitrakoot,AID-2026-WS-618,environment,household,TRUE,SYNTH_ADVERSARY_V1
BEN-017999,Chitrakoot,AID-2026-ED-512,medical,household,TRUE,SYNTH_ADVERSARY_V1
BEN-011313,Rafah,AID-2026-FS-207,housing,household,TRUE,SYNTH_ADVERSARY_V1
BEN-002125,Kutupalong,AID-2026-DR-114,housing,household,TRUE,SYNTH_ADVERSARY_V1
BEN-019136,Kutupalong,AID-2026-ED-512,youth development,household,TRUE,SYNTH_ADVERSARY_V1
BEN-014505,Kutupalong,AID-2026-FS-207,environment,individual,TRUE,SYNTH_ADVERSARY_V1
BEN-012919,Kutupalong,AID-2026-SH-455,international development,individual,TRUE,SYNTH_ADVERSARY_V1
BEN-000929,Kutupalong,AID-2026-ED-512,education,household,TRUE,SYNTH_ADVERSARY_V1
BEN-013530,Kutupalong,AID-2026-DR-114,housing,household,TRUE,SYNTH_ADVERSARY_V1
BEN-005124,Kutupalong,AID-2026-SH-455,youth development,household,TRUE,SYNTH_ADVERSARY_V1
BEN-017390,Kutupalong,AID-2026-FS-207,housing,household,TRUE,SYNTH_ADVERSARY_V1
BEN-003287,Kutupalong,AID-2026-SH-455,education,household,TRUE,SYNTH_ADVERSARY_V1
BEN-010709,Kutupalong,AID-2026-HL-330,food and agriculture,household,TRUE,SYNTH_ADVERSARY_V1
BEN-022459,Khan Yunis,AID-2026-FS-207,international development,individual,TRUE,SYNTH_ADVERSARY_V1
BEN-015376,Khan Yunis,AID-2026-HL-330,civil rights,group,TRUE,SYNTH_ADVERSARY_V1
BEN-013558,Khan Yunis,AID-2026-FS-207,international development,individual,TRUE,SYNTH_ADVERSARY_V1
BEN-014195,Khan Yunis,AID-2026-DR-114,international development,household,TRUE,SYNTH_ADVERSARY_V1
BEN-015350,Khan Yunis,AID-2026-SH-455,civil rights,household,TRUE,SYNTH_ADVERSARY_V1
BEN-019355,Khan Yunis,AID-2026-SH-455,education,household,TRUE,SYNTH_ADVERSARY_V1
BEN-023016,Khan Yunis,AID-2026-SH-455,education,household,TRUE,SYNTH_ADVERSARY_V1
BEN-011911,Deir al-Balah,AID-2026-SH-455,human services,household,TRUE,SYNTH_ADVERSARY_V1
BEN-005248,Deir al-Balah,AID-2026-DR-114,international development,group,TRUE,SYNTH_ADVERSARY_V1
BEN-001162,Deir al-Balah,AID-2026-DR-114,international development,individual,TRUE,SYNTH_ADVERSARY_V1
BEN-003367,Deir al-Balah,AID-2026-WS-618,environment,household,TRUE,SYNTH_ADVERSARY_V1
BEN-022256,Deir al-Balah,AID-2026-HL-330,civil rights,household,TRUE,SYNTH_ADVERSARY_V1
BEN-001156,Deir al-Balah,AID-2026-ED-512,environment,household,TRUE,SYNTH_ADVERSARY_V1
BEN-019935,Deir al-Balah,AID-2026-FS-207,human services,individual,TRUE,SYNTH_ADVERSARY_V1
BEN-008509,Deir al-Balah,AID-2026-ED-512,human services,household,TRUE,SYNTH_ADVERSARY_V1
BEN-008473,Deir al-Balah,AID-2026-DR-114,civil rights,individual,TRUE,SYNTH_ADVERSARY_V1
BEN-003445,Deir al-Balah,AID-2026-HL-330,youth development,household,TRUE,SYNTH_ADVERSARY_V1
BEN-023261,Deir al-Balah,AID-2026-DR-114,youth development,household,TRUE,SYNTH_ADVERSARY_V1
BEN-005271,Deir al-Balah,AID-2026-HL-330,housing,individual,TRUE,SYNTH_ADVERSARY_V1
BEN-023450,Deir al-Balah,AID-2026-FS-207,food and agriculture,individual,TRUE,SYNTH_ADVERSARY_V1
BEN-009100,Deir al-Balah,AID-2026-WS-618,housing,individual,TRUE,SYNTH_ADVERSARY_V1
BEN-005298,Deir al-Balah,AID-2026-HL-330,human services,household,TRUE,SYNTH_ADVERSARY_V1
BEN-019031,Deir al-Balah,AID-2026-WS-618,education,individual,TRUE,SYNTH_ADVERSARY_V1
BEN-010443,Deir al-Balah,AID-2026-WS-618,education,household,TRUE,SYNTH_ADVERSARY_V1
BEN-001129,Deir al-Balah,AID-2026-SH-455,food and agriculture,individual,TRUE,SYNTH_ADVERSARY_V1
BEN-005188,Deir al-Balah,AID-2026-ED-512,environment,household,TRUE,SYNTH_ADVERSARY_V1
BEN-017192,Rafah,AID-2026-WS-618,international development,household,TRUE,SYNTH_ADVERSARY_V1
BEN-003784,Rafah,AID-2026-ED-512,civil rights,individual,TRUE,SYNTH_ADVERSARY_V1
BEN-021257,Rafah,AID-2026-DR-114,human services,household,TRUE,SYNTH_ADVERSARY_V1
BEN-007888,Rafah,AID-2026-ED-512,education,household,TRUE,SYNTH_ADVERSARY_V1
BEN-022073,Rafah,AID-2026-FS-207,youth development,individual,TRUE,SYNTH_ADVERSARY_V1
BEN-007704,Rafah,AID-2026-WS-618,housing,household,TRUE,SYNTH_ADVERSARY_V1
BEN-002322,Rafah,AID-2026-ED-512,youth development,group,TRUE,SYNTH_ADVERSARY_V1
BEN-020746,Rafah,AID-2026-FS-207,human services,group,TRUE,SYNTH_ADVERSARY_V1
BEN-004302,Sitapur,AID-2026-ED-512,education,group,TRUE,SYNTH_ADVERSARY_V1
BEN-010011,Sitapur,AID-2026-DR-114,housing,individual,TRUE,SYNTH_ADVERSARY_V1
BEN-007877,Sitapur,AID-2026-HL-330,international development,household,TRUE,SYNTH_ADVERSARY_V1
BEN-002985,Sitapur,AID-2026-ED-512,international development,household,TRUE,SYNTH_ADVERSARY_V1
BEN-017287,Sitapur,AID-2026-WS-618,environment,household,TRUE,SYNTH_ADVERSARY_V1
BEN-011548,Sitapur,AID-2026-DR-114,education,household,TRUE,SYNTH_ADVERSARY_V1
BEN-013817,Sitapur,AID-2026-HL-330,education,individual,TRUE,SYNTH_ADVERSARY_V1
BEN-000626,Sitapur,AID-2026-WS-618,environment,individual,TRUE,SYNTH_ADVERSARY_V1
BEN-018806,Sitapur,AID-2026-ED-512,food and agriculture,household,TRUE,SYNTH_ADVERSARY_V1
BEN-023842,Sitapur,AID-2026-SH-455,housing,group,TRUE,SYNTH_ADVERSARY_V1
BEN-007744,Sitapur,AID-2026-DR-114,environment,household,TRUE,SYNTH_ADVERSARY_V1
BEN-023889,Balrampur,AID-2026-WS-618,civil rights,household,TRUE,SYNTH_ADVERSARY_V1
BEN-002404,Balrampur,AID-2026-WS-618,education,group,TRUE,SYNTH_ADVERSARY_V1
BEN-005715,Balrampur,AID-2026-HL-330,disaster relief,individual,TRUE,SYNTH_ADVERSARY_V1
BEN-022571,Balrampur,AID-2026-SH-455,human services,household,TRUE,SYNTH_ADVERSARY_V1
BEN-022603,Balrampur,AID-2026-WS-618,disaster relief,household,TRUE,SYNTH_ADVERSARY_V1
BEN-022004,Balrampur,AID-2026-WS-618,youth development,individual,TRUE,SYNTH_ADVERSARY_V1
BEN-016199,Balrampur,AID-2026-HL-330,environment,household,TRUE,SYNTH_ADVERSARY_V1
BEN-000996,Balrampur,AID-2026-HL-330,international development,group,TRUE,SYNTH_ADVERSARY_V1
BEN-010092,Balrampur,AID-2026-SH-455,international development,individual,TRUE,SYNTH_ADVERSARY_V1
BEN-025936,Balrampur,AID-2026-FS-207,civil rights,individual,TRUE,SYNTH_ADVERSARY_V1
BEN-015183,Balrampur,AID-2026-FS-207,education,group,TRUE,SYNTH_ADVERSARY_V1
BEN-020157,Balrampur,AID-2026-ED-512,education,household,TRUE,SYNTH_ADVERSARY_V1
BEN-004316,Balrampur,AID-2026-DR-114,environment,household,TRUE,SYNTH_ADVERSARY_V1
BEN-009698,Balrampur,AID-2026-SH-455,human services,individual,TRUE,SYNTH_ADVERSARY_V1
BEN-022118,Diffa,AID-2026-FS-207,human services,household,TRUE,SYNTH_ADVERSARY_V1
BEN-011645,Balrampur,AID-2026-ED-512,youth development,individual,TRUE,SYNTH_ADVERSARY_V1
BEN-003463,Balrampur,AID-2026-SH-455,housing,household,TRUE,SYNTH_ADVERSARY_V1
BEN-015593,Balrampur,AID-2026-ED-512,youth development,household,TRUE,SYNTH_ADVERSARY_V1
BEN-001678,Balrampur,AID-2026-HL-330,environment,individual,TRUE,SYNTH_ADVERSARY_V1
BEN-010963,Balrampur,AID-2026-SH-455,youth development,individual,TRUE,SYNTH_ADVERSARY_V1
BEN-014759,Balrampur,AID-2026-SH-455,medical,individual,TRUE,SYNTH_ADVERSARY_V1
BEN-000681,Balrampur,AID-2026-HL-330,international development,household,TRUE,SYNTH_ADVERSARY_V1
BEN-007014,Maradi,AID-2026-FS-207,education,household,TRUE,SYNTH_ADVERSARY_V1
BEN-009517,Maradi,AID-2026-FS-207,youth development,individual,TRUE,SYNTH_ADVERSARY_V1
BEN-020062,Maradi,AID-2026-WS-618,environment,individual,TRUE,SYNTH_ADVERSARY_V1
BEN-006472,Maradi,AID-2026-SH-455,education,household,TRUE,SYNTH_ADVERSARY_V1
BEN-003085,Maradi,AID-2026-WS-618,international development,household,TRUE,SYNTH_ADVERSARY_V1
BEN-019483,Maradi,AID-2026-DR-114,education,household,TRUE,SYNTH_ADVERSARY_V1
BEN-001320,Maradi,AID-2026-SH-455,food and agriculture,household,TRUE,SYNTH_ADVERSARY_V1
BEN-025611,Maradi,AID-2026-ED-512,environment,household,TRUE,SYNTH_ADVERSARY_V1
BEN-014631,Maradi,AID-2026-HL-330,environment,individual,TRUE,SYNTH_ADVERSARY_V1
BEN-010264,Maradi,AID-2026-SH-455,housing,individual,TRUE,SYNTH_ADVERSARY_V1
BEN-020431,Chitrakoot,AID-2026-WS-618,medical,household,TRUE,SYNTH_ADVERSARY_V1
BEN-010258,Chitrakoot,AID-2026-FS-207,human services,individual,TRUE,SYNTH_ADVERSARY_V1
BEN-009349,Chitrakoot,AID-2026-HL-330,environment,individual,TRUE,SYNTH_ADVERSARY_V1
BEN-023224,Chitrakoot,AID-2026-DR-114,human services,household,TRUE,SYNTH_ADVERSARY_V1
BEN-012663,Chitrakoot,AID-2026-HL-330,medical,individual,TRUE,SYNTH_ADVERSARY_V1
BEN-017867,Chitrakoot,AID-2026-FS-207,education,household,TRUE,SYNTH_ADVERSARY_V1
BEN-004418,Chitrakoot,AID-2026-DR-114,housing,household,TRUE,SYNTH_ADVERSARY_V1
BEN-002175,Chitrakoot,AID-2026-HL-330,education,group,TRUE,SYNTH_ADVERSARY_V1
BEN-016150,Chitrakoot,AID-2026-FS-207,food and agriculture,household,TRUE,SYNTH_ADVERSARY_V1
BEN-024382,Chitrakoot,AID-2026-ED-512,housing,household,TRUE,SYNTH_ADVERSARY_V1
BEN-018047,Chitrakoot,AID-2026-WS-618,disaster relief,household,TRUE,SYNTH_ADVERSARY_V1
BEN-025053,Chitrakoot,AID-2026-HL-330,disaster relief,individual,TRUE,SYNTH_ADVERSARY_V1
BEN-022043,Chitrakoot,AID-2026-SH-455,youth development,household,TRUE,SYNTH_ADVERSARY_V1
BEN-020766,Chitrakoot,AID-2026-WS-618,youth development,individual,TRUE,SYNTH_ADVERSARY_V1
BEN-009407,Deir al-Balah,AID-2026-DR-114,food and agriculture,household,TRUE,SYNTH_ADVERSARY_V1
BEN-010647,Deir al-Balah,AID-2026-WS-618,housing,household,TRUE,SYNTH_ADVERSARY_V1
BEN-009086,Deir al-Balah,AID-2026-WS-618,education,individual,TRUE,SYNTH_ADVERSARY_V1
BEN-017101,Deir al-Balah,AID-2026-FS-207,human services,household,TRUE,SYNTH_ADVERSARY_V1
BEN-001289,Deir al-Balah,AID-2026-SH-455,youth development,household,TRUE,SYNTH_ADVERSARY_V1
BEN-025110,Deir al-Balah,AID-2026-ED-512,education,individual,TRUE,SYNTH_ADVERSARY_V1
BEN-006074,Deir al-Balah,AID-2026-FS-207,medical,individual,TRUE,SYNTH_ADVERSARY_V1
BEN-006870,Nyala,AID-2026-WS-618,civil rights,individual,TRUE,SYNTH_ADVERSARY_V1
BEN-024184,Nyala,AID-2026-SH-455,international development,individual,TRUE,SYNTH_ADVERSARY_V1
BEN-012084,Nyala,AID-2026-WS-618,food and agriculture,household,TRUE,SYNTH_ADVERSARY_V1
BEN-022022,Nyala,AID-2026-DR-114,environment,household,TRUE,SYNTH_ADVERSARY_V1
BEN-017348,Nyala,AID-2026-FS-207,medical,individual,TRUE,SYNTH_ADVERSARY_V1
BEN-016424,Nyala,AID-2026-ED-512,housing,group,TRUE,SYNTH_ADVERSARY_V1
BEN-007163,Nyala,AID-2026-WS-618,education,household,TRUE,SYNTH_ADVERSARY_V1
BEN-018007,Nyala,AID-2026-HL-330,food and agriculture,household,TRUE,SYNTH_ADVERSARY_V1
BEN-003401,Nyala,AID-2026-ED-512,environment,group,TRUE,SYNTH_ADVERSARY_V1
BEN-019656,El Obeid,AID-2026-FS-207,civil rights,group,TRUE,SYNTH_ADVERSARY_V1
BEN-000133,El Obeid,AID-2026-FS-207,international development,individual,TRUE,SYNTH_ADVERSARY_V1
BEN-019889,El Obeid,AID-2026-HL-330,housing,individual,TRUE,SYNTH_ADVERSARY_V1
BEN-003062,El Obeid,AID-2026-FS-207,education,group,TRUE,SYNTH_ADVERSARY_V1
BEN-002702,El Obeid,AID-2026-WS-618,international development,individual,TRUE,SYNTH_ADVERSARY_V1
BEN-018088,El Obeid,AID-2026-HL-330,food and agriculture,individual,TRUE,SYNTH_ADVERSARY_V1
BEN-016898,El Obeid,AID-2026-DR-114,disaster relief,household,TRUE,SYNTH_ADVERSARY_V1
BEN-021481,El Obeid,AID-2026-WS-618,human services,household,TRUE,SYNTH_ADVERSARY_V1
BEN-009525,El Obeid,AID-2026-DR-114,civil rights,household,TRUE,SYNTH_ADVERSARY_V1
BEN-013638,El Obeid,AID-2026-WS-618,food and agriculture,household,TRUE,SYNTH_ADVERSARY_V1
BEN-021875,El Obeid,AID-2026-DR-114,food and agriculture,household,TRUE,SYNTH_ADVERSARY_V1
BEN-000587,El Obeid,AID-2026-HL-330,housing,group,TRUE,SYNTH_ADVERSARY_V1
BEN-020700,El Obeid,AID-2026-WS-618,housing,household,TRUE,SYNTH_ADVERSARY_V1
BEN-022828,Kassala,AID-2026-FS-207,housing,household,TRUE,SYNTH_ADVERSARY_V1
BEN-016292,Kassala,AID-2026-FS-207,international development,individual,TRUE,SYNTH_ADVERSARY_V1
BEN-000397,Kassala,AID-2026-FS-207,medical,household,TRUE,SYNTH_ADVERSARY_V1
BEN-000140,Kassala,AID-2026-FS-207,human services,household,TRUE,SYNTH_ADVERSARY_V1
BEN-011626,Kassala,AID-2026-SH-455,food and agriculture,group,TRUE,SYNTH_ADVERSARY_V1
BEN-016764,Kassala,AID-2026-HL-330,human services,group,TRUE,SYNTH_ADVERSARY_V1
BEN-016542,Kassala,AID-2026-FS-207,international development,household,TRUE,SYNTH_ADVERSARY_V1
BEN-006859,Kassala,AID-2026-SH-455,education,household,TRUE,SYNTH_ADVERSARY_V1
BEN-000034,Kutupalong,AID-2026-DR-114,housing,household,TRUE,SYNTH_ADVERSARY_V1
BEN-020067,Kutupalong,AID-2026-DR-114,food and agriculture,household,TRUE,SYNTH_ADVERSARY_V1
BEN-021510,Kutupalong,AID-2026-HL-330,medical,individual,TRUE,SYNTH_ADVERSARY_V1
BEN-004061,Kutupalong,AID-2026-SH-455,human services,individual,TRUE,SYNTH_ADVERSARY_V1
BEN-008973,Kutupalong,AID-2026-SH-455,education,group,TRUE,SYNTH_ADVERSARY_V1
BEN-012416,Kutupalong,AID-2026-HL-330,civil rights,household,TRUE,SYNTH_ADVERSARY_V1
BEN-002338,Kutupalong,AID-2026-ED-512,education,household,TRUE,SYNTH_ADVERSARY_V1
BEN-013506,Kutupalong,AID-2026-HL-330,medical,individual,TRUE,SYNTH_ADVERSARY_V1
BEN-005654,Sitapur,AID-2026-WS-618,medical,household,TRUE,SYNTH_ADVERSARY_V1
BEN-024609,Sitapur,AID-2026-WS-618,medical,household,TRUE,SYNTH_ADVERSARY_V1
BEN-021127,Sitapur,AID-2026-HL-330,medical,individual,TRUE,SYNTH_ADVERSARY_V1
BEN-018036,Sitapur,AID-2026-ED-512,medical,household,TRUE,SYNTH_ADVERSARY_V1
BEN-007957,Sitapur,AID-2026-WS-618,human services,household,TRUE,SYNTH_ADVERSARY_V1
BEN-002034,Sitapur,AID-2026-DR-114,food and agriculture,group,TRUE,SYNTH_ADVERSARY_V1
BEN-000884,Sitapur,AID-2026-WS-618,human services,group,TRUE,SYNTH_ADVERSARY_V1
BEN-011374,Sitapur,AID-2026-FS-207,international development,group,TRUE,SYNTH_ADVERSARY_V1
BEN-015134,Sitapur,AID-2026-ED-512,human services,household,TRUE,SYNTH_ADVERSARY_V1
BEN-013684,Sitapur,AID-2026-HL-330,education,household,TRUE,SYNTH_ADVERSARY_V1
BEN-003827,Sitapur,AID-2026-HL-330,civil rights,household,TRUE,SYNTH_ADVERSARY_V1
BEN-011030,Sitapur,AID-2026-SH-455,environment,household,TRUE,SYNTH_ADVERSARY_V1
BEN-003975,Sitapur,AID-2026-WS-618,education,household,TRUE,SYNTH_ADVERSARY_V1
BEN-003779,Sitapur,AID-2026-DR-114,disaster relief,household,TRUE,SYNTH_ADVERSARY_V1
BEN-022886,El Obeid,AID-2026-FS-207,human services,household,TRUE,SYNTH_ADVERSARY_V1
BEN-007151,El Obeid,AID-2026-ED-512,international development,group,TRUE,SYNTH_ADVERSARY_V1
BEN-024763,El Obeid,AID-2026-FS-207,civil rights,individual,TRUE,SYNTH_ADVERSARY_V1
BEN-005752,El Obeid,AID-2026-SH-455,food and agriculture,household,TRUE,SYNTH_ADVERSARY_V1
BEN-017401,El Obeid,AID-2026-FS-207,food and agriculture,household,TRUE,SYNTH_ADVERSARY_V1
BEN-024490,El Obeid,AID-2026-DR-114,education,household,TRUE,SYNTH_ADVERSARY_V1
BEN-003233,Deir al-Balah,AID-2026-DR-114,food and agriculture,household,TRUE,SYNTH_ADVERSARY_V1
BEN-006030,Deir al-Balah,AID-2026-SH-455,education,household,TRUE,SYNTH_ADVERSARY_V1
BEN-016327,Deir al-Balah,AID-2026-DR-114,human services,individual,TRUE,SYNTH_ADVERSARY_V1
BEN-011749,Deir al-Balah,AID-2026-WS-618,youth development,household,TRUE,SYNTH_ADVERSARY_V1
BEN-020246,Deir al-Balah,AID-2026-DR-114,education,household,TRUE,SYNTH_ADVERSARY_V1
BEN-018941,Deir al-Balah,AID-2026-FS-207,medical,household,TRUE,SYNTH_ADVERSARY_V1
BEN-005242,Deir al-Balah,AID-2026-HL-330,civil rights,group,TRUE,SYNTH_ADVERSARY_V1
BEN-025152,Deir al-Balah,AID-2026-HL-330,international development,individual,TRUE,SYNTH_ADVERSARY_V1
BEN-010466,Deir al-Balah,AID-2026-SH-455,international development,individual,TRUE,SYNTH_ADVERSARY_V1
BEN-006902,Balrampur,AID-2026-SH-455,human services,household,TRUE,SYNTH_ADVERSARY_V1
BEN-003521,Balrampur,AID-2026-ED-512,education,household,TRUE,SYNTH_ADVERSARY_V1
BEN-019754,Balrampur,AID-2026-SH-455,food and agriculture,household,TRUE,SYNTH_ADVERSARY_V1
BEN-000851,Balrampur,AID-2026-HL-330,housing,household,TRUE,SYNTH_ADVERSARY_V1
BEN-019305,Balrampur,AID-2026-FS-207,civil rights,group,TRUE,SYNTH_ADVERSARY_V1
BEN-009025,Balrampur,AID-2026-HL-330,education,household,TRUE,SYNTH_ADVERSARY_V1
BEN-017270,Balrampur,AID-2026-FS-207,medical,household,TRUE,SYNTH_ADVERSARY_V1
BEN-007453,Balrampur,AID-2026-FS-207,human services,household,TRUE,SYNTH_ADVERSARY_V1
BEN-023091,Balrampur,AID-2026-HL-330,civil rights,individual,TRUE,SYNTH_ADVERSARY_V1
BEN-000917,Balrampur,AID-2026-WS-618,human services,individual,TRUE,SYNTH_ADVERSARY_V1
BEN-008184,Balrampur,AID-2026-HL-330,medical,group,TRUE,SYNTH_ADVERSARY_V1
BEN-013978,El Obeid,AID-2026-DR-114,youth development,individual,TRUE,SYNTH_ADVERSARY_V1
BEN-000906,El Obeid,AID-2026-ED-512,food and agriculture,household,TRUE,SYNTH_ADVERSARY_V1
BEN-010752,El Obeid,AID-2026-WS-618,international development,household,TRUE,SYNTH_ADVERSARY_V1
BEN-024848,El Obeid,AID-2026-FS-207,disaster relief,individual,TRUE,SYNTH_ADVERSARY_V1
BEN-023876,El Obeid,AID-2026-SH-455,housing,individual,TRUE,SYNTH_ADVERSARY_V1
BEN-004387,El Obeid,AID-2026-SH-455,civil rights,household,TRUE,SYNTH_ADVERSARY_V1
BEN-019684,El Obeid,AID-2026-WS-618,youth development,individual,TRUE,SYNTH_ADVERSARY_V1
BEN-003333,El Obeid,AID-2026-ED-512,civil rights,household,TRUE,SYNTH_ADVERSARY_V1
BEN-013067,El Obeid,AID-2026-HL-330,food and agriculture,individual,TRUE,SYNTH_ADVERSARY_V1
BEN-006954,Chitrakoot,AID-2026-WS-618,medical,household,TRUE,SYNTH_ADVERSARY_V1
BEN-019831,Chitrakoot,AID-2026-WS-618,education,individual,TRUE,SYNTH_ADVERSARY_V1
BEN-012165,Chitrakoot,AID-2026-FS-207,environment,individual,TRUE,SYNTH_ADVERSARY_V1
BEN-025877,Chitrakoot,AID-2026-HL-330,youth development,household,TRUE,SYNTH_ADVERSARY_V1
BEN-024513,Chitrakoot,AID-2026-DR-114,human services,group,TRUE,SYNTH_ADVERSARY_V1
BEN-019094,Chitrakoot,AID-2026-ED-512,food and agriculture,individual,TRUE,SYNTH_ADVERSARY_V1
BEN-023979,Chitrakoot,AID-2026-HL-330,environment,household,TRUE,SYNTH_ADVERSARY_V1
BEN-004388,Chitrakoot,AID-2026-HL-330,education,group,TRUE,SYNTH_ADVERSARY_V1
BEN-006873,Chitrakoot,AID-2026-WS-618,human services,individual,TRUE,SYNTH_ADVERSARY_V1
BEN-011234,Chitrakoot,AID-2026-ED-512,environment,individual,TRUE,SYNTH_ADVERSARY_V1
BEN-008118,Chitrakoot,AID-2026-SH-455,human services,household,TRUE,SYNTH_ADVERSARY_V1
BEN-024829,Chitrakoot,AID-2026-DR-114,housing,household,TRUE,SYNTH_ADVERSARY_V1
BEN-000223,El Obeid,AID-2026-ED-512,education,group,TRUE,SYNTH_ADVERSARY_V1
BEN-009295,El Obeid,AID-2026-SH-455,human services,household,TRUE,SYNTH_ADVERSARY_V1
BEN-011933,El Obeid,AID-2026-ED-512,international development,household,TRUE,SYNTH_ADVERSARY_V1
BEN-025621,El Obeid,AID-2026-WS-618,environment,household,TRUE,SYNTH_ADVERSARY_V1
BEN-009991,El Obeid,AID-2026-ED-512,housing,household,TRUE,SYNTH_ADVERSARY_V1
BEN-001088,El Obeid,AID-2026-SH-455,international development,group,TRUE,SYNTH_ADVERSARY_V1
BEN-020133,El Obeid,AID-2026-SH-455,human services,individual,TRUE,SYNTH_ADVERSARY_V1
BEN-006242,El Obeid,AID-2026-SH-455,medical,household,TRUE,SYNTH_ADVERSARY_V1
BEN-021794,El Obeid,AID-2026-WS-618,civil rights,household,TRUE,SYNTH_ADVERSARY_V1
BEN-014308,Wad Madani,AID-2026-WS-618,civil rights,household,TRUE,SYNTH_ADVERSARY_V1
BEN-000007,Wad Madani,AID-2026-FS-207,youth development,individual,TRUE,SYNTH_ADVERSARY_V1
BEN-006185,Wad Madani,AID-2026-SH-455,human services,individual,TRUE,SYNTH_ADVERSARY_V1
BEN-008760,Wad Madani,AID-2026-FS-207,food and agriculture,household,TRUE,SYNTH_ADVERSARY_V1
BEN-003458,Wad Madani,AID-2026-FS-207,education,household,TRUE,SYNTH_ADVERSARY_V1
BEN-017026,Wad Madani,AID-2026-WS-618,international development,household,TRUE,SYNTH_ADVERSARY_V1
BEN-014224,Wad Madani,AID-2026-WS-618,housing,household,TRUE,SYNTH_ADVERSARY_V1
BEN-023912,Wad Madani,AID-2026-DR-114,education,group,TRUE,SYNTH_ADVERSARY_V1
BEN-023044,Wad Madani,AID-2026-WS-618,international development,household,TRUE,SYNTH_ADVERSARY_V1
BEN-003721,Wad Madani,AID-2026-HL-330,human services,group,TRUE,SYNTH_ADVERSARY_V1
BEN-025227,Wad Madani,AID-2026-HL-330,education,household,TRUE,SYNTH_ADVERSARY_V1
BEN-015437,Gaza North,AID-2026-FS-207,human services,household,TRUE,SYNTH_ADVERSARY_V1
BEN-004721,Gaza North,AID-2026-SH-455,food and agriculture,household,TRUE,SYNTH_ADVERSARY_V1
BEN-005755,Gaza North,AID-2026-SH-455,human services,household,TRUE,SYNTH_ADVERSARY_V1
BEN-014900,Gaza North,AID-2026-HL-330,education,household,TRUE,SYNTH_ADVERSARY_V1
BEN-022375,Gaza North,AID-2026-DR-114,environment,household,TRUE,SYNTH_ADVERSARY_V1
BEN-009843,Gaza North,AID-2026-ED-512,human services,individual,TRUE,SYNTH_ADVERSARY_V1
BEN-006001,Gaza North,AID-2026-FS-207,housing,individual,TRUE,SYNTH_ADVERSARY_V1
BEN-015535,Cox's Bazar,AID-2026-DR-114,human services,household,TRUE,SYNTH_ADVERSARY_V1
BEN-008115,Cox's Bazar,AID-2026-ED-512,disaster relief,household,TRUE,SYNTH_ADVERSARY_V1
BEN-024851,Cox's Bazar,AID-2026-DR-114,international development,household,TRUE,SYNTH_ADVERSARY_V1
BEN-018359,Cox's Bazar,AID-2026-FS-207,international development,individual,TRUE,SYNTH_ADVERSARY_V1
BEN-011905,Cox's Bazar,AID-2026-HL-330,food and agriculture,household,TRUE,SYNTH_ADVERSARY_V1
BEN-016531,Cox's Bazar,AID-2026-HL-330,international development,group,TRUE,SYNTH_ADVERSARY_V1
BEN-008231,Maradi,AID-2026-SH-455,civil rights,household,TRUE,SYNTH_ADVERSARY_V1
BEN-006535,Maradi,AID-2026-FS-207,food and agriculture,household,TRUE,SYNTH_ADVERSARY_V1
BEN-006247,Balrampur,AID-2026-SH-455,international development,household,TRUE,SYNTH_ADVERSARY_V1
BEN-011483,Maradi,AID-2026-HL-330,youth development,individual,TRUE,SYNTH_ADVERSARY_V1
BEN-022608,Maradi,AID-2026-HL-330,medical,individual,TRUE,SYNTH_ADVERSARY_V1
BEN-023281,Nyala,AID-2026-ED-512,civil rights,household,TRUE,SYNTH_ADVERSARY_V1
BEN-001001,Maradi,AID-2026-ED-512,food and agriculture,individual,TRUE,SYNTH_ADVERSARY_V1
BEN-011549,Cox's Bazar,AID-2026-FS-207,medical,individual,TRUE,SYNTH_ADVERSARY_V1
BEN-021613,Cox's Bazar,AID-2026-SH-455,food and agriculture,household,TRUE,SYNTH_ADVERSARY_V1
BEN-012052,Cox's Bazar,AID-2026-ED-512,disaster relief,group,TRUE,SYNTH_ADVERSARY_V1
BEN-019543,Cox's Bazar,AID-2026-ED-512,environment,group,TRUE,SYNTH_ADVERSARY_V1
BEN-012754,Cox's Bazar,AID-2026-FS-207,civil rights,household,TRUE,SYNTH_ADVERSARY_V1
BEN-003242,Cox's Bazar,AID-2026-DR-114,education,group,TRUE,SYNTH_ADVERSARY_V1
BEN-017504,Kassala,AID-2026-HL-330,housing,individual,TRUE,SYNTH_ADVERSARY_V1
BEN-012844,Cox's Bazar,AID-2026-ED-512,international development,household,TRUE,SYNTH_ADVERSARY_V1
BEN-009447,Cox's Bazar,AID-2026-FS-207,international development,individual,TRUE,SYNTH_ADVERSARY_V1
BEN-006638,Cox's Bazar,AID-2026-DR-114,human services,household,TRUE,SYNTH_ADVERSARY_V1
BEN-001960,Cox's Bazar,AID-2026-WS-618,food and agriculture,individual,TRUE,SYNTH_ADVERSARY_V1
BEN-017456,Cox's Bazar,AID-2026-SH-455,civil rights,individual,TRUE,SYNTH_ADVERSARY_V1
BEN-000176,Cox's Bazar,AID-2026-ED-512,medical,individual,TRUE,SYNTH_ADVERSARY_V1
BEN-015823,Cox's Bazar,AID-2026-WS-618,food and agriculture,household,TRUE,SYNTH_ADVERSARY_V1
BEN-000392,Cox's Bazar,AID-2026-FS-207,youth development,household,TRUE,SYNTH_ADVERSARY_V1
BEN-005331,Cox's Bazar,AID-2026-SH-455,environment,household,TRUE,SYNTH_ADVERSARY_V1
BEN-004151,Cox's Bazar,AID-2026-SH-455,disaster relief,group,TRUE,SYNTH_ADVERSARY_V1
BEN-004845,Cox's Bazar,AID-2026-HL-330,housing,household,TRUE,SYNTH_ADVERSARY_V1
BEN-011074,Cox's Bazar,AID-2026-FS-207,housing,group,TRUE,SYNTH_ADVERSARY_V1
BEN-016946,Cox's Bazar,AID-2026-SH-455,civil rights,individual,TRUE,SYNTH_ADVERSARY_V1
BEN-007633,Nyala,AID-2026-FS-207,housing,household,TRUE,SYNTH_ADVERSARY_V1
BEN-009059,Nyala,AID-2026-DR-114,medical,household,TRUE,SYNTH_ADVERSARY_V1
BEN-017040,Nyala,AID-2026-WS-618,medical,household,TRUE,SYNTH_ADVERSARY_V1
BEN-020655,Nyala,AID-2026-WS-618,food and agriculture,household,TRUE,SYNTH_ADVERSARY_V1
BEN-025314,Nyala,AID-2026-ED-512,housing,individual,TRUE,SYNTH_ADVERSARY_V1
BEN-005982,Nyala,AID-2026-WS-618,education,individual,TRUE,SYNTH_ADVERSARY_V1
BEN-000901,Nyala,AID-2026-DR-114,youth development,household,TRUE,SYNTH_ADVERSARY_V1
BEN-010820,Nyala,AID-2026-HL-330,youth development,individual,TRUE,SYNTH_ADVERSARY_V1
BEN-025617,Nyala,AID-2026-ED-512,youth development,individual,TRUE,SYNTH_ADVERSARY_V1
BEN-007970,Nyala,AID-2026-WS-618,human services,individual,TRUE,SYNTH_ADVERSARY_V1
BEN-001806,Nyala,AID-2026-DR-114,disaster relief,group,TRUE,SYNTH_ADVERSARY_V1
BEN-005612,Nyala,AID-2026-DR-114,human services,individual,TRUE,SYNTH_ADVERSARY_V1
BEN-016832,Nyala,AID-2026-WS-618,environment,household,TRUE,SYNTH_ADVERSARY_V1
BEN-006624,Cox's Bazar,AID-2026-FS-207,medical,group,TRUE,SYNTH_ADVERSARY_V1
BEN-005710,Cox's Bazar,AID-2026-FS-207,international development,household,TRUE,SYNTH_ADVERSARY_V1
BEN-021332,Cox's Bazar,AID-2026-FS-207,youth development,individual,TRUE,SYNTH_ADVERSARY_V1
BEN-016250,Cox's Bazar,AID-2026-SH-455,housing,individual,TRUE,SYNTH_ADVERSARY_V1
BEN-008681,Cox's Bazar,AID-2026-DR-114,civil rights,household,TRUE,SYNTH_ADVERSARY_V1
BEN-022062,Cox's Bazar,AID-2026-DR-114,housing,group,TRUE,SYNTH_ADVERSARY_V1
BEN-017475,Cox's Bazar,AID-2026-ED-512,youth development,household,TRUE,SYNTH_ADVERSARY_V1
BEN-020814,Cox's Bazar,AID-2026-FS-207,housing,individual,TRUE,SYNTH_ADVERSARY_V1
BEN-016096,Cox's Bazar,AID-2026-SH-455,food and agriculture,individual,TRUE,SYNTH_ADVERSARY_V1
BEN-011859,Cox's Bazar,AID-2026-WS-618,human services,household,TRUE,SYNTH_ADVERSARY_V1
BEN-018292,Cox's Bazar,AID-2026-DR-114,environment,individual,TRUE,SYNTH_ADVERSARY_V1
BEN-004828,Wad Madani,AID-2026-HL-330,disaster relief,group,TRUE,SYNTH_ADVERSARY_V1
BEN-022781,Wad Madani,AID-2026-HL-330,disaster relief,household,TRUE,SYNTH_ADVERSARY_V1
BEN-009416,Wad Madani,AID-2026-ED-512,environment,group,TRUE,SYNTH_ADVERSARY_V1
BEN-022797,Wad Madani,AID-2026-DR-114,human services,household,TRUE,SYNTH_ADVERSARY_V1
BEN-011881,Wad Madani,AID-2026-FS-207,human services,group,TRUE,SYNTH_ADVERSARY_V1
BEN-025557,Wad Madani,AID-2026-FS-207,human services,household,TRUE,SYNTH_ADVERSARY_V1
BEN-000635,Wad Madani,AID-2026-SH-455,youth development,household,TRUE,SYNTH_ADVERSARY_V1
BEN-011117,Wad Madani,AID-2026-DR-114,housing,household,TRUE,SYNTH_ADVERSARY_V1
BEN-021080,Wad Madani,AID-2026-ED-512,international development,individual,TRUE,SYNTH_ADVERSARY_V1
BEN-022982,Wad Madani,AID-2026-HL-330,medical,individual,TRUE,SYNTH_ADVERSARY_V1
BEN-017375,Wad Madani,AID-2026-SH-455,food and agriculture,group,TRUE,SYNTH_ADVERSARY_V1
BEN-005221,Wad Madani,AID-2026-WS-618,youth development,household,TRUE,SYNTH_ADVERSARY_V1
BEN-012233,Wad Madani,AID-2026-WS-618,civil rights,household,TRUE,SYNTH_ADVERSARY_V1
BEN-016338,Wad Madani,AID-2026-SH-455,human services,individual,TRUE,SYNTH_ADVERSARY_V1
BEN-003049,Deir al-Balah,AID-2026-HL-330,environment,individual,TRUE,SYNTH_ADVERSARY_V1
BEN-012080,Deir al-Balah,AID-2026-DR-114,education,individual,TRUE,SYNTH_ADVERSARY_V1
BEN-011875,Deir al-Balah,AID-2026-ED-512,civil rights,household,TRUE,SYNTH_ADVERSARY_V1
BEN-001822,Deir al-Balah,AID-2026-FS-207,environment,household,TRUE,SYNTH_ADVERSARY_V1
BEN-018010,Deir al-Balah,AID-2026-SH-455,human services,household,TRUE,SYNTH_ADVERSARY_V1
BEN-010573,Deir al-Balah,AID-2026-FS-207,international development,household,TRUE,SYNTH_ADVERSARY_V1
BEN-011886,Deir al-Balah,AID-2026-ED-512,international development,household,TRUE,SYNTH_ADVERSARY_V1
BEN-008202,Deir al-Balah,AID-2026-DR-114,civil rights,group,TRUE,SYNTH_ADVERSARY_V1
BEN-012990,Deir al-Balah,AID-2026-SH-455,human services,household,TRUE,SYNTH_ADVERSARY_V1
BEN-019637,Kassala,AID-2026-HL-330,environment,household,TRUE,SYNTH_ADVERSARY_V1
BEN-025569,Kassala,AID-2026-SH-455,civil rights,household,TRUE,SYNTH_ADVERSARY_V1
BEN-024289,Kassala,AID-2026-DR-114,human services,individual,TRUE,SYNTH_ADVERSARY_V1
BEN-011312,Kassala,AID-2026-SH-455,environment,group,TRUE,SYNTH_ADVERSARY_V1
BEN-017594,Kassala,AID-2026-HL-330,human services,household,TRUE,SYNTH_ADVERSARY_V1
BEN-008415,Kassala,AID-2026-HL-330,housing,individual,TRUE,SYNTH_ADVERSARY_V1
BEN-002141,Kassala,AID-2026-SH-455,disaster relief,individual,TRUE,SYNTH_ADVERSARY_V1
BEN-009831,Kassala,AID-2026-HL-330,environment,household,TRUE,SYNTH_ADVERSARY_V1
BEN-015682,Kassala,AID-2026-DR-114,environment,group,TRUE,SYNTH_ADVERSARY_V1
BEN-015279,Kassala,AID-2026-WS-618,international development,household,TRUE,SYNTH_ADVERSARY_V1
BEN-024709,Kassala,AID-2026-DR-114,human services,household,TRUE,SYNTH_ADVERSARY_V1
BEN-019362,Kassala,AID-2026-WS-618,housing,individual,TRUE,SYNTH_ADVERSARY_V1
BEN-005493,Maradi,AID-2026-ED-512,environment,individual,TRUE,SYNTH_ADVERSARY_V1
BEN-022285,Maradi,AID-2026-FS-207,international development,individual,TRUE,SYNTH_ADVERSARY_V1
BEN-015214,Maradi,AID-2026-HL-330,education,individual,TRUE,SYNTH_ADVERSARY_V1
BEN-012635,Maradi,AID-2026-DR-114,housing,household,TRUE,SYNTH_ADVERSARY_V1
BEN-008583,Maradi,AID-2026-FS-207,international development,group,TRUE,SYNTH_ADVERSARY_V1
BEN-018519,Maradi,AID-2026-WS-618,human services,household,TRUE,SYNTH_ADVERSARY_V1
BEN-024272,Maradi,AID-2026-DR-114,disaster relief,household,TRUE,SYNTH_ADVERSARY_V1
BEN-002816,Gaza North,AID-2026-WS-618,international development,household,TRUE,SYNTH_ADVERSARY_V1
BEN-020598,Gaza North,AID-2026-SH-455,youth development,household,TRUE,SYNTH_ADVERSARY_V1
BEN-014525,Gaza North,AID-2026-ED-512,human services,group,TRUE,SYNTH_ADVERSARY_V1
BEN-008594,Gaza North,AID-2026-HL-330,education,household,TRUE,SYNTH_ADVERSARY_V1
BEN-025508,Gaza North,AID-2026-DR-114,education,household,TRUE,SYNTH_ADVERSARY_V1
BEN-007757,Maradi,AID-2026-WS-618,youth development,household,TRUE,SYNTH_ADVERSARY_V1
BEN-020728,Maradi,AID-2026-WS-618,international development,household,TRUE,SYNTH_ADVERSARY_V1
BEN-021324,Maradi,AID-2026-SH-455,disaster relief,individual,TRUE,SYNTH_ADVERSARY_V1
BEN-022624,Maradi,AID-2026-DR-114,environment,group,TRUE,SYNTH_ADVERSARY_V1
BEN-003816,Maradi,AID-2026-WS-618,disaster relief,individual,TRUE,SYNTH_ADVERSARY_V1
BEN-004509,Maradi,AID-2026-HL-330,medical,individual,TRUE,SYNTH_ADVERSARY_V1
BEN-020625,Maradi,AID-2026-SH-455,education,household,TRUE,SYNTH_ADVERSARY_V1
BEN-014021,Cox's Bazar,AID-2026-WS-618,human services,household,TRUE,SYNTH_ADVERSARY_V1
BEN-009291,Cox's Bazar,AID-2026-SH-455,medical,individual,TRUE,SYNTH_ADVERSARY_V1
BEN-001467,Cox's Bazar,AID-2026-SH-455,environment,individual,TRUE,SYNTH_ADVERSARY_V1
BEN-009418,Cox's Bazar,AID-2026-HL-330,housing,household,TRUE,SYNTH_ADVERSARY_V1
BEN-015001,Kutupalong,AID-2026-FS-207,disaster relief,group,TRUE,SYNTH_ADVERSARY_V1
BEN-025010,Kutupalong,AID-2026-HL-330,civil rights,household,TRUE,SYNTH_ADVERSARY_V1
BEN-007475,Kutupalong,AID-2026-HL-330,food and agriculture,household,TRUE,SYNTH_ADVERSARY_V1
BEN-017730,Kutupalong,AID-2026-WS-618,food and agriculture,household,TRUE,SYNTH_ADVERSARY_V1
BEN-012414,Kutupalong,AID-2026-SH-455,disaster relief,household,TRUE,SYNTH_ADVERSARY_V1
BEN-010902,Kutupalong,AID-2026-WS-618,disaster relief,individual,TRUE,SYNTH_ADVERSARY_V1
BEN-015595,Kutupalong,AID-2026-DR-114,education,group,TRUE,SYNTH_ADVERSARY_V1
BEN-007306,Kutupalong,AID-2026-HL-330,medical,household,TRUE,SYNTH_ADVERSARY_V1
BEN-017131,Kutupalong,AID-2026-FS-207,international development,household,TRUE,SYNTH_ADVERSARY_V1
BEN-013491,Kutupalong,AID-2026-FS-207,youth development,household,TRUE,SYNTH_ADVERSARY_V1
BEN-000903,Kutupalong,AID-2026-DR-114,environment,household,TRUE,SYNTH_ADVERSARY_V1
BEN-017460,Kutupalong,AID-2026-SH-455,education,household,TRUE,SYNTH_ADVERSARY_V1
BEN-006776,Kutupalong,AID-2026-SH-455,youth development,household,TRUE,SYNTH_ADVERSARY_V1
BEN-018876,Kutupalong,AID-2026-HL-330,food and agriculture,household,TRUE,SYNTH_ADVERSARY_V1
BEN-003339,Kutupalong,AID-2026-FS-207,international development,household,TRUE,SYNTH_ADVERSARY_V1
BEN-018447,Kutupalong,AID-2026-ED-512,housing,household,TRUE,SYNTH_ADVERSARY_V1
BEN-022356,Kutupalong,AID-2026-WS-618,youth development,household,TRUE,SYNTH_ADVERSARY_V1
BEN-023343,Kassala,AID-2026-SH-455,civil rights,group,TRUE,SYNTH_ADVERSARY_V1
BEN-007611,Kassala,AID-2026-WS-618,environment,household,TRUE,SYNTH_ADVERSARY_V1
BEN-018983,Kassala,AID-2026-DR-114,education,individual,TRUE,SYNTH_ADVERSARY_V1
BEN-014240,Kassala,AID-2026-SH-455,civil rights,individual,TRUE,SYNTH_ADVERSARY_V1
BEN-025273,Kassala,AID-2026-SH-455,international development,household,TRUE,SYNTH_ADVERSARY_V1
BEN-004243,Kassala,AID-2026-DR-114,education,household,TRUE,SYNTH_ADVERSARY_V1
BEN-016095,Kassala,AID-2026-HL-330,human services,individual,TRUE,SYNTH_ADVERSARY_V1
BEN-024111,Kassala,AID-2026-SH-455,education,individual,TRUE,SYNTH_ADVERSARY_V1
BEN-006576,Kassala,AID-2026-WS-618,international development,individual,TRUE,SYNTH_ADVERSARY_V1
BEN-017265,Kassala,AID-2026-SH-455,civil rights,individual,TRUE,SYNTH_ADVERSARY_V1
BEN-025952,Kassala,AID-2026-FS-207,disaster relief,household,TRUE,SYNTH_ADVERSARY_V1
BEN-008062,Kassala,AID-2026-ED-512,international development,household,TRUE,SYNTH_ADVERSARY_V1
BEN-025854,Kutupalong,AID-2026-HL-330,youth development,household,TRUE,SYNTH_ADVERSARY_V1
BEN-005822,Kutupalong,AID-2026-ED-512,food and agriculture,individual,TRUE,SYNTH_ADVERSARY_V1
BEN-018856,Kutupalong,AID-2026-DR-114,international development,household,TRUE,SYNTH_ADVERSARY_V1
BEN-003932,Kutupalong,AID-2026-FS-207,disaster relief,individual,TRUE,SYNTH_ADVERSARY_V1
BEN-015297,Kutupalong,AID-2026-WS-618,education,household,TRUE,SYNTH_ADVERSARY_V1
BEN-018428,Kutupalong,AID-2026-DR-114,education,household,TRUE,SYNTH_ADVERSARY_V1
BEN-004540,El Obeid,AID-2026-FS-207,disaster relief,group,TRUE,SYNTH_ADVERSARY_V1
BEN-006179,El Obeid,AID-2026-HL-330,environment,household,TRUE,SYNTH_ADVERSARY_V1
BEN-007817,El Obeid,AID-2026-DR-114,human services,individual,TRUE,SYNTH_ADVERSARY_V1
BEN-022974,El Obeid,AID-2026-HL-330,medical,household,TRUE,SYNTH_ADVERSARY_V1
BEN-020911,El Obeid,AID-2026-WS-618,housing,household,TRUE,SYNTH_ADVERSARY_V1
BEN-002186,El Obeid,AID-2026-HL-330,food and agriculture,household,TRUE,SYNTH_ADVERSARY_V1
BEN-024183,El Obeid,AID-2026-FS-207,education,individual,TRUE,SYNTH_ADVERSARY_V1
BEN-007225,El Obeid,AID-2026-DR-114,disaster relief,household,TRUE,SYNTH_ADVERSARY_V1
BEN-019925,El Obeid,AID-2026-ED-512,food and agriculture,individual,TRUE,SYNTH_ADVERSARY_V1
BEN-017478,El Obeid,AID-2026-HL-330,environment,household,TRUE,SYNTH_ADVERSARY_V1
BEN-024666,Wad Madani,AID-2026-FS-207,food and agriculture,individual,TRUE,SYNTH_ADVERSARY_V1
BEN-006270,Wad Madani,AID-2026-SH-455,medical,individual,TRUE,SYNTH_ADVERSARY_V1
BEN-018975,Wad Madani,AID-2026-WS-618,civil rights,household,TRUE,SYNTH_ADVERSARY_V1
BEN-009514,Wad Madani,AID-2026-WS-618,disaster relief,household,TRUE,SYNTH_ADVERSARY_V1
BEN-024771,Wad Madani,AID-2026-DR-114,food and agriculture,individual,TRUE,SYNTH_ADVERSARY_V1
BEN-001121,Wad Madani,AID-2026-HL-330,housing,individual,TRUE,SYNTH_ADVERSARY_V1
BEN-022319,Wad Madani,AID-2026-SH-455,youth development,group,TRUE,SYNTH_ADVERSARY_V1
BEN-005563,Sitapur,AID-2026-FS-207,housing,household,TRUE,SYNTH_ADVERSARY_V1
BEN-019929,Sitapur,AID-2026-FS-207,civil rights,individual,TRUE,SYNTH_ADVERSARY_V1
BEN-008677,Sitapur,AID-2026-HL-330,education,individual,TRUE,SYNTH_ADVERSARY_V1
BEN-010950,Sitapur,AID-2026-ED-512,youth development,household,TRUE,SYNTH_ADVERSARY_V1
BEN-006854,Sitapur,AID-2026-SH-455,food and agriculture,group,TRUE,SYNTH_ADVERSARY_V1
BEN-019690,Sitapur,AID-2026-SH-455,youth development,household,TRUE,SYNTH_ADVERSARY_V1
BEN-007000,Sitapur,AID-2026-WS-618,human services,household,TRUE,SYNTH_ADVERSARY_V1
BEN-007672,Sitapur,AID-2026-FS-207,education,individual,TRUE,SYNTH_ADVERSARY_V1
BEN-018516,Sitapur,AID-2026-FS-207,education,household,TRUE,SYNTH_ADVERSARY_V1
BEN-008890,Sitapur,AID-2026-DR-114,disaster relief,household,TRUE,SYNTH_ADVERSARY_V1
BEN-024947,Sitapur,AID-2026-SH-455,youth development,household,TRUE,SYNTH_ADVERSARY_V1
BEN-022925,Diffa,AID-2026-SH-455,education,individual,TRUE,SYNTH_ADVERSARY_V1
BEN-006480,Diffa,AID-2026-FS-207,disaster relief,individual,TRUE,SYNTH_ADVERSARY_V1
BEN-005873,Diffa,AID-2026-HL-330,education,household,TRUE,SYNTH_ADVERSARY_V1
BEN-017073,Diffa,AID-2026-ED-512,housing,household,TRUE,SYNTH_ADVERSARY_V1
BEN-011218,Diffa,AID-2026-DR-114,environment,household,TRUE,SYNTH_ADVERSARY_V1
BEN-019605,Diffa,AID-2026-FS-207,international development,individual,TRUE,SYNTH_ADVERSARY_V1
BEN-000374,Diffa,AID-2026-HL-330,food and agriculture,household,TRUE,SYNTH_ADVERSARY_V1
BEN-008044,Diffa,AID-2026-FS-207,education,individual,TRUE,SYNTH_ADVERSARY_V1
BEN-009109,Sitapur,AID-2026-DR-114,food and agriculture,group,TRUE,SYNTH_ADVERSARY_V1
BEN-010444,Sitapur,AID-2026-SH-455,education,household,TRUE,SYNTH_ADVERSARY_V1
BEN-021379,Sitapur,AID-2026-WS-618,international development,household,TRUE,SYNTH_ADVERSARY_V1
BEN-016799,Sitapur,AID-2026-FS-207,disaster relief,individual,TRUE,SYNTH_ADVERSARY_V1
BEN-018374,Sitapur,AID-2026-SH-455,education,household,TRUE,SYNTH_ADVERSARY_V1
BEN-003741,Sitapur,AID-2026-SH-455,medical,group,TRUE,SYNTH_ADVERSARY_V1
BEN-004186,Sitapur,AID-2026-FS-207,food and agriculture,household,TRUE,SYNTH_ADVERSARY_V1
BEN-014231,Sitapur,AID-2026-WS-618,environment,household,TRUE,SYNTH_ADVERSARY_V1
BEN-019716,Balrampur,AID-2026-FS-207,housing,group,TRUE,SYNTH_ADVERSARY_V1
BEN-020581,Balrampur,AID-2026-HL-330,disaster relief,individual,TRUE,SYNTH_ADVERSARY_V1
BEN-020438,Balrampur,AID-2026-ED-512,education,individual,TRUE,SYNTH_ADVERSARY_V1
BEN-011475,Balrampur,AID-2026-ED-512,education,household,TRUE,SYNTH_ADVERSARY_V1
BEN-025967,Chitrakoot,AID-2026-HL-330,disaster relief,individual,TRUE,SYNTH_ADVERSARY_V1
BEN-000203,Chitrakoot,AID-2026-WS-618,disaster relief,household,TRUE,SYNTH_ADVERSARY_V1
BEN-005130,Chitrakoot,AID-2026-SH-455,international development,group,TRUE,SYNTH_ADVERSARY_V1
BEN-020023,Chitrakoot,AID-2026-HL-330,disaster relief,individual,TRUE,SYNTH_ADVERSARY_V1
BEN-025699,Chitrakoot,AID-2026-SH-455,civil rights,household,TRUE,SYNTH_ADVERSARY_V1
BEN-010214,Chitrakoot,AID-2026-WS-618,environment,household,TRUE,SYNTH_ADVERSARY_V1
BEN-023435,Chitrakoot,AID-2026-SH-455,international development,individual,TRUE,SYNTH_ADVERSARY_V1
BEN-007570,Balrampur,AID-2026-SH-455,medical,individual,TRUE,SYNTH_ADVERSARY_V1
BEN-013240,Balrampur,AID-2026-DR-114,environment,household,TRUE,SYNTH_ADVERSARY_V1
BEN-009176,Balrampur,AID-2026-ED-512,education,individual,TRUE,SYNTH_ADVERSARY_V1
BEN-003894,Balrampur,AID-2026-ED-512,youth development,household,TRUE,SYNTH_ADVERSARY_V1
BEN-013806,Balrampur,AID-2026-DR-114,international development,household,TRUE,SYNTH_ADVERSARY_V1
BEN-000437,Balrampur,AID-2026-DR-114,disaster relief,household,TRUE,SYNTH_ADVERSARY_V1
BEN-020255,Balrampur,AID-2026-FS-207,civil rights,individual,TRUE,SYNTH_ADVERSARY_V1
BEN-014702,Wad Madani,AID-2026-SH-455,food and agriculture,household,TRUE,SYNTH_ADVERSARY_V1
BEN-012955,Wad Madani,AID-2026-DR-114,environment,household,TRUE,SYNTH_ADVERSARY_V1
BEN-022083,Wad Madani,AID-2026-DR-114,food and agriculture,household,TRUE,SYNTH_ADVERSARY_V1
BEN-017371,Wad Madani,AID-2026-ED-512,education,household,TRUE,SYNTH_ADVERSARY_V1
BEN-008963,Wad Madani,AID-2026-SH-455,international development,household,TRUE,SYNTH_ADVERSARY_V1
BEN-025929,Wad Madani,AID-2026-DR-114,medical,household,TRUE,SYNTH_ADVERSARY_V1
BEN-019643,Wad Madani,AID-2026-FS-207,disaster relief,individual,TRUE,SYNTH_ADVERSARY_V1
BEN-000453,Maradi,AID-2026-FS-207,human services,individual,TRUE,SYNTH_ADVERSARY_V1
BEN-021041,Maradi,AID-2026-ED-512,human services,household,TRUE,SYNTH_ADVERSARY_V1
BEN-003638,Maradi,AID-2026-DR-114,education,household,TRUE,SYNTH_ADVERSARY_V1
BEN-006233,Maradi,AID-2026-HL-330,international development,household,TRUE,SYNTH_ADVERSARY_V1
BEN-016901,Maradi,AID-2026-DR-114,food and agriculture,household,TRUE,SYNTH_ADVERSARY_V1
BEN-004760,Maradi,AID-2026-HL-330,food and agriculture,household,TRUE,SYNTH_ADVERSARY_V1
BEN-022423,Maradi,AID-2026-FS-207,education,household,TRUE,SYNTH_ADVERSARY_V1
BEN-002114,Maradi,AID-2026-SH-455,disaster relief,group,TRUE,SYNTH_ADVERSARY_V1
BEN-005226,El Obeid,AID-2026-ED-512,international development,household,TRUE,SYNTH_ADVERSARY_V1
BEN-005989,El Obeid,AID-2026-FS-207,environment,individual,TRUE,SYNTH_ADVERSARY_V1
BEN-017414,El Obeid,AID-2026-WS-618,civil rights,household,TRUE,SYNTH_ADVERSARY_V1
BEN-004258,El Obeid,AID-2026-WS-618,education,household,TRUE,SYNTH_ADVERSARY_V1
BEN-025205,El Obeid,AID-2026-ED-512,civil rights,individual,TRUE,SYNTH_ADVERSARY_V1
BEN-015846,El Obeid,AID-2026-HL-330,disaster relief,household,TRUE,SYNTH_ADVERSARY_V1
BEN-018944,El Obeid,AID-2026-FS-207,education,household,TRUE,SYNTH_ADVERSARY_V1
BEN-013336,El Obeid,AID-2026-DR-114,international development,household,TRUE,SYNTH_ADVERSARY_V1
BEN-021420,Barabanki,AID-2026-DR-114,food and agriculture,household,TRUE,SYNTH_ADVERSARY_V1
BEN-011724,Barabanki,AID-2026-ED-512,youth development,household,TRUE,SYNTH_ADVERSARY_V1
BEN-008064,Barabanki,AID-2026-WS-618,civil rights,group,TRUE,SYNTH_ADVERSARY_V1
BEN-011726,Barabanki,AID-2026-FS-207,education,household,TRUE,SYNTH_ADVERSARY_V1
BEN-025590,Barabanki,AID-2026-ED-512,education,group,TRUE,SYNTH_ADVERSARY_V1
BEN-013130,Barabanki,AID-2026-HL-330,housing,individual,TRUE,SYNTH_ADVERSARY_V1
BEN-021980,Barabanki,AID-2026-FS-207,human services,individual,TRUE,SYNTH_ADVERSARY_V1
BEN-001686,Barabanki,AID-2026-ED-512,disaster relief,household,TRUE,SYNTH_ADVERSARY_V1
BEN-025599,Kutupalong,AID-2026-WS-618,youth development,group,TRUE,SYNTH_ADVERSARY_V1
BEN-008345,Kutupalong,AID-2026-SH-455,environment,individual,TRUE,SYNTH_ADVERSARY_V1
BEN-025765,Kutupalong,AID-2026-DR-114,housing,household,TRUE,SYNTH_ADVERSARY_V1
BEN-005814,Kutupalong,AID-2026-ED-512,youth development,household,TRUE,SYNTH_ADVERSARY_V1
BEN-022710,Kutupalong,AID-2026-HL-330,disaster relief,household,TRUE,SYNTH_ADVERSARY_V1
BEN-001829,Kutupalong,AID-2026-HL-330,food and agriculture,group,TRUE,SYNTH_ADVERSARY_V1
BEN-001622,Kutupalong,AID-2026-FS-207,medical,individual,TRUE,SYNTH_ADVERSARY_V1
BEN-011413,Kutupalong,AID-2026-WS-618,youth development,group,TRUE,SYNTH_ADVERSARY_V1
BEN-005519,Kutupalong,AID-2026-SH-455,youth development,group,TRUE,SYNTH_ADVERSARY_V1
BEN-013084,Kutupalong,AID-2026-WS-618,housing,individual,TRUE,SYNTH_ADVERSARY_V1
BEN-018847,Kutupalong,AID-2026-WS-618,education,household,TRUE,SYNTH_ADVERSARY_V1
BEN-007007,Rafah,AID-2026-FS-207,civil rights,household,TRUE,SYNTH_ADVERSARY_V1
BEN-015387,Rafah,AID-2026-SH-455,housing,household,TRUE,SYNTH_ADVERSARY_V1
BEN-017372,Rafah,AID-2026-SH-455,youth development,individual,TRUE,SYNTH_ADVERSARY_V1
BEN-010627,Rafah,AID-2026-HL-330,civil rights,household,TRUE,SYNTH_ADVERSARY_V1
BEN-009084,Rafah,AID-2026-ED-512,education,household,TRUE,SYNTH_ADVERSARY_V1
BEN-024596,Rafah,AID-2026-ED-512,international development,household,TRUE,SYNTH_ADVERSARY_V1
BEN-002877,Rafah,AID-2026-SH-455,education,individual,TRUE,SYNTH_ADVERSARY_V1
BEN-020925,Rafah,AID-2026-WS-618,education,individual,TRUE,SYNTH_ADVERSARY_V1
BEN-012354,Rafah,AID-2026-DR-114,food and agriculture,household,TRUE,SYNTH_ADVERSARY_V1
BEN-014405,Rafah,AID-2026-SH-455,education,individual,TRUE,SYNTH_ADVERSARY_V1
BEN-017611,Rafah,AID-2026-WS-618,international development,household,TRUE,SYNTH_ADVERSARY_V1
BEN-020605,Maradi,AID-2026-DR-114,food and agriculture,household,TRUE,SYNTH_ADVERSARY_V1
BEN-025438,Maradi,AID-2026-FS-207,human services,group,TRUE,SYNTH_ADVERSARY_V1
BEN-010113,Maradi,AID-2026-SH-455,human services,group,TRUE,SYNTH_ADVERSARY_V1
BEN-018079,Maradi,AID-2026-SH-455,human services,household,TRUE,SYNTH_ADVERSARY_V1
BEN-025277,Maradi,AID-2026-DR-114,disaster relief,group,TRUE,SYNTH_ADVERSARY_V1
BEN-020506,Maradi,AID-2026-HL-330,human services,household,TRUE,SYNTH_ADVERSARY_V1
BEN-005950,Maradi,AID-2026-HL-330,civil rights,household,TRUE,SYNTH_ADVERSARY_V1
BEN-021284,Balrampur,AID-2026-ED-512,housing,group,TRUE,SYNTH_ADVERSARY_V1
BEN-005202,Balrampur,AID-2026-ED-512,medical,group,TRUE,SYNTH_ADVERSARY_V1
BEN-005788,Balrampur,AID-2026-SH-455,environment,individual,TRUE,SYNTH_ADVERSARY_V1
BEN-004313,Balrampur,AID-2026-WS-618,housing,household,TRUE,SYNTH_ADVERSARY_V1
BEN-022503,Balrampur,AID-2026-HL-330,youth development,individual,TRUE,SYNTH_ADVERSARY_V1
BEN-013180,Balrampur,AID-2026-FS-207,housing,individual,TRUE,SYNTH_ADVERSARY_V1
BEN-014556,Wad Madani,AID-2026-WS-618,food and agriculture,household,TRUE,SYNTH_ADVERSARY_V1
BEN-016723,Wad Madani,AID-2026-FS-207,disaster relief,household,TRUE,SYNTH_ADVERSARY_V1
BEN-001870,Wad Madani,AID-2026-SH-455,housing,group,TRUE,SYNTH_ADVERSARY_V1
BEN-009337,Wad Madani,AID-2026-FS-207,international development,household,TRUE,SYNTH_ADVERSARY_V1
BEN-008200,Wad Madani,AID-2026-DR-114,housing,household,TRUE,SYNTH_ADVERSARY_V1
BEN-006010,Wad Madani,AID-2026-SH-455,youth development,individual,TRUE,SYNTH_ADVERSARY_V1
BEN-008042,Wad Madani,AID-2026-DR-114,human services,group,TRUE,SYNTH_ADVERSARY_V1
BEN-008772,Wad Madani,AID-2026-SH-455,environment,individual,TRUE,SYNTH_ADVERSARY_V1
BEN-009293,Wad Madani,AID-2026-WS-618,international development,household,TRUE,SYNTH_ADVERSARY_V1
BEN-024246,Wad Madani,AID-2026-ED-512,environment,household,TRUE,SYNTH_ADVERSARY_V1
BEN-007098,Wad Madani,AID-2026-DR-114,civil rights,individual,TRUE,SYNTH_ADVERSARY_V1
BEN-003293,Wad Madani,AID-2026-FS-207,environment,individual,TRUE,SYNTH_ADVERSARY_V1
BEN-013725,Sitapur,AID-2026-ED-512,international development,individual,TRUE,SYNTH_ADVERSARY_V1
BEN-005962,Sitapur,AID-2026-WS-618,human services,household,TRUE,SYNTH_ADVERSARY_V1
BEN-019717,Sitapur,AID-2026-WS-618,civil rights,household,TRUE,SYNTH_ADVERSARY_V1
BEN-003618,Sitapur,AID-2026-HL-330,medical,household,TRUE,SYNTH_ADVERSARY_V1
BEN-001367,Sitapur,AID-2026-HL-330,food and agriculture,household,TRUE,SYNTH_ADVERSARY_V1
BEN-012776,Sitapur,AID-2026-ED-512,disaster relief,individual,TRUE,SYNTH_ADVERSARY_V1
BEN-005265,Sitapur,AID-2026-FS-207,disaster relief,household,TRUE,SYNTH_ADVERSARY_V1
BEN-013555,Sitapur,AID-2026-ED-512,human services,household,TRUE,SYNTH_ADVERSARY_V1
BEN-008082,Sitapur,AID-2026-WS-618,civil rights,household,TRUE,SYNTH_ADVERSARY_V1
BEN-013515,Sitapur,AID-2026-WS-618,international development,individual,TRUE,SYNTH_ADVERSARY_V1
BEN-005998,Sitapur,AID-2026-WS-618,disaster relief,group,TRUE,SYNTH_ADVERSARY_V1
BEN-000768,Wad Madani,AID-2026-WS-618,medical,group,TRUE,SYNTH_ADVERSARY_V1
BEN-009596,Wad Madani,AID-2026-WS-618,disaster relief,individual,TRUE,SYNTH_ADVERSARY_V1
BEN-006511,Wad Madani,AID-2026-FS-207,medical,household,TRUE,SYNTH_ADVERSARY_V1
BEN-009932,Wad Madani,AID-2026-WS-618,human services,household,TRUE,SYNTH_ADVERSARY_V1
BEN-008047,Wad Madani,AID-2026-WS-618,civil rights,household,TRUE,SYNTH_ADVERSARY_V1
BEN-023881,Wad Madani,AID-2026-DR-114,housing,household,TRUE,SYNTH_ADVERSARY_V1
BEN-022617,Wad Madani,AID-2026-SH-455,medical,individual,TRUE,SYNTH_ADVERSARY_V1
BEN-018377,Balrampur,AID-2026-FS-207,environment,group,TRUE,SYNTH_ADVERSARY_V1
BEN-001092,Wad Madani,AID-2026-WS-618,civil rights,individual,TRUE,SYNTH_ADVERSARY_V1
BEN-010289,Wad Madani,AID-2026-SH-455,education,household,TRUE,SYNTH_ADVERSARY_V1
BEN-023534,Wad Madani,AID-2026-FS-207,disaster relief,household,TRUE,SYNTH_ADVERSARY_V1
BEN-006106,Sitapur,AID-2026-WS-618,disaster relief,household,TRUE,SYNTH_ADVERSARY_V1
BEN-024765,Sitapur,AID-2026-HL-330,environment,household,TRUE,SYNTH_ADVERSARY_V1
BEN-025022,Sitapur,AID-2026-ED-512,international development,group,TRUE,SYNTH_ADVERSARY_V1
BEN-019580,Sitapur,AID-2026-DR-114,disaster relief,household,TRUE,SYNTH_ADVERSARY_V1
BEN-017396,Sitapur,AID-2026-HL-330,environment,household,TRUE,SYNTH_ADVERSARY_V1
BEN-001475,Sitapur,AID-2026-DR-114,education,household,TRUE,SYNTH_ADVERSARY_V1
BEN-008418,Sitapur,AID-2026-HL-330,education,household,TRUE,SYNTH_ADVERSARY_V1
BEN-015719,Sitapur,AID-2026-HL-330,disaster relief,household,TRUE,SYNTH_ADVERSARY_V1
BEN-000947,Balrampur,AID-2026-SH-455,food and agriculture,household,TRUE,SYNTH_ADVERSARY_V1
BEN-002464,Balrampur,AID-2026-DR-114,international development,household,TRUE,SYNTH_ADVERSARY_V1
BEN-024960,Balrampur,AID-2026-DR-114,youth development,group,TRUE,SYNTH_ADVERSARY_V1
BEN-017105,Balrampur,AID-2026-ED-512,medical,individual,TRUE,SYNTH_ADVERSARY_V1
BEN-008246,Balrampur,AID-2026-HL-330,food and agriculture,individual,TRUE,SYNTH_ADVERSARY_V1
BEN-019965,Balrampur,AID-2026-WS-618,youth development,household,TRUE,SYNTH_ADVERSARY_V1
BEN-018328,Balrampur,AID-2026-SH-455,housing,individual,TRUE,SYNTH_ADVERSARY_V1
BEN-009785,Balrampur,AID-2026-ED-512,food and agriculture,individual,TRUE,SYNTH_ADVERSARY_V1
BEN-016679,Balrampur,AID-2026-ED-512,medical,household,TRUE,SYNTH_ADVERSARY_V1
BEN-011281,Balrampur,AID-2026-DR-114,civil rights,individual,TRUE,SYNTH_ADVERSARY_V1
BEN-014150,Balrampur,AID-2026-ED-512,disaster relief,individual,TRUE,SYNTH_ADVERSARY_V1
BEN-000729,Balrampur,AID-2026-WS-618,education,individual,TRUE,SYNTH_ADVERSARY_V1
BEN-021843,Balrampur,AID-2026-WS-618,education,household,TRUE,SYNTH_ADVERSARY_V1
BEN-024751,Wad Madani,AID-2026-ED-512,food and agriculture,household,TRUE,SYNTH_ADVERSARY_V1
BEN-006067,Wad Madani,AID-2026-FS-207,youth development,group,TRUE,SYNTH_ADVERSARY_V1
BEN-000695,Wad Madani,AID-2026-DR-114,human services,group,TRUE,SYNTH_ADVERSARY_V1
BEN-013007,Wad Madani,AID-2026-SH-455,education,individual,TRUE,SYNTH_ADVERSARY_V1
BEN-006305,Wad Madani,AID-2026-ED-512,human services,individual,TRUE,SYNTH_ADVERSARY_V1
BEN-011333,Wad Madani,AID-2026-DR-114,medical,household,TRUE,SYNTH_ADVERSARY_V1
BEN-021927,Wad Madani,AID-2026-WS-618,housing,household,TRUE,SYNTH_ADVERSARY_V1
BEN-022601,Maradi,AID-2026-FS-207,environment,household,TRUE,SYNTH_ADVERSARY_V1
BEN-017305,Maradi,AID-2026-DR-114,civil rights,individual,TRUE,SYNTH_ADVERSARY_V1
BEN-010814,Maradi,AID-2026-SH-455,youth development,individual,TRUE,SYNTH_ADVERSARY_V1
BEN-000519,Maradi,AID-2026-HL-330,food and agriculture,household,TRUE,SYNTH_ADVERSARY_V1
BEN-023985,Maradi,AID-2026-SH-455,international development,group,TRUE,SYNTH_ADVERSARY_V1
BEN-011574,Maradi,AID-2026-WS-618,civil rights,household,TRUE,SYNTH_ADVERSARY_V1
BEN-018931,Maradi,AID-2026-FS-207,education,group,TRUE,SYNTH_ADVERSARY_V1
BEN-016579,Maradi,AID-2026-FS-207,human services,individual,TRUE,SYNTH_ADVERSARY_V1
BEN-015626,Maradi,AID-2026-ED-512,education,individual,TRUE,SYNTH_ADVERSARY_V1
BEN-024913,Sitapur,AID-2026-FS-207,environment,household,TRUE,SYNTH_ADVERSARY_V1
BEN-022622,Sitapur,AID-2026-WS-618,environment,individual,TRUE,SYNTH_ADVERSARY_V1
BEN-024892,Sitapur,AID-2026-SH-455,disaster relief,household,TRUE,SYNTH_ADVERSARY_V1
BEN-019923,Sitapur,AID-2026-WS-618,human services,household,TRUE,SYNTH_ADVERSARY_V1
BEN-001112,Sitapur,AID-2026-ED-512,food and agriculture,household,TRUE,SYNTH_ADVERSARY_V1
BEN-005769,Sitapur,AID-2026-WS-618,food and agriculture,individual,TRUE,SYNTH_ADVERSARY_V1
BEN-014550,Sitapur,AID-2026-HL-330,human services,individual,TRUE,SYNTH_ADVERSARY_V1
BEN-023807,Balrampur,AID-2026-ED-512,civil rights,household,TRUE,SYNTH_ADVERSARY_V1
BEN-004153,Balrampur,AID-2026-SH-455,disaster relief,household,TRUE,SYNTH_ADVERSARY_V1
BEN-008194,Balrampur,AID-2026-SH-455,education,household,TRUE,SYNTH_ADVERSARY_V1
BEN-002142,Balrampur,AID-2026-DR-114,youth development,group,TRUE,SYNTH_ADVERSARY_V1
BEN-022373,Balrampur,AID-2026-DR-114,medical,household,TRUE,SYNTH_ADVERSARY_V1
BEN-009721,Balrampur,AID-2026-DR-114,education,household,TRUE,SYNTH_ADVERSARY_V1
BEN-024924,Balrampur,AID-2026-WS-618,environment,group,TRUE,SYNTH_ADVERSARY_V1
BEN-017326,Kassala,AID-2026-FS-207,environment,household,TRUE,SYNTH_ADVERSARY_V1
BEN-023140,Kassala,AID-2026-FS-207,food and agriculture,household,TRUE,SYNTH_ADVERSARY_V1
BEN-017815,Kassala,AID-2026-WS-618,civil rights,household,TRUE,SYNTH_ADVERSARY_V1
BEN-016486,Kassala,AID-2026-WS-618,international development,individual,TRUE,SYNTH_ADVERSARY_V1
BEN-006900,Kassala,AID-2026-DR-114,food and agriculture,group,TRUE,SYNTH_ADVERSARY_V1
BEN-013422,Kassala,AID-2026-HL-330,civil rights,group,TRUE,SYNTH_ADVERSARY_V1
BEN-023410,Kassala,AID-2026-DR-114,medical,individual,TRUE,SYNTH_ADVERSARY_V1
BEN-012221,Kassala,AID-2026-FS-207,housing,group,TRUE,SYNTH_ADVERSARY_V1
BEN-001624,Kassala,AID-2026-DR-114,medical,household,TRUE,SYNTH_ADVERSARY_V1
BEN-014210,Kassala,AID-2026-HL-330,medical,household,TRUE,SYNTH_ADVERSARY_V1
BEN-020418,Kassala,AID-2026-ED-512,disaster relief,individual,TRUE,SYNTH_ADVERSARY_V1
BEN-022973,Kassala,AID-2026-SH-455,medical,household,TRUE,SYNTH_ADVERSARY_V1
BEN-025116,Diffa,AID-2026-WS-618,civil rights,individual,TRUE,SYNTH_ADVERSARY_V1
BEN-004432,Diffa,AID-2026-DR-114,youth development,household,TRUE,SYNTH_ADVERSARY_V1
BEN-018805,Diffa,AID-2026-DR-114,environment,individual,TRUE,SYNTH_ADVERSARY_V1
BEN-015383,Diffa,AID-2026-FS-207,youth development,household,TRUE,SYNTH_ADVERSARY_V1
BEN-024040,Diffa,AID-2026-SH-455,international development,individual,TRUE,SYNTH_ADVERSARY_V1
BEN-017422,Diffa,AID-2026-SH-455,disaster relief,individual,TRUE,SYNTH_ADVERSARY_V1
BEN-011867,Diffa,AID-2026-FS-207,education,individual,TRUE,SYNTH_ADVERSARY_V1
BEN-007747,Diffa,AID-2026-SH-455,international development,household,TRUE,SYNTH_ADVERSARY_V1
BEN-010866,Diffa,AID-2026-DR-114,environment,group,TRUE,SYNTH_ADVERSARY_V1
BEN-006692,Diffa,AID-2026-HL-330,civil rights,household,TRUE,SYNTH_ADVERSARY_V1
BEN-008680,Diffa,AID-2026-WS-618,youth development,individual,TRUE,SYNTH_ADVERSARY_V1
BEN-003792,Barabanki,AID-2026-FS-207,human services,individual,TRUE,SYNTH_ADVERSARY_V1
BEN-015936,Barabanki,AID-2026-SH-455,environment,household,TRUE,SYNTH_ADVERSARY_V1
BEN-004767,Barabanki,AID-2026-WS-618,human services,household,TRUE,SYNTH_ADVERSARY_V1
BEN-011288,Barabanki,AID-2026-ED-512,human services,individual,TRUE,SYNTH_ADVERSARY_V1
BEN-019694,Barabanki,AID-2026-HL-330,education,group,TRUE,SYNTH_ADVERSARY_V1
BEN-015089,Barabanki,AID-2026-HL-330,housing,household,TRUE,SYNTH_ADVERSARY_V1
BEN-009732,Barabanki,AID-2026-FS-207,international development,household,TRUE,SYNTH_ADVERSARY_V1
BEN-013550,Barabanki,AID-2026-ED-512,youth development,individual,TRUE,SYNTH_ADVERSARY_V1
BEN-009288,Barabanki,AID-2026-SH-455,civil rights,individual,TRUE,SYNTH_ADVERSARY_V1
BEN-003252,Barabanki,AID-2026-HL-330,youth development,household,TRUE,SYNTH_ADVERSARY_V1
BEN-008326,Chitrakoot,AID-2026-HL-330,human services,household,TRUE,SYNTH_ADVERSARY_V1
BEN-024530,Chitrakoot,AID-2026-DR-114,environment,individual,TRUE,SYNTH_ADVERSARY_V1
BEN-025847,Chitrakoot,AID-2026-DR-114,food and agriculture,household,TRUE,SYNTH_ADVERSARY_V1
BEN-015399,Chitrakoot,AID-2026-DR-114,education,group,TRUE,SYNTH_ADVERSARY_V1
BEN-002336,Chitrakoot,AID-2026-SH-455,medical,household,TRUE,SYNTH_ADVERSARY_V1
BEN-011236,Chitrakoot,AID-2026-WS-618,international development,individual,TRUE,SYNTH_ADVERSARY_V1
BEN-024283,Chitrakoot,AID-2026-DR-114,medical,group,TRUE,SYNTH_ADVERSARY_V1
BEN-016106,Chitrakoot,AID-2026-WS-618,civil rights,individual,TRUE,SYNTH_ADVERSARY_V1
BEN-016689,Chitrakoot,AID-2026-ED-512,human services,household,TRUE,SYNTH_ADVERSARY_V1
BEN-011191,Chitrakoot,AID-2026-WS-618,disaster relief,household,TRUE,SYNTH_ADVERSARY_V1
BEN-004886,Chitrakoot,AID-2026-DR-114,medical,household,TRUE,SYNTH_ADVERSARY_V1
BEN-004770,Chitrakoot,AID-2026-WS-618,medical,household,TRUE,SYNTH_ADVERSARY_V1
BEN-017936,Gaza North,AID-2026-WS-618,food and agriculture,household,TRUE,SYNTH_ADVERSARY_V1
BEN-000086,Gaza North,AID-2026-DR-114,human services,household,TRUE,SYNTH_ADVERSARY_V1
BEN-017550,Gaza North,AID-2026-SH-455,education,household,TRUE,SYNTH_ADVERSARY_V1
BEN-010670,Gaza North,AID-2026-ED-512,education,individual,TRUE,SYNTH_ADVERSARY_V1
BEN-023861,Gaza North,AID-2026-DR-114,civil rights,household,TRUE,SYNTH_ADVERSARY_V1
BEN-002051,Gaza North,AID-2026-SH-455,civil rights,individual,TRUE,SYNTH_ADVERSARY_V1
BEN-009190,Gaza North,AID-2026-FS-207,civil rights,household,TRUE,SYNTH_ADVERSARY_V1
BEN-005620,Chitrakoot,AID-2026-SH-455,international development,group,TRUE,SYNTH_ADVERSARY_V1
BEN-006315,Chitrakoot,AID-2026-ED-512,environment,household,TRUE,SYNTH_ADVERSARY_V1
BEN-015922,Chitrakoot,AID-2026-SH-455,housing,household,TRUE,SYNTH_ADVERSARY_V1
BEN-010999,Chitrakoot,AID-2026-DR-114,housing,individual,TRUE,SYNTH_ADVERSARY_V1
BEN-005972,Chitrakoot,AID-2026-FS-207,youth development,group,TRUE,SYNTH_ADVERSARY_V1
BEN-024656,Chitrakoot,AID-2026-DR-114,environment,group,TRUE,SYNTH_ADVERSARY_V1
BEN-024479,Chitrakoot,AID-2026-WS-618,international development,individual,TRUE,SYNTH_ADVERSARY_V1
BEN-020900,Chitrakoot,AID-2026-WS-618,youth development,household,TRUE,SYNTH_ADVERSARY_V1
BEN-018673,Kassala,AID-2026-DR-114,environment,household,TRUE,SYNTH_ADVERSARY_V1
BEN-002600,Kassala,AID-2026-HL-330,disaster relief,household,TRUE,SYNTH_ADVERSARY_V1
BEN-013183,Kassala,AID-2026-FS-207,education,group,TRUE,SYNTH_ADVERSARY_V1
BEN-013635,Kassala,AID-2026-ED-512,medical,group,TRUE,SYNTH_ADVERSARY_V1
BEN-000514,Kassala,AID-2026-HL-330,youth development,individual,TRUE,SYNTH_ADVERSARY_V1
BEN-002285,Kutupalong,AID-2026-SH-455,disaster relief,household,TRUE,SYNTH_ADVERSARY_V1
BEN-003919,Kutupalong,AID-2026-WS-618,environment,household,TRUE,SYNTH_ADVERSARY_V1
BEN-020004,Kutupalong,AID-2026-FS-207,education,individual,TRUE,SYNTH_ADVERSARY_V1
BEN-023391,Kutupalong,AID-2026-HL-330,youth development,individual,TRUE,SYNTH_ADVERSARY_V1
BEN-005325,Kutupalong,AID-2026-FS-207,disaster relief,group,TRUE,SYNTH_ADVERSARY_V1
BEN-018583,Kutupalong,AID-2026-FS-207,disaster relief,household,TRUE,SYNTH_ADVERSARY_V1
BEN-017144,Kutupalong,AID-2026-DR-114,education,individual,TRUE,SYNTH_ADVERSARY_V1
BEN-000496,Kutupalong,AID-2026-HL-330,housing,group,TRUE,SYNTH_ADVERSARY_V1
BEN-002557,Kutupalong,AID-2026-FS-207,disaster relief,group,TRUE,SYNTH_ADVERSARY_V1
BEN-011558,Kutupalong,AID-2026-SH-455,medical,household,TRUE,SYNTH_ADVERSARY_V1
BEN-012132,Kutupalong,AID-2026-SH-455,environment,household,TRUE,SYNTH_ADVERSARY_V1
BEN-010261,Kutupalong,AID-2026-ED-512,medical,individual,TRUE,SYNTH_ADVERSARY_V1
BEN-018531,Balrampur,AID-2026-HL-330,disaster relief,individual,TRUE,SYNTH_ADVERSARY_V1
BEN-008371,Cox's Bazar,AID-2026-SH-455,human services,household,TRUE,SYNTH_ADVERSARY_V1
BEN-015683,Balrampur,AID-2026-SH-455,civil rights,household,TRUE,SYNTH_ADVERSARY_V1
BEN-011388,Balrampur,AID-2026-ED-512,civil rights,household,TRUE,SYNTH_ADVERSARY_V1
BEN-013688,Nyala,AID-2026-WS-618,human services,household,TRUE,SYNTH_ADVERSARY_V1
BEN-017573,Balrampur,AID-2026-WS-618,human services,individual,TRUE,SYNTH_ADVERSARY_V1
BEN-007112,Balrampur,AID-2026-DR-114,housing,household,TRUE,SYNTH_ADVERSARY_V1
BEN-012655,Balrampur,AID-2026-WS-618,education,individual,TRUE,SYNTH_ADVERSARY_V1
BEN-010875,Balrampur,AID-2026-DR-114,civil rights,household,TRUE,SYNTH_ADVERSARY_V1
BEN-022143,Balrampur,AID-2026-ED-512,housing,individual,TRUE,SYNTH_ADVERSARY_V1
BEN-002800,Deir al-Balah,AID-2026-FS-207,food and agriculture,individual,TRUE,SYNTH_ADVERSARY_V1
BEN-006562,Deir al-Balah,AID-2026-ED-512,education,household,TRUE,SYNTH_ADVERSARY_V1
BEN-017116,Deir al-Balah,AID-2026-HL-330,medical,individual,TRUE,SYNTH_ADVERSARY_V1
BEN-009884,Deir al-Balah,AID-2026-ED-512,international development,individual,TRUE,SYNTH_ADVERSARY_V1
BEN-017755,Deir al-Balah,AID-2026-WS-618,medical,household,TRUE,SYNTH_ADVERSARY_V1
BEN-003644,Deir al-Balah,AID-2026-HL-330,medical,household,TRUE,SYNTH_ADVERSARY_V1
BEN-010237,Deir al-Balah,AID-2026-WS-618,human services,household,TRUE,SYNTH_ADVERSARY_V1
BEN-023704,Deir al-Balah,AID-2026-FS-207,environment,individual,TRUE,SYNTH_ADVERSARY_V1
BEN-006757,Deir al-Balah,AID-2026-HL-330,medical,individual,TRUE,SYNTH_ADVERSARY_V1
BEN-011398,Deir al-Balah,AID-2026-WS-618,environment,individual,TRUE,SYNTH_ADVERSARY_V1
BEN-008736,Deir al-Balah,AID-2026-HL-330,housing,household,TRUE,SYNTH_ADVERSARY_V1
BEN-012530,Rafah,AID-2026-SH-455,housing,individual,TRUE,SYNTH_ADVERSARY_V1
BEN-018153,Rafah,AID-2026-ED-512,disaster relief,group,TRUE,SYNTH_ADVERSARY_V1
BEN-023295,Rafah,AID-2026-ED-512,medical,household,TRUE,SYNTH_ADVERSARY_V1
BEN-023179,Rafah,AID-2026-ED-512,youth development,household,TRUE,SYNTH_ADVERSARY_V1
BEN-022365,Rafah,AID-2026-WS-618,civil rights,household,TRUE,SYNTH_ADVERSARY_V1
BEN-016767,Rafah,AID-2026-FS-207,education,individual,TRUE,SYNTH_ADVERSARY_V1
BEN-012033,Rafah,AID-2026-SH-455,food and agriculture,household,TRUE,SYNTH_ADVERSARY_V1
BEN-018576,Rafah,AID-2026-SH-455,international development,household,TRUE,SYNTH_ADVERSARY_V1
BEN-025378,Kutupalong,AID-2026-DR-114,civil rights,group,TRUE,SYNTH_ADVERSARY_V1
BEN-024181,Kutupalong,AID-2026-DR-114,disaster relief,individual,TRUE,SYNTH_ADVERSARY_V1
BEN-022202,Kutupalong,AID-2026-ED-512,international development,household,TRUE,SYNTH_ADVERSARY_V1
BEN-015652,Kutupalong,AID-2026-HL-330,environment,household,TRUE,SYNTH_ADVERSARY_V1
BEN-017301,Kutupalong,AID-2026-WS-618,education,household,TRUE,SYNTH_ADVERSARY_V1
BEN-011774,Kutupalong,AID-2026-WS-618,medical,group,TRUE,SYNTH_ADVERSARY_V1
BEN-009859,Kutupalong,AID-2026-FS-207,international development,group,TRUE,SYNTH_ADVERSARY_V1
BEN-024239,Kutupalong,AID-2026-WS-618,education,household,TRUE,SYNTH_ADVERSARY_V1
BEN-019101,Kutupalong,AID-2026-FS-207,education,household,TRUE,SYNTH_ADVERSARY_V1
BEN-013685,El Obeid,AID-2026-HL-330,civil rights,household,TRUE,SYNTH_ADVERSARY_V1
BEN-016463,El Obeid,AID-2026-FS-207,international development,household,TRUE,SYNTH_ADVERSARY_V1
BEN-024451,El Obeid,AID-2026-WS-618,housing,household,TRUE,SYNTH_ADVERSARY_V1
BEN-002727,El Obeid,AID-2026-HL-330,international development,household,TRUE,SYNTH_ADVERSARY_V1
BEN-008410,El Obeid,AID-2026-WS-618,education,individual,TRUE,SYNTH_ADVERSARY_V1
BEN-025220,El Obeid,AID-2026-DR-114,youth development,individual,TRUE,SYNTH_ADVERSARY_V1
BEN-020139,El Obeid,AID-2026-DR-114,civil rights,household,TRUE,SYNTH_ADVERSARY_V1
BEN-016868,El Obeid,AID-2026-DR-114,housing,household,TRUE,SYNTH_ADVERSARY_V1
BEN-013819,El Obeid,AID-2026-SH-455,youth development,household,TRUE,SYNTH_ADVERSARY_V1
BEN-016508,El Obeid,AID-2026-DR-114,human services,individual,TRUE,SYNTH_ADVERSARY_V1
BEN-015706,El Obeid,AID-2026-HL-330,housing,household,TRUE,SYNTH_ADVERSARY_V1
BEN-020294,Cox's Bazar,AID-2026-SH-455,youth development,household,TRUE,SYNTH_ADVERSARY_V1
BEN-019463,Cox's Bazar,AID-2026-SH-455,environment,household,TRUE,SYNTH_ADVERSARY_V1
BEN-016139,Cox's Bazar,AID-2026-DR-114,human services,group,TRUE,SYNTH_ADVERSARY_V1
BEN-008314,Cox's Bazar,AID-2026-HL-330,international development,household,TRUE,SYNTH_ADVERSARY_V1
BEN-024113,Cox's Bazar,AID-2026-ED-512,housing,individual,TRUE,SYNTH_ADVERSARY_V1
BEN-016772,Cox's Bazar,AID-2026-ED-512,food and agriculture,individual,TRUE,SYNTH_ADVERSARY_V1
BEN-004965,Cox's Bazar,AID-2026-ED-512,environment,household,TRUE,SYNTH_ADVERSARY_V1
BEN-021492,Cox's Bazar,AID-2026-WS-618,youth development,household,TRUE,SYNTH_ADVERSARY_V1
BEN-013825,Cox's Bazar,AID-2026-HL-330,medical,household,TRUE,SYNTH_ADVERSARY_V1
BEN-004392,Cox's Bazar,AID-2026-WS-618,education,individual,TRUE,SYNTH_ADVERSARY_V1
BEN-010301,Cox's Bazar,AID-2026-SH-455,youth development,household,TRUE,SYNTH_ADVERSARY_V1
BEN-014197,Cox's Bazar,AID-2026-WS-618,education,individual,TRUE,SYNTH_ADVERSARY_V1
BEN-007488,Cox's Bazar,AID-2026-SH-455,housing,household,TRUE,SYNTH_ADVERSARY_V1
BEN-022837,Cox's Bazar,AID-2026-HL-330,environment,individual,TRUE,SYNTH_ADVERSARY_V1
BEN-000651,Cox's Bazar,AID-2026-SH-455,disaster relief,individual,TRUE,SYNTH_ADVERSARY_V1
BEN-008201,Cox's Bazar,AID-2026-HL-330,environment,household,TRUE,SYNTH_ADVERSARY_V1
BEN-008906,Cox's Bazar,AID-2026-SH-455,disaster relief,household,TRUE,SYNTH_ADVERSARY_V1
BEN-008874,Cox's Bazar,AID-2026-HL-330,civil rights,household,TRUE,SYNTH_ADVERSARY_V1
BEN-014541,Cox's Bazar,AID-2026-DR-114,education,household,TRUE,SYNTH_ADVERSARY_V1
BEN-001630,Kutupalong,AID-2026-ED-512,international development,individual,TRUE,SYNTH_ADVERSARY_V1
BEN-013091,Kutupalong,AID-2026-WS-618,civil rights,household,TRUE,SYNTH_ADVERSARY_V1
BEN-000616,Kutupalong,AID-2026-DR-114,human services,group,TRUE,SYNTH_ADVERSARY_V1
BEN-022788,Kutupalong,AID-2026-WS-618,human services,individual,TRUE,SYNTH_ADVERSARY_V1
BEN-006020,Kutupalong,AID-2026-SH-455,environment,household,TRUE,SYNTH_ADVERSARY_V1
BEN-020801,Kutupalong,AID-2026-SH-455,housing,individual,TRUE,SYNTH_ADVERSARY_V1
BEN-003100,Kutupalong,AID-2026-WS-618,environment,household,TRUE,SYNTH_ADVERSARY_V1
BEN-024928,Maradi,AID-2026-FS-207,food and agriculture,household,TRUE,SYNTH_ADVERSARY_V1
BEN-021785,Maradi,AID-2026-DR-114,environment,household,TRUE,SYNTH_ADVERSARY_V1
BEN-025648,Maradi,AID-2026-DR-114,youth development,household,TRUE,SYNTH_ADVERSARY_V1
BEN-020585,Maradi,AID-2026-FS-207,human services,household,TRUE,SYNTH_ADVERSARY_V1
BEN-013724,Maradi,AID-2026-HL-330,food and agriculture,group,TRUE,SYNTH_ADVERSARY_V1
BEN-003098,Maradi,AID-2026-HL-330,environment,individual,TRUE,SYNTH_ADVERSARY_V1
BEN-015674,Maradi,AID-2026-ED-512,education,household,TRUE,SYNTH_ADVERSARY_V1
BEN-001762,Kutupalong,AID-2026-FS-207,environment,group,TRUE,SYNTH_ADVERSARY_V1
BEN-002779,Kutupalong,AID-2026-DR-114,youth development,household,TRUE,SYNTH_ADVERSARY_V1
BEN-020843,Kutupalong,AID-2026-WS-618,food and agriculture,household,TRUE,SYNTH_ADVERSARY_V1
BEN-013475,Kutupalong,AID-2026-DR-114,education,household,TRUE,SYNTH_ADVERSARY_V1
BEN-006618,Kutupalong,AID-2026-DR-114,international development,household,TRUE,SYNTH_ADVERSARY_V1
BEN-008993,Kutupalong,AID-2026-HL-330,medical,group,TRUE,SYNTH_ADVERSARY_V1
BEN-022183,Balrampur,AID-2026-WS-618,education,household,TRUE,SYNTH_ADVERSARY_V1
BEN-003744,Balrampur,AID-2026-DR-114,disaster relief,household,TRUE,SYNTH_ADVERSARY_V1
BEN-004264,Balrampur,AID-2026-SH-455,environment,group,TRUE,SYNTH_ADVERSARY_V1
BEN-008978,Balrampur,AID-2026-FS-207,youth development,household,TRUE,SYNTH_ADVERSARY_V1
BEN-007195,Balrampur,AID-2026-WS-618,medical,household,TRUE,SYNTH_ADVERSARY_V1
BEN-009870,Balrampur,AID-2026-DR-114,human services,individual,TRUE,SYNTH_ADVERSARY_V1
BEN-023352,Balrampur,AID-2026-ED-512,human services,household,TRUE,SYNTH_ADVERSARY_V1
BEN-006356,Balrampur,AID-2026-HL-330,food and agriculture,individual,TRUE,SYNTH_ADVERSARY_V1
BEN-016319,Balrampur,AID-2026-FS-207,civil rights,individual,TRUE,SYNTH_ADVERSARY_V1
BEN-013438,Wad Madani,AID-2026-HL-330,international development,individual,TRUE,SYNTH_ADVERSARY_V1
BEN-006403,Wad Madani,AID-2026-FS-207,housing,group,TRUE,SYNTH_ADVERSARY_V1
BEN-007305,Wad Madani,AID-2026-WS-618,civil rights,individual,TRUE,SYNTH_ADVERSARY_V1
BEN-009714,Wad Madani,AID-2026-HL-330,human services,household,TRUE,SYNTH_ADVERSARY_V1
BEN-008530,Wad Madani,AID-2026-FS-207,housing,individual,TRUE,SYNTH_ADVERSARY_V1
BEN-016688,Wad Madani,AID-2026-FS-207,civil rights,household,TRUE,SYNTH_ADVERSARY_V1
BEN-020081,Wad Madani,AID-2026-WS-618,international development,household,TRUE,SYNTH_ADVERSARY_V1
BEN-000218,Wad Madani,AID-2026-SH-455,youth development,household,TRUE,SYNTH_ADVERSARY_V1
BEN-009133,Wad Madani,AID-2026-ED-512,civil rights,individual,TRUE,SYNTH_ADVERSARY_V1
BEN-005816,Wad Madani,AID-2026-DR-114,food and agriculture,group,TRUE,SYNTH_ADVERSARY_V1
BEN-005976,Wad Madani,AID-2026-ED-512,medical,household,TRUE,SYNTH_ADVERSARY_V1
BEN-005785,Wad Madani,AID-2026-ED-512,medical,household,TRUE,SYNTH_ADVERSARY_V1
BEN-019880,Wad Madani,AID-2026-HL-330,civil rights,household,TRUE,SYNTH_ADVERSARY_V1
BEN-021990,Wad Madani,AID-2026-FS-207,human services,household,TRUE,SYNTH_ADVERSARY_V1
BEN-014376,Wad Madani,AID-2026-WS-618,international development,household,TRUE,SYNTH_ADVERSARY_V1
BEN-020645,Wad Madani,AID-2026-HL-330,youth development,household,TRUE,SYNTH_ADVERSARY_V1
BEN-012103,Wad Madani,AID-2026-SH-455,medical,individual,TRUE,SYNTH_ADVERSARY_V1
BEN-007806,Wad Madani,AID-2026-WS-618,civil rights,individual,TRUE,SYNTH_ADVERSARY_V1
BEN-015514,Wad Madani,AID-2026-FS-207,medical,individual,TRUE,SYNTH_ADVERSARY_V1
BEN-014008,Wad Madani,AID-2026-HL-330,education,individual,TRUE,SYNTH_ADVERSARY_V1
BEN-003525,Wad Madani,AID-2026-HL-330,environment,individual,TRUE,SYNTH_ADVERSARY_V1
BEN-016707,Deir al-Balah,AID-2026-WS-618,youth development,individual,TRUE,SYNTH_ADVERSARY_V1
BEN-018286,Deir al-Balah,AID-2026-SH-455,human services,household,TRUE,SYNTH_ADVERSARY_V1
BEN-014913,Deir al-Balah,AID-2026-FS-207,medical,household,TRUE,SYNTH_ADVERSARY_V1
BEN-011262,Deir al-Balah,AID-2026-FS-207,international development,household,TRUE,SYNTH_ADVERSARY_V1
BEN-025418,Deir al-Balah,AID-2026-SH-455,environment,household,TRUE,SYNTH_ADVERSARY_V1
BEN-021067,Deir al-Balah,AID-2026-SH-455,education,household,TRUE,SYNTH_ADVERSARY_V1
BEN-009507,Deir al-Balah,AID-2026-HL-330,youth development,household,TRUE,SYNTH_ADVERSARY_V1
BEN-025798,Maradi,AID-2026-HL-330,civil rights,household,TRUE,SYNTH_ADVERSARY_V1
BEN-020209,Maradi,AID-2026-SH-455,civil rights,household,TRUE,SYNTH_ADVERSARY_V1
BEN-023765,Maradi,AID-2026-ED-512,human services,household,TRUE,SYNTH_ADVERSARY_V1
BEN-010669,Maradi,AID-2026-DR-114,housing,household,TRUE,SYNTH_ADVERSARY_V1
BEN-012730,Maradi,AID-2026-SH-455,environment,group,TRUE,SYNTH_ADVERSARY_V1
BEN-012238,Maradi,AID-2026-SH-455,medical,individual,TRUE,SYNTH_ADVERSARY_V1
BEN-015340,Maradi,AID-2026-WS-618,civil rights,household,TRUE,SYNTH_ADVERSARY_V1
BEN-012660,Maradi,AID-2026-ED-512,education,individual,TRUE,SYNTH_ADVERSARY_V1
BEN-016293,Maradi,AID-2026-WS-618,medical,household,TRUE,SYNTH_ADVERSARY_V1
BEN-003166,Kassala,AID-2026-HL-330,housing,individual,TRUE,SYNTH_ADVERSARY_V1
BEN-009898,Kassala,AID-2026-ED-512,disaster relief,household,TRUE,SYNTH_ADVERSARY_V1
BEN-020979,Kassala,AID-2026-HL-330,international development,household,TRUE,SYNTH_ADVERSARY_V1
BEN-012431,Kassala,AID-2026-SH-455,disaster relief,household,TRUE,SYNTH_ADVERSARY_V1
BEN-012863,Kassala,AID-2026-WS-618,youth development,household,TRUE,SYNTH_ADVERSARY_V1
BEN-023516,Kassala,AID-2026-WS-618,education,household,TRUE,SYNTH_ADVERSARY_V1
BEN-014366,Kassala,AID-2026-DR-114,education,individual,TRUE,SYNTH_ADVERSARY_V1
BEN-006563,Kassala,AID-2026-DR-114,international development,household,TRUE,SYNTH_ADVERSARY_V1
BEN-015057,Kassala,AID-2026-FS-207,human services,individual,TRUE,SYNTH_ADVERSARY_V1
BEN-023143,Kassala,AID-2026-DR-114,civil rights,household,TRUE,SYNTH_ADVERSARY_V1
BEN-004572,Gaza North,AID-2026-WS-618,education,household,TRUE,SYNTH_ADVERSARY_V1
BEN-001065,Gaza North,AID-2026-FS-207,medical,household,TRUE,SYNTH_ADVERSARY_V1
BEN-008815,Gaza North,AID-2026-ED-512,disaster relief,group,TRUE,SYNTH_ADVERSARY_V1
BEN-016152,Gaza North,AID-2026-WS-618,food and agriculture,individual,TRUE,SYNTH_ADVERSARY_V1
BEN-018911,Khan Yunis,AID-2026-HL-330,housing,household,TRUE,SYNTH_ADVERSARY_V1
BEN-002935,Gaza North,AID-2026-WS-618,environment,household,TRUE,SYNTH_ADVERSARY_V1
BEN-023553,Gaza North,AID-2026-ED-512,youth development,individual,TRUE,SYNTH_ADVERSARY_V1
BEN-025368,Gaza North,AID-2026-ED-512,education,household,TRUE,SYNTH_ADVERSARY_V1
BEN-016444,Gaza North,AID-2026-HL-330,food and agriculture,individual,TRUE,SYNTH_ADVERSARY_V1
BEN-004631,Gaza North,AID-2026-WS-618,education,individual,TRUE,SYNTH_ADVERSARY_V1
BEN-017043,Gaza North,AID-2026-FS-207,food and agriculture,household,TRUE,SYNTH_ADVERSARY_V1
BEN-007033,Gaza North,AID-2026-ED-512,education,group,TRUE,SYNTH_ADVERSARY_V1
BEN-007092,Gaza North,AID-2026-SH-455,international development,household,TRUE,SYNTH_ADVERSARY_V1
BEN-005975,Gaza North,AID-2026-HL-330,education,household,TRUE,SYNTH_ADVERSARY_V1
BEN-025208,Gaza North,AID-2026-HL-330,medical,household,TRUE,SYNTH_ADVERSARY_V1
BEN-022878,Gaza North,AID-2026-FS-207,environment,household,TRUE,SYNTH_ADVERSARY_V1
BEN-007485,Gaza North,AID-2026-WS-618,youth development,individual,TRUE,SYNTH_ADVERSARY_V1
BEN-006297,Sitapur,AID-2026-HL-330,youth development,individual,TRUE,SYNTH_ADVERSARY_V1
BEN-023498,Sitapur,AID-2026-SH-455,environment,individual,TRUE,SYNTH_ADVERSARY_V1
BEN-023888,Sitapur,AID-2026-SH-455,disaster relief,group,TRUE,SYNTH_ADVERSARY_V1
BEN-010492,Sitapur,AID-2026-WS-618,environment,household,TRUE,SYNTH_ADVERSARY_V1
BEN-019885,Sitapur,AID-2026-ED-512,medical,individual,TRUE,SYNTH_ADVERSARY_V1
BEN-018133,Sitapur,AID-2026-HL-330,environment,household,TRUE,SYNTH_ADVERSARY_V1
BEN-024853,Sitapur,AID-2026-WS-618,international development,individual,TRUE,SYNTH_ADVERSARY_V1
BEN-000207,Sitapur,AID-2026-WS-618,food and agriculture,group,TRUE,SYNTH_ADVERSARY_V1
BEN-019621,Sitapur,AID-2026-FS-207,civil rights,individual,TRUE,SYNTH_ADVERSARY_V1
BEN-007011,Sitapur,AID-2026-FS-207,youth development,group,TRUE,SYNTH_ADVERSARY_V1
BEN-001063,Sitapur,AID-2026-FS-207,human services,individual,TRUE,SYNTH_ADVERSARY_V1
BEN-019701,Sitapur,AID-2026-ED-512,civil rights,household,TRUE,SYNTH_ADVERSARY_V1
BEN-017330,Khan Yunis,AID-2026-SH-455,international development,household,TRUE,SYNTH_ADVERSARY_V1
BEN-001136,Khan Yunis,AID-2026-SH-455,medical,group,TRUE,SYNTH_ADVERSARY_V1
BEN-019711,Khan Yunis,AID-2026-SH-455,disaster relief,household,TRUE,SYNTH_ADVERSARY_V1
BEN-013707,Khan Yunis,AID-2026-ED-512,medical,household,TRUE,SYNTH_ADVERSARY_V1
BEN-021712,Khan Yunis,AID-2026-WS-618,education,individual,TRUE,SYNTH_ADVERSARY_V1
BEN-000733,Khan Yunis,AID-2026-HL-330,youth development,individual,TRUE,SYNTH_ADVERSARY_V1
BEN-007974,Khan Yunis,AID-2026-SH-455,disaster relief,group,TRUE,SYNTH_ADVERSARY_V1
BEN-017956,Khan Yunis,AID-2026-HL-330,youth development,household,TRUE,SYNTH_ADVERSARY_V1
BEN-020019,Khan Yunis,AID-2026-ED-512,education,individual,TRUE,SYNTH_ADVERSARY_V1
BEN-009032,Khan Yunis,AID-2026-HL-330,food and agriculture,group,TRUE,SYNTH_ADVERSARY_V1
BEN-024839,Chitrakoot,AID-2026-HL-330,youth development,group,TRUE,SYNTH_ADVERSARY_V1
BEN-004619,Chitrakoot,AID-2026-ED-512,food and agriculture,group,TRUE,SYNTH_ADVERSARY_V1
BEN-012058,Chitrakoot,AID-2026-DR-114,food and agriculture,individual,TRUE,SYNTH_ADVERSARY_V1
BEN-000614,Chitrakoot,AID-2026-ED-512,food and agriculture,group,TRUE,SYNTH_ADVERSARY_V1
BEN-012917,Chitrakoot,AID-2026-DR-114,environment,household,TRUE,SYNTH_ADVERSARY_V1
BEN-003046,Chitrakoot,AID-2026-WS-618,medical,individual,TRUE,SYNTH_ADVERSARY_V1
BEN-010080,Chitrakoot,AID-2026-ED-512,housing,individual,TRUE,SYNTH_ADVERSARY_V1
BEN-006773,Gaza North,AID-2026-ED-512,education,group,TRUE,SYNTH_ADVERSARY_V1
BEN-013756,Gaza North,AID-2026-FS-207,civil rights,individual,TRUE,SYNTH_ADVERSARY_V1
BEN-016658,Gaza North,AID-2026-ED-512,medical,individual,TRUE,SYNTH_ADVERSARY_V1
BEN-018864,Gaza North,AID-2026-HL-330,food and agriculture,individual,TRUE,SYNTH_ADVERSARY_V1
BEN-023598,Gaza North,AID-2026-ED-512,food and agriculture,group,TRUE,SYNTH_ADVERSARY_V1
BEN-010079,Gaza North,AID-2026-DR-114,environment,household,TRUE,SYNTH_ADVERSARY_V1
BEN-021037,Gaza North,AID-2026-FS-207,medical,individual,TRUE,SYNTH_ADVERSARY_V1
BEN-010635,Gaza North,AID-2026-HL-330,disaster relief,household,TRUE,SYNTH_ADVERSARY_V1
BEN-006300,Gaza North,AID-2026-HL-330,international development,individual,TRUE,SYNTH_ADVERSARY_V1
BEN-022670,Gaza North,AID-2026-FS-207,civil rights,household,TRUE,SYNTH_ADVERSARY_V1
BEN-005791,Gaza North,AID-2026-ED-512,housing,household,TRUE,SYNTH_ADVERSARY_V1
BEN-004460,Gaza North,AID-2026-ED-512,medical,household,TRUE,SYNTH_ADVERSARY_V1
BEN-024091,Kassala,AID-2026-ED-512,medical,group,TRUE,SYNTH_ADVERSARY_V1
BEN-008334,Kassala,AID-2026-HL-330,food and agriculture,household,TRUE,SYNTH_ADVERSARY_V1
BEN-008449,Kassala,AID-2026-ED-512,human services,group,TRUE,SYNTH_ADVERSARY_V1
BEN-001168,Kassala,AID-2026-WS-618,human services,individual,TRUE,SYNTH_ADVERSARY_V1
BEN-018074,Kassala,AID-2026-FS-207,medical,household,TRUE,SYNTH_ADVERSARY_V1
BEN-015525,Kassala,AID-2026-DR-114,education,household,TRUE,SYNTH_ADVERSARY_V1
BEN-014160,Kassala,AID-2026-WS-618,education,individual,TRUE,SYNTH_ADVERSARY_V1
BEN-000189,Kassala,AID-2026-WS-618,disaster relief,household,TRUE,SYNTH_ADVERSARY_V1
BEN-002581,Wad Madani,AID-2026-HL-330,environment,household,TRUE,SYNTH_ADVERSARY_V1
BEN-005481,Wad Madani,AID-2026-WS-618,education,household,TRUE,SYNTH_ADVERSARY_V1
BEN-012887,Wad Madani,AID-2026-WS-618,medical,individual,TRUE,SYNTH_ADVERSARY_V1
BEN-005425,Wad Madani,AID-2026-HL-330,environment,household,TRUE,SYNTH_ADVERSARY_V1
BEN-005991,Wad Madani,AID-2026-HL-330,international development,household,TRUE,SYNTH_ADVERSARY_V1
BEN-020053,Wad Madani,AID-2026-WS-618,food and agriculture,individual,TRUE,SYNTH_ADVERSARY_V1
BEN-012294,Wad Madani,AID-2026-SH-455,education,household,TRUE,SYNTH_ADVERSARY_V1
BEN-000546,Wad Madani,AID-2026-ED-512,youth development,household,TRUE,SYNTH_ADVERSARY_V1
BEN-006167,Wad Madani,AID-2026-WS-618,youth development,group,TRUE,SYNTH_ADVERSARY_V1
BEN-007078,Chitrakoot,AID-2026-DR-114,medical,individual,TRUE,SYNTH_ADVERSARY_V1
BEN-013982,Chitrakoot,AID-2026-FS-207,civil rights,household,TRUE,SYNTH_ADVERSARY_V1
BEN-020079,Chitrakoot,AID-2026-HL-330,civil rights,household,TRUE,SYNTH_ADVERSARY_V1
BEN-024367,Chitrakoot,AID-2026-ED-512,education,group,TRUE,SYNTH_ADVERSARY_V1
BEN-019373,Chitrakoot,AID-2026-DR-114,disaster relief,individual,TRUE,SYNTH_ADVERSARY_V1
BEN-023613,Chitrakoot,AID-2026-FS-207,human services,group,TRUE,SYNTH_ADVERSARY_V1
BEN-017920,Chitrakoot,AID-2026-DR-114,food and agriculture,individual,TRUE,SYNTH_ADVERSARY_V1
BEN-005802,Chitrakoot,AID-2026-DR-114,disaster relief,group,TRUE,SYNTH_ADVERSARY_V1
BEN-015759,Kassala,AID-2026-WS-618,environment,individual,TRUE,SYNTH_ADVERSARY_V1
BEN-005507,Kassala,AID-2026-FS-207,environment,individual,TRUE,SYNTH_ADVERSARY_V1
BEN-012944,Kassala,AID-2026-ED-512,environment,household,TRUE,SYNTH_ADVERSARY_V1
BEN-001104,Kassala,AID-2026-DR-114,food and agriculture,individual,TRUE,SYNTH_ADVERSARY_V1
BEN-017644,Kassala,AID-2026-SH-455,civil rights,household,TRUE,SYNTH_ADVERSARY_V1
BEN-025652,Kassala,AID-2026-WS-618,housing,household,TRUE,SYNTH_ADVERSARY_V1
BEN-004563,Cox's Bazar,AID-2026-SH-455,food and agriculture,household,TRUE,SYNTH_ADVERSARY_V1
BEN-004698,Cox's Bazar,AID-2026-HL-330,human services,household,TRUE,SYNTH_ADVERSARY_V1
BEN-014151,Cox's Bazar,AID-2026-ED-512,food and agriculture,group,TRUE,SYNTH_ADVERSARY_V1
BEN-014177,Cox's Bazar,AID-2026-HL-330,medical,group,TRUE,SYNTH_ADVERSARY_V1
BEN-006758,Cox's Bazar,AID-2026-SH-455,civil rights,household,TRUE,SYNTH_ADVERSARY_V1
BEN-004696,Cox's Bazar,AID-2026-ED-512,food and agriculture,individual,TRUE,SYNTH_ADVERSARY_V1
BEN-000661,Cox's Bazar,AID-2026-ED-512,civil rights,individual,TRUE,SYNTH_ADVERSARY_V1
BEN-008604,Cox's Bazar,AID-2026-ED-512,food and agriculture,group,TRUE,SYNTH_ADVERSARY_V1
BEN-019276,Cox's Bazar,AID-2026-WS-618,civil rights,individual,TRUE,SYNTH_ADVERSARY_V1
BEN-013489,Cox's Bazar,AID-2026-ED-512,housing,household,TRUE,SYNTH_ADVERSARY_V1
BEN-017398,Cox's Bazar,AID-2026-FS-207,disaster relief,individual,TRUE,SYNTH_ADVERSARY_V1
BEN-023426,El Obeid,AID-2026-SH-455,environment,household,TRUE,SYNTH_ADVERSARY_V1
BEN-018750,El Obeid,AID-2026-DR-114,disaster relief,household,TRUE,SYNTH_ADVERSARY_V1
BEN-004498,El Obeid,AID-2026-FS-207,international development,household,TRUE,SYNTH_ADVERSARY_V1
BEN-004709,El Obeid,AID-2026-FS-207,environment,individual,TRUE,SYNTH_ADVERSARY_V1
BEN-021440,El Obeid,AID-2026-WS-618,housing,household,TRUE,SYNTH_ADVERSARY_V1
BEN-002201,El Obeid,AID-2026-SH-455,environment,household,TRUE,SYNTH_ADVERSARY_V1
BEN-018188,El Obeid,AID-2026-FS-207,food and agriculture,household,TRUE,SYNTH_ADVERSARY_V1
BEN-016867,El Obeid,AID-2026-WS-618,food and agriculture,household,TRUE,SYNTH_ADVERSARY_V1
BEN-011411,Cox's Bazar,AID-2026-WS-618,education,individual,TRUE,SYNTH_ADVERSARY_V1
BEN-018784,Cox's Bazar,AID-2026-ED-512,human services,household,TRUE,SYNTH_ADVERSARY_V1
BEN-021085,Cox's Bazar,AID-2026-FS-207,housing,household,TRUE,SYNTH_ADVERSARY_V1
BEN-002417,Cox's Bazar,AID-2026-FS-207,youth development,household,TRUE,SYNTH_ADVERSARY_V1
BEN-025553,Cox's Bazar,AID-2026-WS-618,human services,individual,TRUE,SYNTH_ADVERSARY_V1
BEN-002044,Cox's Bazar,AID-2026-SH-455,medical,individual,TRUE,SYNTH_ADVERSARY_V1
BEN-020196,Cox's Bazar,AID-2026-WS-618,human services,household,TRUE,SYNTH_ADVERSARY_V1
BEN-020428,Cox's Bazar,AID-2026-WS-618,youth development,individual,TRUE,SYNTH_ADVERSARY_V1
BEN-009665,Balrampur,AID-2026-WS-618,food and agriculture,household,TRUE,SYNTH_ADVERSARY_V1
BEN-011642,Balrampur,AID-2026-DR-114,human services,group,TRUE,SYNTH_ADVERSARY_V1
BEN-022024,Balrampur,AID-2026-HL-330,disaster relief,household,TRUE,SYNTH_ADVERSARY_V1
BEN-011840,Balrampur,AID-2026-DR-114,medical,household,TRUE,SYNTH_ADVERSARY_V1
BEN-009526,Balrampur,AID-2026-WS-618,medical,household,TRUE,SYNTH_ADVERSARY_V1
BEN-011707,Balrampur,AID-2026-HL-330,civil rights,household,TRUE,SYNTH_ADVERSARY_V1
BEN-019126,Balrampur,AID-2026-ED-512,food and agriculture,individual,TRUE,SYNTH_ADVERSARY_V1
BEN-015084,Balrampur,AID-2026-FS-207,environment,household,TRUE,SYNTH_ADVERSARY_V1
BEN-013224,Kutupalong,AID-2026-ED-512,education,group,TRUE,SYNTH_ADVERSARY_V1
BEN-000376,Kutupalong,AID-2026-FS-207,education,individual,TRUE,SYNTH_ADVERSARY_V1
BEN-016273,Kutupalong,AID-2026-FS-207,housing,household,TRUE,SYNTH_ADVERSARY_V1
BEN-003317,Kutupalong,AID-2026-FS-207,medical,individual,TRUE,SYNTH_ADVERSARY_V1
BEN-021395,Kutupalong,AID-2026-FS-207,education,household,TRUE,SYNTH_ADVERSARY_V1
BEN-004276,Kutupalong,AID-2026-WS-618,housing,individual,TRUE,SYNTH_ADVERSARY_V1
BEN-004984,Kutupalong,AID-2026-HL-330,civil rights,individual,TRUE,SYNTH_ADVERSARY_V1
BEN-016169,Khan Yunis,AID-2026-HL-330,housing,individual,TRUE,SYNTH_ADVERSARY_V1
BEN-004045,Khan Yunis,AID-2026-FS-207,civil rights,household,TRUE,SYNTH_ADVERSARY_V1
BEN-011793,Khan Yunis,AID-2026-WS-618,youth development,individual,TRUE,SYNTH_ADVERSARY_V1
BEN-019505,Khan Yunis,AID-2026-HL-330,food and agriculture,individual,TRUE,SYNTH_ADVERSARY_V1
BEN-000871,Khan Yunis,AID-2026-WS-618,environment,household,TRUE,SYNTH_ADVERSARY_V1
BEN-007993,Khan Yunis,AID-2026-SH-455,international development,individual,TRUE,SYNTH_ADVERSARY_V1
BEN-018643,Khan Yunis,AID-2026-WS-618,housing,household,TRUE,SYNTH_ADVERSARY_V1
BEN-019780,Khan Yunis,AID-2026-FS-207,human services,household,TRUE,SYNTH_ADVERSARY_V1
BEN-003387,Nyala,AID-2026-DR-114,food and agriculture,household,TRUE,SYNTH_ADVERSARY_V1
BEN-025267,Nyala,AID-2026-WS-618,civil rights,individual,TRUE,SYNTH_ADVERSARY_V1
BEN-009426,Nyala,AID-2026-HL-330,human services,household,TRUE,SYNTH_ADVERSARY_V1
BEN-022311,Nyala,AID-2026-WS-618,environment,household,TRUE,SYNTH_ADVERSARY_V1
BEN-003669,Nyala,AID-2026-ED-512,housing,individual,TRUE,SYNTH_ADVERSARY_V1
BEN-008216,Nyala,AID-2026-ED-512,international development,individual,TRUE,SYNTH_ADVERSARY_V1
BEN-017566,Nyala,AID-2026-DR-114,international development,individual,TRUE,SYNTH_ADVERSARY_V1
BEN-025956,Khan Yunis,AID-2026-WS-618,housing,household,TRUE,SYNTH_ADVERSARY_V1
BEN-010238,Khan Yunis,AID-2026-DR-114,environment,individual,TRUE,SYNTH_ADVERSARY_V1
BEN-008918,Khan Yunis,AID-2026-ED-512,medical,group,TRUE,SYNTH_ADVERSARY_V1
BEN-021987,Khan Yunis,AID-2026-FS-207,civil rights,household,TRUE,SYNTH_ADVERSARY_V1
BEN-020149,Khan Yunis,AID-2026-DR-114,food and agriculture,household,TRUE,SYNTH_ADVERSARY_V1
BEN-018996,Khan Yunis,AID-2026-HL-330,housing,household,TRUE,SYNTH_ADVERSARY_V1
BEN-019285,Khan Yunis,AID-2026-SH-455,human services,individual,TRUE,SYNTH_ADVERSARY_V1
BEN-019902,Khan Yunis,AID-2026-ED-512,education,household,TRUE,SYNTH_ADVERSARY_V1
BEN-018812,Khan Yunis,AID-2026-DR-114,youth development,group,TRUE,SYNTH_ADVERSARY_V1
BEN-004640,Barabanki,AID-2026-ED-512,medical,individual,TRUE,SYNTH_ADVERSARY_V1
BEN-001951,Barabanki,AID-2026-WS-618,food and agriculture,individual,TRUE,SYNTH_ADVERSARY_V1
BEN-014844,Barabanki,AID-2026-HL-330,civil rights,individual,TRUE,SYNTH_ADVERSARY_V1
BEN-012568,Maradi,AID-2026-HL-330,housing,household,TRUE,SYNTH_ADVERSARY_V1
BEN-018653,Barabanki,AID-2026-ED-512,housing,group,TRUE,SYNTH_ADVERSARY_V1
BEN-023252,Barabanki,AID-2026-HL-330,food and agriculture,individual,TRUE,SYNTH_ADVERSARY_V1
BEN-023714,Barabanki,AID-2026-DR-114,international development,individual,TRUE,SYNTH_ADVERSARY_V1
BEN-022203,Barabanki,AID-2026-FS-207,food and agriculture,household,TRUE,SYNTH_ADVERSARY_V1
BEN-005838,Barabanki,AID-2026-WS-618,housing,household,TRUE,SYNTH_ADVERSARY_V1
BEN-022626,Barabanki,AID-2026-WS-618,education,individual,TRUE,SYNTH_ADVERSARY_V1
BEN-014163,Rafah,AID-2026-SH-455,environment,individual,TRUE,SYNTH_ADVERSARY_V1
BEN-024611,Rafah,AID-2026-SH-455,youth development,group,TRUE,SYNTH_ADVERSARY_V1
BEN-007284,Rafah,AID-2026-SH-455,food and agriculture,household,TRUE,SYNTH_ADVERSARY_V1
BEN-012501,Rafah,AID-2026-DR-114,civil rights,household,TRUE,SYNTH_ADVERSARY_V1
BEN-024347,Rafah,AID-2026-SH-455,international development,household,TRUE,SYNTH_ADVERSARY_V1
BEN-019439,Rafah,AID-2026-SH-455,international development,individual,TRUE,SYNTH_ADVERSARY_V1
BEN-019290,Rafah,AID-2026-HL-330,education,household,TRUE,SYNTH_ADVERSARY_V1
BEN-017439,Chitrakoot,AID-2026-ED-512,housing,individual,TRUE,SYNTH_ADVERSARY_V1
BEN-022917,Chitrakoot,AID-2026-SH-455,housing,household,TRUE,SYNTH_ADVERSARY_V1
BEN-020753,Chitrakoot,AID-2026-HL-330,food and agriculture,household,TRUE,SYNTH_ADVERSARY_V1
BEN-011123,Chitrakoot,AID-2026-SH-455,civil rights,group,TRUE,SYNTH_ADVERSARY_V1
BEN-020221,Chitrakoot,AID-2026-DR-114,youth development,group,TRUE,SYNTH_ADVERSARY_V1
BEN-000576,Chitrakoot,AID-2026-DR-114,medical,individual,TRUE,SYNTH_ADVERSARY_V1
BEN-011290,Chitrakoot,AID-2026-SH-455,food and agriculture,household,TRUE,SYNTH_ADVERSARY_V1
BEN-001733,Chitrakoot,AID-2026-DR-114,civil rights,individual,TRUE,SYNTH_ADVERSARY_V1
BEN-004210,Kassala,AID-2026-SH-455,disaster relief,household,TRUE,SYNTH_ADVERSARY_V1
BEN-002817,Kassala,AID-2026-ED-512,youth development,household,TRUE,SYNTH_ADVERSARY_V1
BEN-003106,Kassala,AID-2026-WS-618,civil rights,individual,TRUE,SYNTH_ADVERSARY_V1
BEN-008445,Kassala,AID-2026-SH-455,medical,individual,TRUE,SYNTH_ADVERSARY_V1
BEN-021895,Wad Madani,AID-2026-SH-455,human services,individual,TRUE,SYNTH_ADVERSARY_V1
BEN-008453,Kassala,AID-2026-FS-207,civil rights,group,TRUE,SYNTH_ADVERSARY_V1
BEN-014342,Kassala,AID-2026-WS-618,human services,household,TRUE,SYNTH_ADVERSARY_V1
BEN-023596,Gaza North,AID-2026-SH-455,environment,household,TRUE,SYNTH_ADVERSARY_V1
BEN-008142,Gaza North,AID-2026-DR-114,youth development,household,TRUE,SYNTH_ADVERSARY_V1
BEN-023983,Gaza North,AID-2026-HL-330,youth development,individual,TRUE,SYNTH_ADVERSARY_V1
BEN-024435,Gaza North,AID-2026-WS-618,food and agriculture,household,TRUE,SYNTH_ADVERSARY_V1
BEN-018702,Gaza North,AID-2026-FS-207,food and agriculture,household,TRUE,SYNTH_ADVERSARY_V1
BEN-025517,Gaza North,AID-2026-WS-618,housing,group,TRUE,SYNTH_ADVERSARY_V1
BEN-011394,Gaza North,AID-2026-HL-330,disaster relief,group,TRUE,SYNTH_ADVERSARY_V1
BEN-017719,Gaza North,AID-2026-WS-618,civil rights,household,TRUE,SYNTH_ADVERSARY_V1
BEN-015263,Gaza North,AID-2026-HL-330,medical,household,TRUE,SYNTH_ADVERSARY_V1
BEN-017359,Rafah,AID-2026-ED-512,environment,household,TRUE,SYNTH_ADVERSARY_V1
BEN-004648,Rafah,AID-2026-ED-512,human services,household,TRUE,SYNTH_ADVERSARY_V1
BEN-001777,Rafah,AID-2026-ED-512,youth development,household,TRUE,SYNTH_ADVERSARY_V1
BEN-012472,Rafah,AID-2026-HL-330,youth development,individual,TRUE,SYNTH_ADVERSARY_V1
BEN-011536,Rafah,AID-2026-ED-512,youth development,household,TRUE,SYNTH_ADVERSARY_V1
BEN-001444,Rafah,AID-2026-HL-330,medical,household,TRUE,SYNTH_ADVERSARY_V1
BEN-005294,Rafah,AID-2026-DR-114,food and agriculture,group,TRUE,SYNTH_ADVERSARY_V1
BEN-020684,Rafah,AID-2026-DR-114,civil rights,household,TRUE,SYNTH_ADVERSARY_V1
BEN-018764,Rafah,AID-2026-WS-618,education,household,TRUE,SYNTH_ADVERSARY_V1
BEN-020810,Rafah,AID-2026-DR-114,international development,household,TRUE,SYNTH_ADVERSARY_V1
BEN-015891,Rafah,AID-2026-SH-455,environment,individual,TRUE,SYNTH_ADVERSARY_V1
BEN-011054,Rafah,AID-2026-FS-207,housing,individual,TRUE,SYNTH_ADVERSARY_V1
BEN-002048,Deir al-Balah,AID-2026-DR-114,environment,household,TRUE,SYNTH_ADVERSARY_V1
BEN-012610,Deir al-Balah,AID-2026-WS-618,human services,individual,TRUE,SYNTH_ADVERSARY_V1
BEN-024797,Deir al-Balah,AID-2026-DR-114,housing,individual,TRUE,SYNTH_ADVERSARY_V1
BEN-017578,Deir al-Balah,AID-2026-DR-114,human services,household,TRUE,SYNTH_ADVERSARY_V1
BEN-005429,Deir al-Balah,AID-2026-HL-330,housing,household,TRUE,SYNTH_ADVERSARY_V1
BEN-000412,Deir al-Balah,AID-2026-FS-207,medical,individual,TRUE,SYNTH_ADVERSARY_V1
BEN-023431,Deir al-Balah,AID-2026-FS-207,education,individual,TRUE,SYNTH_ADVERSARY_V1
BEN-017833,Deir al-Balah,AID-2026-DR-114,human services,individual,TRUE,SYNTH_ADVERSARY_V1
BEN-007693,Deir al-Balah,AID-2026-FS-207,environment,individual,TRUE,SYNTH_ADVERSARY_V1
BEN-005696,Diffa,AID-2026-FS-207,youth development,individual,TRUE,SYNTH_ADVERSARY_V1
BEN-004998,Diffa,AID-2026-ED-512,education,household,TRUE,SYNTH_ADVERSARY_V1
BEN-005260,Diffa,AID-2026-FS-207,education,household,TRUE,SYNTH_ADVERSARY_V1
BEN-020271,Diffa,AID-2026-ED-512,environment,household,TRUE,SYNTH_ADVERSARY_V1
BEN-020189,Diffa,AID-2026-HL-330,environment,individual,TRUE,SYNTH_ADVERSARY_V1
BEN-009272,Diffa,AID-2026-SH-455,human services,household,TRUE,SYNTH_ADVERSARY_V1
BEN-017448,Barabanki,AID-2026-ED-512,youth development,individual,TRUE,SYNTH_ADVERSARY_V1
BEN-009098,Khan Yunis,AID-2026-HL-330,youth development,household,TRUE,SYNTH_ADVERSARY_V1
BEN-016856,Khan Yunis,AID-2026-FS-207,housing,household,TRUE,SYNTH_ADVERSARY_V1
BEN-009404,Khan Yunis,AID-2026-WS-618,medical,household,TRUE,SYNTH_ADVERSARY_V1
BEN-012651,Khan Yunis,AID-2026-DR-114,environment,individual,TRUE,SYNTH_ADVERSARY_V1
BEN-018741,Khan Yunis,AID-2026-HL-330,youth development,individual,TRUE,SYNTH_ADVERSARY_V1
BEN-005031,Khan Yunis,AID-2026-HL-330,international development,household,TRUE,SYNTH_ADVERSARY_V1
BEN-012253,Khan Yunis,AID-2026-HL-330,youth development,household,TRUE,SYNTH_ADVERSARY_V1
BEN-018734,Khan Yunis,AID-2026-FS-207,housing,individual,TRUE,SYNTH_ADVERSARY_V1
BEN-005368,Khan Yunis,AID-2026-HL-330,international development,household,TRUE,SYNTH_ADVERSARY_V1
BEN-024507,Deir al-Balah,AID-2026-WS-618,disaster relief,household,TRUE,SYNTH_ADVERSARY_V1
BEN-004080,Deir al-Balah,AID-2026-ED-512,medical,household,TRUE,SYNTH_ADVERSARY_V1
BEN-003969,Deir al-Balah,AID-2026-DR-114,international development,group,TRUE,SYNTH_ADVERSARY_V1
BEN-018592,Deir al-Balah,AID-2026-ED-512,disaster relief,household,TRUE,SYNTH_ADVERSARY_V1
BEN-012926,Deir al-Balah,AID-2026-SH-455,environment,individual,TRUE,SYNTH_ADVERSARY_V1
BEN-015478,Deir al-Balah,AID-2026-DR-114,housing,household,TRUE,SYNTH_ADVERSARY_V1
BEN-002074,Deir al-Balah,AID-2026-WS-618,medical,individual,TRUE,SYNTH_ADVERSARY_V1
BEN-005004,Deir al-Balah,AID-2026-WS-618,youth development,household,TRUE,SYNTH_ADVERSARY_V1
BEN-016484,Sitapur,AID-2026-HL-330,civil rights,group,TRUE,SYNTH_ADVERSARY_V1
BEN-001749,Sitapur,AID-2026-ED-512,environment,household,TRUE,SYNTH_ADVERSARY_V1
BEN-005916,Sitapur,AID-2026-SH-455,youth development,household,TRUE,SYNTH_ADVERSARY_V1
BEN-020668,Sitapur,AID-2026-ED-512,human services,household,TRUE,SYNTH_ADVERSARY_V1
BEN-020377,Sitapur,AID-2026-HL-330,disaster relief,individual,TRUE,SYNTH_ADVERSARY_V1
BEN-010824,Sitapur,AID-2026-DR-114,international development,household,TRUE,SYNTH_ADVERSARY_V1
BEN-005367,Sitapur,AID-2026-DR-114,disaster relief,individual,TRUE,SYNTH_ADVERSARY_V1
BEN-002611,Sitapur,AID-2026-HL-330,civil rights,individual,TRUE,SYNTH_ADVERSARY_V1
BEN-013034,Sitapur,AID-2026-WS-618,civil rights,individual,TRUE,SYNTH_ADVERSARY_V1
BEN-022684,Sitapur,AID-2026-FS-207,youth development,individual,TRUE,SYNTH_ADVERSARY_V1
BEN-018186,Sitapur,AID-2026-ED-512,civil rights,individual,TRUE,SYNTH_ADVERSARY_V1
BEN-015926,Khan Yunis,AID-2026-FS-207,youth development,household,TRUE,SYNTH_ADVERSARY_V1
BEN-008556,Khan Yunis,AID-2026-HL-330,food and agriculture,household,TRUE,SYNTH_ADVERSARY_V1
BEN-021501,Khan Yunis,AID-2026-WS-618,environment,household,TRUE,SYNTH_ADVERSARY_V1
BEN-023460,Khan Yunis,AID-2026-WS-618,human services,individual,TRUE,SYNTH_ADVERSARY_V1
BEN-014879,Khan Yunis,AID-2026-ED-512,medical,household,TRUE,SYNTH_ADVERSARY_V1
BEN-020338,Khan Yunis,AID-2026-SH-455,environment,household,TRUE,SYNTH_ADVERSARY_V1
BEN-003215,Khan Yunis,AID-2026-HL-330,human services,individual,TRUE,SYNTH_ADVERSARY_V1
BEN-021428,Khan Yunis,AID-2026-HL-330,international development,household,TRUE,SYNTH_ADVERSARY_V1
BEN-020048,Khan Yunis,AID-2026-DR-114,disaster relief,household,TRUE,SYNTH_ADVERSARY_V1
BEN-013455,El Obeid,AID-2026-WS-618,disaster relief,household,TRUE,SYNTH_ADVERSARY_V1
BEN-018513,Khan Yunis,AID-2026-DR-114,housing,individual,TRUE,SYNTH_ADVERSARY_V1
BEN-022557,Sitapur,AID-2026-ED-512,youth development,household,TRUE,SYNTH_ADVERSARY_V1
BEN-021235,Sitapur,AID-2026-DR-114,disaster relief,household,TRUE,SYNTH_ADVERSARY_V1
BEN-022864,Nyala,AID-2026-WS-618,international development,household,TRUE,SYNTH_ADVERSARY_V1
BEN-005751,Sitapur,AID-2026-HL-330,civil rights,household,TRUE,SYNTH_ADVERSARY_V1
BEN-023403,Sitapur,AID-2026-FS-207,education,group,TRUE,SYNTH_ADVERSARY_V1
BEN-015510,Sitapur,AID-2026-WS-618,international development,individual,TRUE,SYNTH_ADVERSARY_V1
BEN-016044,Sitapur,AID-2026-ED-512,international development,household,TRUE,SYNTH_ADVERSARY_V1
BEN-008208,Sitapur,AID-2026-WS-618,international development,household,TRUE,SYNTH_ADVERSARY_V1
BEN-014458,Sitapur,AID-2026-ED-512,education,household,TRUE,SYNTH_ADVERSARY_V1
BEN-020402,Sitapur,AID-2026-FS-207,disaster relief,household,TRUE,SYNTH_ADVERSARY_V1
BEN-000953,Sitapur,AID-2026-HL-330,youth development,individual,TRUE,SYNTH_ADVERSARY_V1
BEN-016686,Sitapur,AID-2026-WS-618,disaster relief,household,TRUE,SYNTH_ADVERSARY_V1
BEN-013583,Sitapur,AID-2026-HL-330,education,group,TRUE,SYNTH_ADVERSARY_V1
BEN-023482,Kutupalong,AID-2026-ED-512,food and agriculture,household,TRUE,SYNTH_ADVERSARY_V1
BEN-004989,Kutupalong,AID-2026-DR-114,human services,individual,TRUE,SYNTH_ADVERSARY_V1
BEN-008819,Kutupalong,AID-2026-WS-618,youth development,household,TRUE,SYNTH_ADVERSARY_V1
BEN-019513,Kutupalong,AID-2026-ED-512,disaster relief,household,TRUE,SYNTH_ADVERSARY_V1
BEN-004209,Kutupalong,AID-2026-WS-618,food and agriculture,household,TRUE,SYNTH_ADVERSARY_V1
BEN-020505,Kutupalong,AID-2026-ED-512,medical,individual,TRUE,SYNTH_ADVERSARY_V1
BEN-007726,Kutupalong,AID-2026-ED-512,international development,household,TRUE,SYNTH_ADVERSARY_V1
BEN-004067,Kutupalong,AID-2026-ED-512,environment,household,TRUE,SYNTH_ADVERSARY_V1
BEN-017509,Kutupalong,AID-2026-DR-114,environment,household,TRUE,SYNTH_ADVERSARY_V1
BEN-008752,Cox's Bazar,AID-2026-DR-114,disaster relief,household,TRUE,SYNTH_ADVERSARY_V1
BEN-022088,Cox's Bazar,AID-2026-WS-618,food and agriculture,individual,TRUE,SYNTH_ADVERSARY_V1
BEN-003148,Cox's Bazar,AID-2026-DR-114,youth development,individual,TRUE,SYNTH_ADVERSARY_V1
BEN-009894,Cox's Bazar,AID-2026-HL-330,housing,household,TRUE,SYNTH_ADVERSARY_V1
BEN-005490,Cox's Bazar,AID-2026-SH-455,civil rights,individual,TRUE,SYNTH_ADVERSARY_V1
BEN-011497,Cox's Bazar,AID-2026-DR-114,human services,household,TRUE,SYNTH_ADVERSARY_V1
BEN-024909,Diffa,AID-2026-WS-618,international development,household,TRUE,SYNTH_ADVERSARY_V1
BEN-008765,Cox's Bazar,AID-2026-FS-207,food and agriculture,household,TRUE,SYNTH_ADVERSARY_V1
BEN-008782,Cox's Bazar,AID-2026-FS-207,environment,household,TRUE,SYNTH_ADVERSARY_V1
BEN-021847,Cox's Bazar,AID-2026-FS-207,education,household,TRUE,SYNTH_ADVERSARY_V1
BEN-007520,Balrampur,AID-2026-HL-330,food and agriculture,household,TRUE,SYNTH_ADVERSARY_V1
BEN-002583,Balrampur,AID-2026-SH-455,education,group,TRUE,SYNTH_ADVERSARY_V1
BEN-004016,Balrampur,AID-2026-SH-455,environment,household,TRUE,SYNTH_ADVERSARY_V1
BEN-019809,Balrampur,AID-2026-HL-330,environment,household,TRUE,SYNTH_ADVERSARY_V1
BEN-004135,Balrampur,AID-2026-FS-207,education,household,TRUE,SYNTH_ADVERSARY_V1
BEN-018107,Balrampur,AID-2026-FS-207,medical,individual,TRUE,SYNTH_ADVERSARY_V1
BEN-006177,Balrampur,AID-2026-HL-330,civil rights,household,TRUE,SYNTH_ADVERSARY_V1
BEN-011788,Balrampur,AID-2026-HL-330,medical,individual,TRUE,SYNTH_ADVERSARY_V1
BEN-002299,Balrampur,AID-2026-HL-330,education,individual,TRUE,SYNTH_ADVERSARY_V1
BEN-024692,Balrampur,AID-2026-HL-330,medical,individual,TRUE,SYNTH_ADVERSARY_V1
BEN-020144,Balrampur,AID-2026-ED-512,environment,household,TRUE,SYNTH_ADVERSARY_V1
BEN-014801,Maradi,AID-2026-SH-455,international development,household,TRUE,SYNTH_ADVERSARY_V1
BEN-025200,Maradi,AID-2026-SH-455,medical,household,TRUE,SYNTH_ADVERSARY_V1
BEN-017370,Maradi,AID-2026-HL-330,education,household,TRUE,SYNTH_ADVERSARY_V1
BEN-000541,Maradi,AID-2026-SH-455,international development,individual,TRUE,SYNTH_ADVERSARY_V1
BEN-010786,Maradi,AID-2026-WS-618,disaster relief,individual,TRUE,SYNTH_ADVERSARY_V1
BEN-007392,Maradi,AID-2026-DR-114,human services,individual,TRUE,SYNTH_ADVERSARY_V1
BEN-001651,Maradi,AID-2026-HL-330,human services,individual,TRUE,SYNTH_ADVERSARY_V1
BEN-019555,Maradi,AID-2026-ED-512,youth development,household,TRUE,SYNTH_ADVERSARY_V1
BEN-013650,Maradi,AID-2026-WS-618,international development,household,TRUE,SYNTH_ADVERSARY_V1
BEN-007924,Rafah,AID-2026-FS-207,housing,household,TRUE,SYNTH_ADVERSARY_V1
BEN-007002,Rafah,AID-2026-DR-114,human services,group,TRUE,SYNTH_ADVERSARY_V1
BEN-015643,Rafah,AID-2026-SH-455,education,individual,TRUE,SYNTH_ADVERSARY_V1
BEN-023013,Rafah,AID-2026-WS-618,civil rights,household,TRUE,SYNTH_ADVERSARY_V1
BEN-015245,Rafah,AID-2026-SH-455,environment,household,TRUE,SYNTH_ADVERSARY_V1
BEN-007016,Rafah,AID-2026-HL-330,civil rights,household,TRUE,SYNTH_ADVERSARY_V1
BEN-011274,Kutupalong,AID-2026-HL-330,civil rights,individual,TRUE,SYNTH_ADVERSARY_V1
BEN-004402,Kutupalong,AID-2026-FS-207,medical,individual,TRUE,SYNTH_ADVERSARY_V1
BEN-008489,Kutupalong,AID-2026-FS-207,human services,group,TRUE,SYNTH_ADVERSARY_V1
BEN-020328,Kutupalong,AID-2026-SH-455,food and agriculture,individual,TRUE,SYNTH_ADVERSARY_V1
BEN-005953,Kutupalong,AID-2026-SH-455,disaster relief,individual,TRUE,SYNTH_ADVERSARY_V1
BEN-019724,Kutupalong,AID-2026-ED-512,youth development,household,TRUE,SYNTH_ADVERSARY_V1
BEN-005509,Kutupalong,AID-2026-SH-455,youth development,individual,TRUE,SYNTH_ADVERSARY_V1
BEN-000803,Kutupalong,AID-2026-SH-455,youth development,individual,TRUE,SYNTH_ADVERSARY_V1
BEN-011427,Kutupalong,AID-2026-SH-455,human services,group,TRUE,SYNTH_ADVERSARY_V1
BEN-007884,Kutupalong,AID-2026-HL-330,youth development,individual,TRUE,SYNTH_ADVERSARY_V1
BEN-023844,Kutupalong,AID-2026-WS-618,food and agriculture,household,TRUE,SYNTH_ADVERSARY_V1
BEN-025120,Kutupalong,AID-2026-ED-512,civil rights,group,TRUE,SYNTH_ADVERSARY_V1
BEN-000669,Kutupalong,AID-2026-DR-114,education,individual,TRUE,SYNTH_ADVERSARY_V1
BEN-019670,Nyala,AID-2026-DR-114,youth development,household,TRUE,SYNTH_ADVERSARY_V1
BEN-011403,Nyala,AID-2026-WS-618,environment,group,TRUE,SYNTH_ADVERSARY_V1
BEN-021698,Nyala,AID-2026-ED-512,housing,group,TRUE,SYNTH_ADVERSARY_V1
BEN-023907,Nyala,AID-2026-WS-618,civil rights,household,TRUE,SYNTH_ADVERSARY_V1
BEN-019839,Nyala,AID-2026-FS-207,human services,individual,TRUE,SYNTH_ADVERSARY_V1
BEN-000188,Nyala,AID-2026-DR-114,civil rights,individual,TRUE,SYNTH_ADVERSARY_V1
BEN-020307,Nyala,AID-2026-HL-330,human services,household,TRUE,SYNTH_ADVERSARY_V1
BEN-023052,Nyala,AID-2026-FS-207,environment,individual,TRUE,SYNTH_ADVERSARY_V1
BEN-014636,Nyala,AID-2026-FS-207,medical,household,TRUE,SYNTH_ADVERSARY_V1
BEN-006174,Nyala,AID-2026-FS-207,food and agriculture,household,TRUE,SYNTH_ADVERSARY_V1
BEN-000168,Gaza North,AID-2026-HL-330,youth development,individual,TRUE,SYNTH_ADVERSARY_V1
BEN-018067,Gaza North,AID-2026-SH-455,youth development,household,TRUE,SYNTH_ADVERSARY_V1
BEN-006230,Gaza North,AID-2026-WS-618,civil rights,household,TRUE,SYNTH_ADVERSARY_V1
BEN-018389,Gaza North,AID-2026-DR-114,housing,individual,TRUE,SYNTH_ADVERSARY_V1
BEN-020005,Gaza North,AID-2026-WS-618,environment,group,TRUE,SYNTH_ADVERSARY_V1
BEN-015481,Gaza North,AID-2026-FS-207,food and agriculture,individual,TRUE,SYNTH_ADVERSARY_V1
BEN-011603,Gaza North,AID-2026-SH-455,youth development,household,TRUE,SYNTH_ADVERSARY_V1
BEN-022195,Gaza North,AID-2026-HL-330,environment,household,TRUE,SYNTH_ADVERSARY_V1
BEN-003154,Kutupalong,AID-2026-ED-512,food and agriculture,household,TRUE,SYNTH_ADVERSARY_V1
BEN-014493,Kutupalong,AID-2026-SH-455,disaster relief,household,TRUE,SYNTH_ADVERSARY_V1
BEN-009826,Kutupalong,AID-2026-FS-207,food and agriculture,household,TRUE,SYNTH_ADVERSARY_V1
BEN-002968,Kutupalong,AID-2026-WS-618,youth development,household,TRUE,SYNTH_ADVERSARY_V1
BEN-009385,Kutupalong,AID-2026-SH-455,international development,household,TRUE,SYNTH_ADVERSARY_V1
BEN-003571,Kutupalong,AID-2026-SH-455,civil rights,household,TRUE,SYNTH_ADVERSARY_V1
BEN-018820,Kutupalong,AID-2026-FS-207,international development,individual,TRUE,SYNTH_ADVERSARY_V1
BEN-000510,Balrampur,AID-2026-DR-114,human services,individual,TRUE,SYNTH_ADVERSARY_V1
BEN-015786,Balrampur,AID-2026-WS-618,civil rights,household,TRUE,SYNTH_ADVERSARY_V1
BEN-013004,Balrampur,AID-2026-HL-330,food and agriculture,group,TRUE,SYNTH_ADVERSARY_V1
BEN-002294,Balrampur,AID-2026-SH-455,housing,individual,TRUE,SYNTH_ADVERSARY_V1
BEN-011934,Balrampur,AID-2026-ED-512,medical,household,TRUE,SYNTH_ADVERSARY_V1
BEN-016710,Balrampur,AID-2026-HL-330,food and agriculture,individual,TRUE,SYNTH_ADVERSARY_V1
BEN-022082,Maradi,AID-2026-DR-114,youth development,household,TRUE,SYNTH_ADVERSARY_V1
BEN-017968,Maradi,AID-2026-DR-114,housing,group,TRUE,SYNTH_ADVERSARY_V1
BEN-002075,Maradi,AID-2026-ED-512,medical,individual,TRUE,SYNTH_ADVERSARY_V1
BEN-018550,Maradi,AID-2026-HL-330,environment,group,TRUE,SYNTH_ADVERSARY_V1
BEN-013003,Maradi,AID-2026-DR-114,education,group,TRUE,SYNTH_ADVERSARY_V1
BEN-016017,Maradi,AID-2026-WS-618,medical,household,TRUE,SYNTH_ADVERSARY_V1
BEN-010630,El Obeid,AID-2026-SH-455,disaster relief,household,TRUE,SYNTH_ADVERSARY_V1
BEN-016276,El Obeid,AID-2026-SH-455,civil rights,individual,TRUE,SYNTH_ADVERSARY_V1
BEN-023276,El Obeid,AID-2026-DR-114,environment,household,TRUE,SYNTH_ADVERSARY_V1
BEN-010315,El Obeid,AID-2026-ED-512,medical,household,TRUE,SYNTH_ADVERSARY_V1
BEN-019073,El Obeid,AID-2026-HL-330,civil rights,individual,TRUE,SYNTH_ADVERSARY_V1
BEN-015065,Chitrakoot,AID-2026-WS-618,education,individual,TRUE,SYNTH_ADVERSARY_V1
BEN-024314,Chitrakoot,AID-2026-WS-618,education,household,TRUE,SYNTH_ADVERSARY_V1
BEN-004888,Chitrakoot,AID-2026-WS-618,international development,group,TRUE,SYNTH_ADVERSARY_V1
BEN-019203,Chitrakoot,AID-2026-WS-618,food and agriculture,household,TRUE,SYNTH_ADVERSARY_V1
BEN-011545,Chitrakoot,AID-2026-SH-455,civil rights,individual,TRUE,SYNTH_ADVERSARY_V1
BEN-023856,Chitrakoot,AID-2026-WS-618,youth development,individual,TRUE,SYNTH_ADVERSARY_V1
BEN-013053,Chitrakoot,AID-2026-SH-455,disaster relief,individual,TRUE,SYNTH_ADVERSARY_V1
BEN-015021,Chitrakoot,AID-2026-SH-455,medical,household,TRUE,SYNTH_ADVERSARY_V1
BEN-021513,Chitrakoot,AID-2026-ED-512,housing,individual,TRUE,SYNTH_ADVERSARY_V1
BEN-012835,Chitrakoot,AID-2026-FS-207,disaster relief,household,TRUE,SYNTH_ADVERSARY_V1
BEN-003076,Khan Yunis,AID-2026-ED-512,international development,household,TRUE,SYNTH_ADVERSARY_V1
BEN-012531,Khan Yunis,AID-2026-WS-618,international development,individual,TRUE,SYNTH_ADVERSARY_V1
BEN-018770,Khan Yunis,AID-2026-FS-207,education,household,TRUE,SYNTH_ADVERSARY_V1
BEN-025661,Khan Yunis,AID-2026-ED-512,human services,individual,TRUE,SYNTH_ADVERSARY_V1
BEN-017526,Khan Yunis,AID-2026-SH-455,housing,individual,TRUE,SYNTH_ADVERSARY_V1
BEN-023398,Khan Yunis,AID-2026-HL-330,food and agriculture,household,TRUE,SYNTH_ADVERSARY_V1
BEN-010849,Khan Yunis,AID-2026-HL-330,environment,group,TRUE,SYNTH_ADVERSARY_V1
BEN-013445,Khan Yunis,AID-2026-DR-114,human services,household,TRUE,SYNTH_ADVERSARY_V1
BEN-022814,Khan Yunis,AID-2026-FS-207,housing,household,TRUE,SYNTH_ADVERSARY_V1
BEN-004076,Khan Yunis,AID-2026-SH-455,international development,individual,TRUE,SYNTH_ADVERSARY_V1
BEN-000358,Khan Yunis,AID-2026-WS-618,disaster relief,group,TRUE,SYNTH_ADVERSARY_V1
BEN-013476,Deir al-Balah,AID-2026-ED-512,youth development,household,TRUE,SYNTH_ADVERSARY_V1
BEN-019404,Deir al-Balah,AID-2026-DR-114,civil rights,group,TRUE,SYNTH_ADVERSARY_V1
BEN-005724,Deir al-Balah,AID-2026-SH-455,civil rights,group,TRUE,SYNTH_ADVERSARY_V1
BEN-003528,Deir al-Balah,AID-2026-WS-618,environment,individual,TRUE,SYNTH_ADVERSARY_V1
BEN-024529,Deir al-Balah,AID-2026-SH-455,civil rights,group,TRUE,SYNTH_ADVERSARY_V1
BEN-012462,Deir al-Balah,AID-2026-SH-455,medical,household,TRUE,SYNTH_ADVERSARY_V1
BEN-003135,Deir al-Balah,AID-2026-HL-330,housing,household,TRUE,SYNTH_ADVERSARY_V1
BEN-001337,Chitrakoot,AID-2026-SH-455,housing,individual,TRUE,SYNTH_ADVERSARY_V1
BEN-019196,Chitrakoot,AID-2026-SH-455,housing,household,TRUE,SYNTH_ADVERSARY_V1
BEN-021383,Chitrakoot,AID-2026-SH-455,medical,group,TRUE,SYNTH_ADVERSARY_V1
BEN-022773,Chitrakoot,AID-2026-HL-330,disaster relief,household,TRUE,SYNTH_ADVERSARY_V1
BEN-006525,Chitrakoot,AID-2026-FS-207,international development,group,TRUE,SYNTH_ADVERSARY_V1
BEN-023005,Chitrakoot,AID-2026-ED-512,environment,household,TRUE,SYNTH_ADVERSARY_V1
BEN-014295,Chitrakoot,AID-2026-SH-455,environment,household,TRUE,SYNTH_ADVERSARY_V1
BEN-013346,Chitrakoot,AID-2026-HL-330,housing,group,TRUE,SYNTH_ADVERSARY_V1
BEN-019019,Chitrakoot,AID-2026-DR-114,international development,individual,TRUE,SYNTH_ADVERSARY_V1
BEN-022308,Chitrakoot,AID-2026-DR-114,environment,household,TRUE,SYNTH_ADVERSARY_V1
BEN-016568,Chitrakoot,AID-2026-FS-207,education,household,TRUE,SYNTH_ADVERSARY_V1
BEN-003009,Chitrakoot,AID-2026-FS-207,human services,household,TRUE,SYNTH_ADVERSARY_V1
BEN-017600,Maradi,AID-2026-DR-114,international development,individual,TRUE,SYNTH_ADVERSARY_V1
BEN-000552,Maradi,AID-2026-WS-618,human services,group,TRUE,SYNTH_ADVERSARY_V1
BEN-013261,Maradi,AID-2026-WS-618,education,individual,TRUE,SYNTH_ADVERSARY_V1
BEN-017726,Maradi,AID-2026-FS-207,housing,individual,TRUE,SYNTH_ADVERSARY_V1
BEN-014839,Maradi,AID-2026-FS-207,food and agriculture,household,TRUE,SYNTH_ADVERSARY_V1
BEN-020077,Maradi,AID-2026-ED-512,environment,household,TRUE,SYNTH_ADVERSARY_V1
BEN-001312,Maradi,AID-2026-WS-618,disaster relief,group,TRUE,SYNTH_ADVERSARY_V1
BEN-020143,Maradi,AID-2026-DR-114,civil rights,individual,TRUE,SYNTH_ADVERSARY_V1
BEN-007340,Maradi,AID-2026-ED-512,youth development,household,TRUE,SYNTH_ADVERSARY_V1
BEN-006984,Chitrakoot,AID-2026-FS-207,food and agriculture,group,TRUE,SYNTH_ADVERSARY_V1
BEN-022130,Chitrakoot,AID-2026-WS-618,medical,individual,TRUE,SYNTH_ADVERSARY_V1
BEN-003457,Chitrakoot,AID-2026-HL-330,international development,household,TRUE,SYNTH_ADVERSARY_V1
BEN-008563,Chitrakoot,AID-2026-DR-114,environment,household,TRUE,SYNTH_ADVERSARY_V1
BEN-017363,Chitrakoot,AID-2026-FS-207,civil rights,household,TRUE,SYNTH_ADVERSARY_V1
BEN-003210,Chitrakoot,AID-2026-HL-330,food and agriculture,household,TRUE,SYNTH_ADVERSARY_V1
BEN-012313,Chitrakoot,AID-2026-SH-455,housing,group,TRUE,SYNTH_ADVERSARY_V1
BEN-023407,Chitrakoot,AID-2026-DR-114,environment,household,TRUE,SYNTH_ADVERSARY_V1
BEN-007052,Chitrakoot,AID-2026-ED-512,housing,individual,TRUE,SYNTH_ADVERSARY_V1
BEN-015093,Chitrakoot,AID-2026-FS-207,medical,individual,TRUE,SYNTH_ADVERSARY_V1
BEN-014622,Chitrakoot,AID-2026-HL-330,education,household,TRUE,SYNTH_ADVERSARY_V1
BEN-006002,Chitrakoot,AID-2026-SH-455,environment,household,TRUE,SYNTH_ADVERSARY_V1
BEN-025498,Chitrakoot,AID-2026-HL-330,medical,household,TRUE,SYNTH_ADVERSARY_V1
BEN-001488,Kutupalong,AID-2026-WS-618,food and agriculture,individual,TRUE,SYNTH_ADVERSARY_V1
BEN-008708,Kutupalong,AID-2026-FS-207,civil rights,individual,TRUE,SYNTH_ADVERSARY_V1
BEN-000554,Kutupalong,AID-2026-DR-114,food and agriculture,group,TRUE,SYNTH_ADVERSARY_V1
BEN-019524,Kutupalong,AID-2026-HL-330,civil rights,household,TRUE,SYNTH_ADVERSARY_V1
BEN-003855,Kutupalong,AID-2026-WS-618,food and agriculture,household,TRUE,SYNTH_ADVERSARY_V1
BEN-004360,Kutupalong,AID-2026-DR-114,medical,household,TRUE,SYNTH_ADVERSARY_V1
BEN-004125,Kutupalong,AID-2026-FS-207,youth development,individual,TRUE,SYNTH_ADVERSARY_V1
BEN-013944,Kutupalong,AID-2026-HL-330,environment,household,TRUE,SYNTH_ADVERSARY_V1
BEN-001779,Kutupalong,AID-2026-ED-512,housing,individual,TRUE,SYNTH_ADVERSARY_V1
BEN-015331,Rafah,AID-2026-ED-512,medical,individual,TRUE,SYNTH_ADVERSARY_V1
BEN-024694,Rafah,AID-2026-ED-512,civil rights,individual,TRUE,SYNTH_ADVERSARY_V1
BEN-008027,Rafah,AID-2026-WS-618,disaster relief,group,TRUE,SYNTH_ADVERSARY_V1
BEN-004318,Rafah,AID-2026-ED-512,youth development,group,TRUE,SYNTH_ADVERSARY_V1
BEN-000575,Rafah,AID-2026-FS-207,civil rights,household,TRUE,SYNTH_ADVERSARY_V1
BEN-018281,Rafah,AID-2026-SH-455,human services,individual,TRUE,SYNTH_ADVERSARY_V1
BEN-017209,Rafah,AID-2026-WS-618,international development,household,TRUE,SYNTH_ADVERSARY_V1
BEN-009961,Rafah,AID-2026-WS-618,international development,household,TRUE,SYNTH_ADVERSARY_V1
BEN-016298,Rafah,AID-2026-HL-330,youth development,household,TRUE,SYNTH_ADVERSARY_V1
BEN-004327,Deir al-Balah,AID-2026-FS-207,human services,household,TRUE,SYNTH_ADVERSARY_V1
BEN-013350,Deir al-Balah,AID-2026-HL-330,education,household,TRUE,SYNTH_ADVERSARY_V1
BEN-016399,Deir al-Balah,AID-2026-WS-618,disaster relief,household,TRUE,SYNTH_ADVERSARY_V1
BEN-007482,Deir al-Balah,AID-2026-ED-512,education,household,TRUE,SYNTH_ADVERSARY_V1
BEN-010426,Deir al-Balah,AID-2026-ED-512,medical,group,TRUE,SYNTH_ADVERSARY_V1
BEN-007157,Deir al-Balah,AID-2026-SH-455,food and agriculture,household,TRUE,SYNTH_ADVERSARY_V1
BEN-013483,Deir al-Balah,AID-2026-WS-618,youth development,household,TRUE,SYNTH_ADVERSARY_V1
BEN-006422,Deir al-Balah,AID-2026-SH-455,human services,individual,TRUE,SYNTH_ADVERSARY_V1
BEN-009373,Deir al-Balah,AID-2026-ED-512,medical,household,TRUE,SYNTH_ADVERSARY_V1
BEN-012001,Deir al-Balah,AID-2026-ED-512,human services,household,TRUE,SYNTH_ADVERSARY_V1
BEN-006540,Deir al-Balah,AID-2026-ED-512,food and agriculture,household,TRUE,SYNTH_ADVERSARY_V1
BEN-023306,Deir al-Balah,AID-2026-WS-618,housing,household,TRUE,SYNTH_ADVERSARY_V1
BEN-000038,Chitrakoot,AID-2026-WS-618,medical,household,TRUE,SYNTH_ADVERSARY_V1
BEN-018298,Chitrakoot,AID-2026-HL-330,food and agriculture,individual,TRUE,SYNTH_ADVERSARY_V1
BEN-025463,Chitrakoot,AID-2026-FS-207,disaster relief,individual,TRUE,SYNTH_ADVERSARY_V1
BEN-013217,Chitrakoot,AID-2026-SH-455,human services,household,TRUE,SYNTH_ADVERSARY_V1
BEN-005023,Chitrakoot,AID-2026-WS-618,medical,household,TRUE,SYNTH_ADVERSARY_V1
BEN-012185,Chitrakoot,AID-2026-HL-330,medical,household,TRUE,SYNTH_ADVERSARY_V1
BEN-009684,Chitrakoot,AID-2026-DR-114,environment,household,TRUE,SYNTH_ADVERSARY_V1
BEN-016461,Chitrakoot,AID-2026-WS-618,environment,group,TRUE,SYNTH_ADVERSARY_V1
BEN-003628,Chitrakoot,AID-2026-ED-512,education,group,TRUE,SYNTH_ADVERSARY_V1
BEN-018015,Chitrakoot,AID-2026-WS-618,education,household,TRUE,SYNTH_ADVERSARY_V1
BEN-019719,Chitrakoot,AID-2026-DR-114,youth development,individual,TRUE,SYNTH_ADVERSARY_V1
BEN-001797,Chitrakoot,AID-2026-FS-207,environment,household,TRUE,SYNTH_ADVERSARY_V1
BEN-003397,Chitrakoot,AID-2026-ED-512,environment,individual,TRUE,SYNTH_ADVERSARY_V1
BEN-007785,Nyala,AID-2026-ED-512,education,household,TRUE,SYNTH_ADVERSARY_V1
BEN-001682,Nyala,AID-2026-SH-455,environment,group,TRUE,SYNTH_ADVERSARY_V1
BEN-021653,Nyala,AID-2026-DR-114,housing,group,TRUE,SYNTH_ADVERSARY_V1
BEN-014432,Nyala,AID-2026-FS-207,youth development,household,TRUE,SYNTH_ADVERSARY_V1
BEN-025039,Nyala,AID-2026-DR-114,environment,household,TRUE,SYNTH_ADVERSARY_V1
BEN-007508,Nyala,AID-2026-ED-512,international development,household,TRUE,SYNTH_ADVERSARY_V1
BEN-012993,Nyala,AID-2026-ED-512,education,household,TRUE,SYNTH_ADVERSARY_V1
BEN-009281,Nyala,AID-2026-FS-207,civil rights,individual,TRUE,SYNTH_ADVERSARY_V1
BEN-011703,Nyala,AID-2026-DR-114,disaster relief,group,TRUE,SYNTH_ADVERSARY_V1
BEN-015745,Chitrakoot,AID-2026-ED-512,environment,individual,TRUE,SYNTH_ADVERSARY_V1
BEN-012696,Chitrakoot,AID-2026-DR-114,housing,individual,TRUE,SYNTH_ADVERSARY_V1
BEN-015557,Chitrakoot,AID-2026-DR-114,education,group,TRUE,SYNTH_ADVERSARY_V1
BEN-003694,Chitrakoot,AID-2026-SH-455,human services,household,TRUE,SYNTH_ADVERSARY_V1
BEN-009047,Chitrakoot,AID-2026-HL-330,international development,household,TRUE,SYNTH_ADVERSARY_V1
BEN-006027,Chitrakoot,AID-2026-SH-455,education,household,TRUE,SYNTH_ADVERSARY_V1
BEN-015873,Chitrakoot,AID-2026-FS-207,human services,household,TRUE,SYNTH_ADVERSARY_V1
BEN-003203,Chitrakoot,AID-2026-FS-207,youth development,household,TRUE,SYNTH_ADVERSARY_V1
BEN-000143,Chitrakoot,AID-2026-FS-207,medical,household,TRUE,SYNTH_ADVERSARY_V1
BEN-020519,Chitrakoot,AID-2026-DR-114,human services,household,TRUE,SYNTH_ADVERSARY_V1
BEN-019545,Chitrakoot,AID-2026-DR-114,housing,household,TRUE,SYNTH_ADVERSARY_V1
BEN-025282,Chitrakoot,AID-2026-ED-512,human services,group,TRUE,SYNTH_ADVERSARY_V1
BEN-024361,Diffa,AID-2026-SH-455,medical,household,TRUE,SYNTH_ADVERSARY_V1
BEN-004149,Diffa,AID-2026-SH-455,youth development,household,TRUE,SYNTH_ADVERSARY_V1
BEN-000833,Diffa,AID-2026-HL-330,housing,household,TRUE,SYNTH_ADVERSARY_V1
BEN-008572,Diffa,AID-2026-HL-330,education,household,TRUE,SYNTH_ADVERSARY_V1
BEN-023777,Diffa,AID-2026-WS-618,education,household,TRUE,SYNTH_ADVERSARY_V1
BEN-001557,Diffa,AID-2026-HL-330,human services,household,TRUE,SYNTH_ADVERSARY_V1
BEN-006003,Diffa,AID-2026-SH-455,international development,group,TRUE,SYNTH_ADVERSARY_V1
BEN-004204,Balrampur,AID-2026-ED-512,environment,household,TRUE,SYNTH_ADVERSARY_V1
BEN-003795,Balrampur,AID-2026-FS-207,human services,individual,TRUE,SYNTH_ADVERSARY_V1
BEN-022387,Balrampur,AID-2026-WS-618,medical,household,TRUE,SYNTH_ADVERSARY_V1
BEN-020152,Balrampur,AID-2026-ED-512,food and agriculture,group,TRUE,SYNTH_ADVERSARY_V1
BEN-011219,Balrampur,AID-2026-HL-330,education,household,TRUE,SYNTH_ADVERSARY_V1
BEN-022924,Balrampur,AID-2026-ED-512,education,household,TRUE,SYNTH_ADVERSARY_V1
BEN-012129,Balrampur,AID-2026-HL-330,environment,individual,TRUE,SYNTH_ADVERSARY_V1
BEN-021771,Rafah,AID-2026-DR-114,food and agriculture,household,TRUE,SYNTH_ADVERSARY_V1
BEN-018408,Rafah,AID-2026-HL-330,international development,individual,TRUE,SYNTH_ADVERSARY_V1
BEN-007518,Rafah,AID-2026-HL-330,civil rights,individual,TRUE,SYNTH_ADVERSARY_V1
BEN-000305,Rafah,AID-2026-WS-618,housing,household,TRUE,SYNTH_ADVERSARY_V1
BEN-016861,Rafah,AID-2026-FS-207,medical,household,TRUE,SYNTH_ADVERSARY_V1
BEN-017859,Rafah,AID-2026-WS-618,housing,individual,TRUE,SYNTH_ADVERSARY_V1
BEN-020757,Rafah,AID-2026-WS-618,housing,group,TRUE,SYNTH_ADVERSARY_V1
BEN-017857,Rafah,AID-2026-DR-114,human services,individual,TRUE,SYNTH_ADVERSARY_V1
BEN-006316,Rafah,AID-2026-ED-512,youth development,individual,TRUE,SYNTH_ADVERSARY_V1
BEN-016138,El Obeid,AID-2026-SH-455,civil rights,household,TRUE,SYNTH_ADVERSARY_V1
BEN-010223,El Obeid,AID-2026-SH-455,food and agriculture,household,TRUE,SYNTH_ADVERSARY_V1
BEN-011600,El Obeid,AID-2026-WS-618,medical,individual,TRUE,SYNTH_ADVERSARY_V1
BEN-005072,El Obeid,AID-2026-FS-207,civil rights,individual,TRUE,SYNTH_ADVERSARY_V1
BEN-021579,El Obeid,AID-2026-SH-455,food and agriculture,individual,TRUE,SYNTH_ADVERSARY_V1
BEN-025979,El Obeid,AID-2026-SH-455,medical,household,TRUE,SYNTH_ADVERSARY_V1
BEN-006209,El Obeid,AID-2026-SH-455,youth development,individual,TRUE,SYNTH_ADVERSARY_V1
BEN-007027,El Obeid,AID-2026-WS-618,civil rights,household,TRUE,SYNTH_ADVERSARY_V1
BEN-020200,El Obeid,AID-2026-ED-512,civil rights,household,TRUE,SYNTH_ADVERSARY_V1
BEN-006094,El Obeid,AID-2026-WS-618,disaster relief,individual,TRUE,SYNTH_ADVERSARY_V1
BEN-016986,El Obeid,AID-2026-SH-455,youth development,household,TRUE,SYNTH_ADVERSARY_V1
BEN-020618,El Obeid,AID-2026-DR-114,civil rights,household,TRUE,SYNTH_ADVERSARY_V1
BEN-019110,El Obeid,AID-2026-HL-330,environment,individual,TRUE,SYNTH_ADVERSARY_V1
BEN-025904,El Obeid,AID-2026-HL-330,youth development,household,TRUE,SYNTH_ADVERSARY_V1
BEN-006500,Rafah,AID-2026-ED-512,civil rights,individual,TRUE,SYNTH_ADVERSARY_V1
BEN-005417,Rafah,AID-2026-ED-512,medical,household,TRUE,SYNTH_ADVERSARY_V1
BEN-025962,Rafah,AID-2026-DR-114,housing,individual,TRUE,SYNTH_ADVERSARY_V1
BEN-000844,Rafah,AID-2026-DR-114,youth development,individual,TRUE,SYNTH_ADVERSARY_V1
BEN-015833,Rafah,AID-2026-HL-330,civil rights,individual,TRUE,SYNTH_ADVERSARY_V1
BEN-013498,Balrampur,AID-2026-ED-512,education,individual,TRUE,SYNTH_ADVERSARY_V1
BEN-016393,Rafah,AID-2026-FS-207,food and agriculture,individual,TRUE,SYNTH_ADVERSARY_V1
BEN-023095,Rafah,AID-2026-FS-207,international development,household,TRUE,SYNTH_ADVERSARY_V1
BEN-022493,Rafah,AID-2026-DR-114,housing,household,TRUE,SYNTH_ADVERSARY_V1
BEN-008575,Nyala,AID-2026-DR-114,food and agriculture,household,TRUE,SYNTH_ADVERSARY_V1
BEN-025338,Nyala,AID-2026-ED-512,international development,household,TRUE,SYNTH_ADVERSARY_V1
BEN-010003,Nyala,AID-2026-WS-618,housing,household,TRUE,SYNTH_ADVERSARY_V1
BEN-002804,Nyala,AID-2026-SH-455,disaster relief,individual,TRUE,SYNTH_ADVERSARY_V1
BEN-009998,Nyala,AID-2026-HL-330,human services,household,TRUE,SYNTH_ADVERSARY_V1
BEN-017223,Nyala,AID-2026-WS-618,food and agriculture,household,TRUE,SYNTH_ADVERSARY_V1
BEN-011200,Nyala,AID-2026-ED-512,medical,household,TRUE,SYNTH_ADVERSARY_V1
BEN-023843,Nyala,AID-2026-WS-618,medical,household,TRUE,SYNTH_ADVERSARY_V1
BEN-011888,Rafah,AID-2026-SH-455,youth development,household,TRUE,SYNTH_ADVERSARY_V1
BEN-020085,Rafah,AID-2026-FS-207,civil rights,individual,TRUE,SYNTH_ADVERSARY_V1
BEN-016449,Rafah,AID-2026-WS-618,disaster relief,household,TRUE,SYNTH_ADVERSARY_V1
BEN-024066,Rafah,AID-2026-WS-618,youth development,household,TRUE,SYNTH_ADVERSARY_V1
BEN-023938,Rafah,AID-2026-SH-455,education,household,TRUE,SYNTH_ADVERSARY_V1
BEN-001430,Rafah,AID-2026-DR-114,human services,group,TRUE,SYNTH_ADVERSARY_V1
BEN-014571,Rafah,AID-2026-ED-512,youth development,household,TRUE,SYNTH_ADVERSARY_V1
BEN-021155,Rafah,AID-2026-FS-207,human services,household,TRUE,SYNTH_ADVERSARY_V1
BEN-002691,Rafah,AID-2026-WS-618,environment,group,TRUE,SYNTH_ADVERSARY_V1
BEN-009484,Rafah,AID-2026-ED-512,housing,household,TRUE,SYNTH_ADVERSARY_V1
BEN-016911,Kutupalong,AID-2026-HL-330,food and agriculture,household,TRUE,SYNTH_ADVERSARY_V1
BEN-003364,Kutupalong,AID-2026-DR-114,youth development,household,TRUE,SYNTH_ADVERSARY_V1
BEN-008646,Kutupalong,AID-2026-FS-207,environment,household,TRUE,SYNTH_ADVERSARY_V1
BEN-000383,Kutupalong,AID-2026-HL-330,medical,household,TRUE,SYNTH_ADVERSARY_V1
BEN-012920,Kutupalong,AID-2026-SH-455,education,individual,TRUE,SYNTH_ADVERSARY_V1
BEN-007166,Kutupalong,AID-2026-DR-114,housing,household,TRUE,SYNTH_ADVERSARY_V1
BEN-008968,Kutupalong,AID-2026-WS-618,disaster relief,household,TRUE,SYNTH_ADVERSARY_V1
BEN-018645,Kutupalong,AID-2026-DR-114,civil rights,individual,TRUE,SYNTH_ADVERSARY_V1
BEN-020063,Kutupalong,AID-2026-FS-207,international development,individual,TRUE,SYNTH_ADVERSARY_V1
BEN-019302,Kutupalong,AID-2026-ED-512,environment,household,TRUE,SYNTH_ADVERSARY_V1
BEN-006090,Kutupalong,AID-2026-DR-114,education,household,TRUE,SYNTH_ADVERSARY_V1
BEN-024581,Chitrakoot,AID-2026-ED-512,civil rights,individual,TRUE,SYNTH_ADVERSARY_V1
BEN-010025,Chitrakoot,AID-2026-WS-618,environment,household,TRUE,SYNTH_ADVERSARY_V1
BEN-016594,Chitrakoot,AID-2026-ED-512,food and agriculture,household,TRUE,SYNTH_ADVERSARY_V1
BEN-012248,Chitrakoot,AID-2026-HL-330,education,household,TRUE,SYNTH_ADVERSARY_V1
BEN-022253,Chitrakoot,AID-2026-WS-618,human services,individual,TRUE,SYNTH_ADVERSARY_V1
BEN-004651,Chitrakoot,AID-2026-DR-114,housing,household,TRUE,SYNTH_ADVERSARY_V1
BEN-003464,Chitrakoot,AID-2026-FS-207,international development,household,TRUE,SYNTH_ADVERSARY_V1
BEN-002909,Chitrakoot,AID-2026-WS-618,education,individual,TRUE,SYNTH_ADVERSARY_V1
BEN-015973,Chitrakoot,AID-2026-WS-618,education,individual,TRUE,SYNTH_ADVERSARY_V1
BEN-005550,Diffa,AID-2026-DR-114,youth development,household,TRUE,SYNTH_ADVERSARY_V1
BEN-020016,Diffa,AID-2026-ED-512,disaster relief,group,TRUE,SYNTH_ADVERSARY_V1
BEN-025878,Diffa,AID-2026-WS-618,disaster relief,household,TRUE,SYNTH_ADVERSARY_V1
BEN-003504,Diffa,AID-2026-FS-207,housing,individual,TRUE,SYNTH_ADVERSARY_V1
BEN-001270,Diffa,AID-2026-WS-618,human services,household,TRUE,SYNTH_ADVERSARY_V1
BEN-007501,Diffa,AID-2026-ED-512,food and agriculture,household,TRUE,SYNTH_ADVERSARY_V1
BEN-002642,Diffa,AID-2026-WS-618,medical,household,TRUE,SYNTH_ADVERSARY_V1
BEN-005512,Diffa,AID-2026-WS-618,international development,group,TRUE,SYNTH_ADVERSARY_V1
BEN-008801,Diffa,AID-2026-SH-455,medical,household,TRUE,SYNTH_ADVERSARY_V1
BEN-014111,Diffa,AID-2026-ED-512,medical,household,TRUE,SYNTH_ADVERSARY_V1
BEN-011041,Sitapur,AID-2026-SH-455,disaster relief,household,TRUE,SYNTH_ADVERSARY_V1
BEN-022248,Sitapur,AID-2026-FS-207,food and agriculture,household,TRUE,SYNTH_ADVERSARY_V1
BEN-003206,Sitapur,AID-2026-WS-618,international development,household,TRUE,SYNTH_ADVERSARY_V1
BEN-003963,Sitapur,AID-2026-DR-114,civil rights,individual,TRUE,SYNTH_ADVERSARY_V1
BEN-011047,Sitapur,AID-2026-SH-455,housing,household,TRUE,SYNTH_ADVERSARY_V1
BEN-011144,Kassala,AID-2026-SH-455,international development,individual,TRUE,SYNTH_ADVERSARY_V1
BEN-011832,Kassala,AID-2026-SH-455,international development,group,TRUE,SYNTH_ADVERSARY_V1
BEN-004307,Kassala,AID-2026-FS-207,education,household,TRUE,SYNTH_ADVERSARY_V1
BEN-013276,Kassala,AID-2026-DR-114,medical,group,TRUE,SYNTH_ADVERSARY_V1
BEN-000863,Kassala,AID-2026-SH-455,youth development,group,TRUE,SYNTH_ADVERSARY_V1
BEN-025033,Kassala,AID-2026-DR-114,food and agriculture,household,TRUE,SYNTH_ADVERSARY_V1
BEN-006853,Diffa,AID-2026-ED-512,education,group,TRUE,SYNTH_ADVERSARY_V1
BEN-024301,Diffa,AID-2026-FS-207,environment,individual,TRUE,SYNTH_ADVERSARY_V1
BEN-009617,Diffa,AID-2026-WS-618,international development,individual,TRUE,SYNTH_ADVERSARY_V1
BEN-012772,Diffa,AID-2026-WS-618,civil rights,individual,TRUE,SYNTH_ADVERSARY_V1
BEN-019922,Diffa,AID-2026-WS-618,youth development,individual,TRUE,SYNTH_ADVERSARY_V1
BEN-001311,Diffa,AID-2026-ED-512,environment,group,TRUE,SYNTH_ADVERSARY_V1
BEN-010100,Diffa,AID-2026-DR-114,civil rights,individual,TRUE,SYNTH_ADVERSARY_V1
BEN-000226,Diffa,AID-2026-SH-455,education,household,TRUE,SYNTH_ADVERSARY_V1
BEN-001142,Diffa,AID-2026-FS-207,human services,individual,TRUE,SYNTH_ADVERSARY_V1
BEN-002231,Diffa,AID-2026-DR-114,human services,individual,TRUE,SYNTH_ADVERSARY_V1
BEN-015664,Diffa,AID-2026-DR-114,housing,household,TRUE,SYNTH_ADVERSARY_V1
BEN-023385,Diffa,AID-2026-SH-455,youth development,household,TRUE,SYNTH_ADVERSARY_V1
BEN-002881,Diffa,AID-2026-DR-114,civil rights,household,TRUE,SYNTH_ADVERSARY_V1
BEN-015964,Diffa,AID-2026-SH-455,food and agriculture,individual,TRUE,SYNTH_ADVERSARY_V1
BEN-015783,Diffa,AID-2026-SH-455,medical,household,TRUE,SYNTH_ADVERSARY_V1
BEN-022867,Diffa,AID-2026-HL-330,housing,individual,TRUE,SYNTH_ADVERSARY_V1
BEN-007917,Diffa,AID-2026-HL-330,food and agriculture,household,TRUE,SYNTH_ADVERSARY_V1
BEN-007794,Diffa,AID-2026-WS-618,housing,household,TRUE,SYNTH_ADVERSARY_V1
BEN-002070,Kutupalong,AID-2026-ED-512,civil rights,household,TRUE,SYNTH_ADVERSARY_V1
BEN-003353,Kutupalong,AID-2026-FS-207,environment,household,TRUE,SYNTH_ADVERSARY_V1
BEN-006590,Kutupalong,AID-2026-FS-207,human services,household,TRUE,SYNTH_ADVERSARY_V1
BEN-014466,Kutupalong,AID-2026-HL-330,medical,household,TRUE,SYNTH_ADVERSARY_V1
BEN-022420,Kutupalong,AID-2026-DR-114,food and agriculture,household,TRUE,SYNTH_ADVERSARY_V1
BEN-022512,Kutupalong,AID-2026-WS-618,human services,group,TRUE,SYNTH_ADVERSARY_V1
BEN-021944,Kutupalong,AID-2026-HL-330,disaster relief,individual,TRUE,SYNTH_ADVERSARY_V1
BEN-024415,Kutupalong,AID-2026-HL-330,food and agriculture,household,TRUE,SYNTH_ADVERSARY_V1
BEN-019675,Kutupalong,AID-2026-DR-114,housing,individual,TRUE,SYNTH_ADVERSARY_V1
BEN-012606,Kutupalong,AID-2026-FS-207,housing,household,TRUE,SYNTH_ADVERSARY_V1
BEN-011302,Kutupalong,AID-2026-WS-618,international development,household,TRUE,SYNTH_ADVERSARY_V1
BEN-009809,Kutupalong,AID-2026-HL-330,food and agriculture,household,TRUE,SYNTH_ADVERSARY_V1
BEN-025288,Kutupalong,AID-2026-HL-330,human services,group,TRUE,SYNTH_ADVERSARY_V1
BEN-002388,Kutupalong,AID-2026-SH-455,medical,household,TRUE,SYNTH_ADVERSARY_V1
BEN-022766,Kutupalong,AID-2026-FS-207,medical,group,TRUE,SYNTH_ADVERSARY_V1
BEN-025017,Gaza North,AID-2026-DR-114,education,group,TRUE,SYNTH_ADVERSARY_V1
BEN-021894,Gaza North,AID-2026-SH-455,international development,individual,TRUE,SYNTH_ADVERSARY_V1
BEN-024219,Gaza North,AID-2026-DR-114,housing,individual,TRUE,SYNTH_ADVERSARY_V1
BEN-025137,Gaza North,AID-2026-FS-207,housing,individual,TRUE,SYNTH_ADVERSARY_V1
BEN-006729,Gaza North,AID-2026-SH-455,human services,household,TRUE,SYNTH_ADVERSARY_V1
BEN-024444,Sitapur,AID-2026-WS-618,housing,individual,TRUE,SYNTH_ADVERSARY_V1
BEN-008908,Sitapur,AID-2026-DR-114,international development,household,TRUE,SYNTH_ADVERSARY_V1
BEN-009215,Sitapur,AID-2026-DR-114,international development,household,TRUE,SYNTH_ADVERSARY_V1
BEN-020624,Sitapur,AID-2026-FS-207,housing,individual,TRUE,SYNTH_ADVERSARY_V1
BEN-021408,Sitapur,AID-2026-FS-207,human services,household,TRUE,SYNTH_ADVERSARY_V1
BEN-007473,Sitapur,AID-2026-DR-114,housing,group,TRUE,SYNTH_ADVERSARY_V1
BEN-023443,Sitapur,AID-2026-FS-207,housing,individual,TRUE,SYNTH_ADVERSARY_V1
BEN-010071,Sitapur,AID-2026-FS-207,youth development,individual,TRUE,SYNTH_ADVERSARY_V1
BEN-003805,Sitapur,AID-2026-WS-618,food and agriculture,individual,TRUE,SYNTH_ADVERSARY_V1
BEN-017803,Sitapur,AID-2026-HL-330,international development,individual,TRUE,SYNTH_ADVERSARY_V1
BEN-017444,Sitapur,AID-2026-DR-114,youth development,individual,TRUE,SYNTH_ADVERSARY_V1
BEN-023204,Sitapur,AID-2026-DR-114,human services,household,TRUE,SYNTH_ADVERSARY_V1
BEN-022038,Sitapur,AID-2026-SH-455,civil rights,individual,TRUE,SYNTH_ADVERSARY_V1
BEN-008600,Sitapur,AID-2026-DR-114,medical,group,TRUE,SYNTH_ADVERSARY_V1
BEN-020987,Sitapur,AID-2026-ED-512,medical,group,TRUE,SYNTH_ADVERSARY_V1
BEN-008003,Sitapur,AID-2026-WS-618,education,household,TRUE,SYNTH_ADVERSARY_V1
BEN-022869,Sitapur,AID-2026-DR-114,housing,household,TRUE,SYNTH_ADVERSARY_V1
BEN-012527,Kutupalong,AID-2026-FS-207,civil rights,household,TRUE,SYNTH_ADVERSARY_V1
BEN-007058,Kutupalong,AID-2026-SH-455,disaster relief,group,TRUE,SYNTH_ADVERSARY_V1
BEN-014428,Kutupalong,AID-2026-ED-512,youth development,household,TRUE,SYNTH_ADVERSARY_V1
BEN-020984,Kutupalong,AID-2026-WS-618,environment,household,TRUE,SYNTH_ADVERSARY_V1
BEN-024427,Kutupalong,AID-2026-DR-114,youth development,individual,TRUE,SYNTH_ADVERSARY_V1
BEN-004033,Kutupalong,AID-2026-ED-512,youth development,household,TRUE,SYNTH_ADVERSARY_V1
BEN-012430,Kutupalong,AID-2026-DR-114,housing,individual,TRUE,SYNTH_ADVERSARY_V1
BEN-001230,Kutupalong,AID-2026-WS-618,youth development,household,TRUE,SYNTH_ADVERSARY_V1
BEN-011831,Kutupalong,AID-2026-FS-207,civil rights,household,TRUE,SYNTH_ADVERSARY_V1
BEN-003068,Barabanki,AID-2026-ED-512,international development,household,TRUE,SYNTH_ADVERSARY_V1
BEN-021778,Barabanki,AID-2026-FS-207,medical,household,TRUE,SYNTH_ADVERSARY_V1
BEN-023611,Barabanki,AID-2026-DR-114,international development,household,TRUE,SYNTH_ADVERSARY_V1
BEN-010004,Barabanki,AID-2026-ED-512,medical,household,TRUE,SYNTH_ADVERSARY_V1
BEN-016262,Barabanki,AID-2026-WS-618,housing,individual,TRUE,SYNTH_ADVERSARY_V1
BEN-019433,Barabanki,AID-2026-ED-512,housing,household,TRUE,SYNTH_ADVERSARY_V1
BEN-022060,Barabanki,AID-2026-SH-455,disaster relief,household,TRUE,SYNTH_ADVERSARY_V1
BEN-002327,Barabanki,AID-2026-HL-330,disaster relief,household,TRUE,SYNTH_ADVERSARY_V1
BEN-012241,Sitapur,AID-2026-SH-455,housing,household,TRUE,SYNTH_ADVERSARY_V1
BEN-020330,Sitapur,AID-2026-ED-512,human services,individual,TRUE,SYNTH_ADVERSARY_V1
BEN-019912,Sitapur,AID-2026-FS-207,youth development,household,TRUE,SYNTH_ADVERSARY_V1
BEN-018218,Sitapur,AID-2026-ED-512,education,individual,TRUE,SYNTH_ADVERSARY_V1
BEN-012171,Sitapur,AID-2026-SH-455,human services,individual,TRUE,SYNTH_ADVERSARY_V1
BEN-017063,Sitapur,AID-2026-WS-618,education,individual,TRUE,SYNTH_ADVERSARY_V1
BEN-016629,Sitapur,AID-2026-HL-330,medical,group,TRUE,SYNTH_ADVERSARY_V1
BEN-018140,Sitapur,AID-2026-SH-455,international development,household,TRUE,SYNTH_ADVERSARY_V1
BEN-015373,Sitapur,AID-2026-WS-618,human services,individual,TRUE,SYNTH_ADVERSARY_V1
BEN-021152,Sitapur,AID-2026-FS-207,education,household,TRUE,SYNTH_ADVERSARY_V1
BEN-012731,Chitrakoot,AID-2026-DR-114,international development,individual,TRUE,SYNTH_ADVERSARY_V1
BEN-019610,Chitrakoot,AID-2026-DR-114,medical,household,TRUE,SYNTH_ADVERSARY_V1
BEN-015797,Chitrakoot,AID-2026-FS-207,housing,household,TRUE,SYNTH_ADVERSARY_V1
BEN-006602,Chitrakoot,AID-2026-SH-455,food and agriculture,household,TRUE,SYNTH_ADVERSARY_V1
BEN-018482,Chitrakoot,AID-2026-ED-512,human services,individual,TRUE,SYNTH_ADVERSARY_V1
BEN-001945,Chitrakoot,AID-2026-FS-207,youth development,group,TRUE,SYNTH_ADVERSARY_V1
BEN-001676,Chitrakoot,AID-2026-FS-207,human services,household,TRUE,SYNTH_ADVERSARY_V1
BEN-021331,Chitrakoot,AID-2026-DR-114,environment,household,TRUE,SYNTH_ADVERSARY_V1
BEN-014394,Chitrakoot,AID-2026-SH-455,education,household,TRUE,SYNTH_ADVERSARY_V1
BEN-007102,Chitrakoot,AID-2026-WS-618,disaster relief,household,TRUE,SYNTH_ADVERSARY_V1
BEN-022134,Sitapur,AID-2026-WS-618,civil rights,group,TRUE,SYNTH_ADVERSARY_V1
BEN-021555,Sitapur,AID-2026-FS-207,disaster relief,individual,TRUE,SYNTH_ADVERSARY_V1
BEN-011846,Sitapur,AID-2026-WS-618,youth development,individual,TRUE,SYNTH_ADVERSARY_V1
BEN-025369,Sitapur,AID-2026-DR-114,medical,household,TRUE,SYNTH_ADVERSARY_V1
BEN-019700,Sitapur,AID-2026-SH-455,education,group,TRUE,SYNTH_ADVERSARY_V1
BEN-014815,Sitapur,AID-2026-ED-512,international development,individual,TRUE,SYNTH_ADVERSARY_V1
BEN-021078,Sitapur,AID-2026-SH-455,civil rights,group,TRUE,SYNTH_ADVERSARY_V1
BEN-000662,Sitapur,AID-2026-ED-512,housing,household,TRUE,SYNTH_ADVERSARY_V1
BEN-013969,Sitapur,AID-2026-SH-455,disaster relief,individual,TRUE,SYNTH_ADVERSARY_V1
BEN-014984,Sitapur,AID-2026-FS-207,education,household,TRUE,SYNTH_ADVERSARY_V1
BEN-016750,Barabanki,AID-2026-FS-207,environment,group,TRUE,SYNTH_ADVERSARY_V1
BEN-022121,Barabanki,AID-2026-DR-114,civil rights,household,TRUE,SYNTH_ADVERSARY_V1
BEN-023249,Barabanki,AID-2026-DR-114,international development,household,TRUE,SYNTH_ADVERSARY_V1
BEN-016989,Barabanki,AID-2026-DR-114,youth development,household,TRUE,SYNTH_ADVERSARY_V1
BEN-011837,Barabanki,AID-2026-SH-455,medical,household,TRUE,SYNTH_ADVERSARY_V1
BEN-012427,Barabanki,AID-2026-DR-114,environment,individual,TRUE,SYNTH_ADVERSARY_V1
BEN-009841,Barabanki,AID-2026-ED-512,civil rights,individual,TRUE,SYNTH_ADVERSARY_V1
BEN-020379,Barabanki,AID-2026-ED-512,food and agriculture,household,TRUE,SYNTH_ADVERSARY_V1
BEN-015225,Rafah,AID-2026-WS-618,housing,household,TRUE,SYNTH_ADVERSARY_V1
BEN-014926,Rafah,AID-2026-SH-455,education,household,TRUE,SYNTH_ADVERSARY_V1
BEN-013673,Rafah,AID-2026-FS-207,medical,individual,TRUE,SYNTH_ADVERSARY_V1
BEN-021508,Rafah,AID-2026-DR-114,disaster relief,group,TRUE,SYNTH_ADVERSARY_V1
BEN-023729,Rafah,AID-2026-ED-512,youth development,individual,TRUE,SYNTH_ADVERSARY_V1
BEN-023991,Rafah,AID-2026-FS-207,human services,household,TRUE,SYNTH_ADVERSARY_V1
BEN-004255,Rafah,AID-2026-DR-114,international development,household,TRUE,SYNTH_ADVERSARY_V1
BEN-009971,Rafah,AID-2026-ED-512,education,household,TRUE,SYNTH_ADVERSARY_V1
BEN-004672,Rafah,AID-2026-ED-512,environment,household,TRUE,SYNTH_ADVERSARY_V1
BEN-024595,Maradi,AID-2026-FS-207,international development,individual,TRUE,SYNTH_ADVERSARY_V1
BEN-001880,Maradi,AID-2026-HL-330,civil rights,group,TRUE,SYNTH_ADVERSARY_V1
BEN-002874,Maradi,AID-2026-WS-618,international development,individual,TRUE,SYNTH_ADVERSARY_V1
BEN-005316,Maradi,AID-2026-DR-114,food and agriculture,household,TRUE,SYNTH_ADVERSARY_V1
BEN-020758,Maradi,AID-2026-WS-618,environment,individual,TRUE,SYNTH_ADVERSARY_V1
BEN-014022,Maradi,AID-2026-FS-207,youth development,household,TRUE,SYNTH_ADVERSARY_V1
BEN-019364,Maradi,AID-2026-ED-512,disaster relief,household,TRUE,SYNTH_ADVERSARY_V1
BEN-004406,Maradi,AID-2026-HL-330,education,household,TRUE,SYNTH_ADVERSARY_V1
BEN-016841,Diffa,AID-2026-FS-207,environment,household,TRUE,SYNTH_ADVERSARY_V1
BEN-002318,Diffa,AID-2026-ED-512,youth development,household,TRUE,SYNTH_ADVERSARY_V1
BEN-018484,Diffa,AID-2026-ED-512,education,household,TRUE,SYNTH_ADVERSARY_V1
BEN-017451,Diffa,AID-2026-WS-618,youth development,household,TRUE,SYNTH_ADVERSARY_V1
BEN-005833,Diffa,AID-2026-FS-207,civil rights,group,TRUE,SYNTH_ADVERSARY_V1
BEN-022464,Diffa,AID-2026-HL-330,youth development,individual,TRUE,SYNTH_ADVERSARY_V1
BEN-016263,Diffa,AID-2026-SH-455,medical,household,TRUE,SYNTH_ADVERSARY_V1
BEN-017291,Diffa,AID-2026-ED-512,disaster relief,group,TRUE,SYNTH_ADVERSARY_V1
BEN-012571,Diffa,AID-2026-HL-330,civil rights,household,TRUE,SYNTH_ADVERSARY_V1
BEN-002982,Diffa,AID-2026-FS-207,disaster relief,individual,TRUE,SYNTH_ADVERSARY_V1
BEN-010076,Diffa,AID-2026-HL-330,civil rights,household,TRUE,SYNTH_ADVERSARY_V1
BEN-011097,Diffa,AID-2026-DR-114,food and agriculture,household,TRUE,SYNTH_ADVERSARY_V1
BEN-000505,Diffa,AID-2026-ED-512,disaster relief,individual,TRUE,SYNTH_ADVERSARY_V1
BEN-025403,Gaza North,AID-2026-DR-114,environment,individual,TRUE,SYNTH_ADVERSARY_V1
BEN-020708,Gaza North,AID-2026-DR-114,human services,household,TRUE,SYNTH_ADVERSARY_V1
BEN-025629,Gaza North,AID-2026-HL-330,international development,household,TRUE,SYNTH_ADVERSARY_V1
BEN-004025,Gaza North,AID-2026-SH-455,civil rights,individual,TRUE,SYNTH_ADVERSARY_V1
BEN-022190,Gaza North,AID-2026-WS-618,international development,individual,TRUE,SYNTH_ADVERSARY_V1
BEN-020392,Gaza North,AID-2026-ED-512,food and agriculture,individual,TRUE,SYNTH_ADVERSARY_V1
BEN-017306,Gaza North,AID-2026-DR-114,environment,individual,TRUE,SYNTH_ADVERSARY_V1
BEN-005824,Gaza North,AID-2026-ED-512,international development,household,TRUE,SYNTH_ADVERSARY_V1
BEN-000158,Gaza North,AID-2026-SH-455,housing,group,TRUE,SYNTH_ADVERSARY_V1
BEN-006400,Gaza North,AID-2026-ED-512,civil rights,household,TRUE,SYNTH_ADVERSARY_V1
BEN-012975,Gaza North,AID-2026-HL-330,disaster relief,household,TRUE,SYNTH_ADVERSARY_V1
BEN-020504,Gaza North,AID-2026-ED-512,youth development,household,TRUE,SYNTH_ADVERSARY_V1
BEN-016409,Chitrakoot,AID-2026-FS-207,education,individual,TRUE,SYNTH_ADVERSARY_V1
BEN-005402,Chitrakoot,AID-2026-FS-207,disaster relief,household,TRUE,SYNTH_ADVERSARY_V1
BEN-008131,Chitrakoot,AID-2026-ED-512,environment,household,TRUE,SYNTH_ADVERSARY_V1
BEN-009477,Chitrakoot,AID-2026-SH-455,international development,individual,TRUE,SYNTH_ADVERSARY_V1
BEN-024834,Chitrakoot,AID-2026-DR-114,civil rights,group,TRUE,SYNTH_ADVERSARY_V1
BEN-016988,Chitrakoot,AID-2026-FS-207,education,group,TRUE,SYNTH_ADVERSARY_V1
BEN-009165,Chitrakoot,AID-2026-HL-330,medical,household,TRUE,SYNTH_ADVERSARY_V1
BEN-000480,Chitrakoot,AID-2026-FS-207,housing,group,TRUE,SYNTH_ADVERSARY_V1
BEN-017154,Wad Madani,AID-2026-SH-455,education,household,TRUE,SYNTH_ADVERSARY_V1
BEN-020613,Wad Madani,AID-2026-ED-512,medical,household,TRUE,SYNTH_ADVERSARY_V1
BEN-012516,Wad Madani,AID-2026-ED-512,international development,household,TRUE,SYNTH_ADVERSARY_V1
BEN-013327,Wad Madani,AID-2026-HL-330,housing,individual,TRUE,SYNTH_ADVERSARY_V1
BEN-023304,Wad Madani,AID-2026-DR-114,environment,household,TRUE,SYNTH_ADVERSARY_V1
BEN-000362,Wad Madani,AID-2026-SH-455,disaster relief,household,TRUE,SYNTH_ADVERSARY_V1
BEN-021731,Chitrakoot,AID-2026-ED-512,civil rights,group,TRUE,SYNTH_ADVERSARY_V1
BEN-021132,Chitrakoot,AID-2026-ED-512,medical,individual,TRUE,SYNTH_ADVERSARY_V1
BEN-025459,Chitrakoot,AID-2026-WS-618,housing,individual,TRUE,SYNTH_ADVERSARY_V1
BEN-018725,Chitrakoot,AID-2026-WS-618,disaster relief,household,TRUE,SYNTH_ADVERSARY_V1
BEN-022940,Chitrakoot,AID-2026-WS-618,housing,group,TRUE,SYNTH_ADVERSARY_V1
BEN-000942,Chitrakoot,AID-2026-WS-618,human services,individual,TRUE,SYNTH_ADVERSARY_V1
BEN-000231,Chitrakoot,AID-2026-WS-618,education,individual,TRUE,SYNTH_ADVERSARY_V1
BEN-021539,Balrampur,AID-2026-WS-618,youth development,individual,TRUE,SYNTH_ADVERSARY_V1
BEN-005172,Balrampur,AID-2026-ED-512,housing,individual,TRUE,SYNTH_ADVERSARY_V1
BEN-004740,Balrampur,AID-2026-ED-512,food and agriculture,group,TRUE,SYNTH_ADVERSARY_V1
BEN-022520,Balrampur,AID-2026-DR-114,environment,household,TRUE,SYNTH_ADVERSARY_V1
BEN-022229,Balrampur,AID-2026-FS-207,youth development,household,TRUE,SYNTH_ADVERSARY_V1
BEN-004256,Balrampur,AID-2026-DR-114,civil rights,household,TRUE,SYNTH_ADVERSARY_V1
BEN-024956,Balrampur,AID-2026-SH-455,youth development,individual,TRUE,SYNTH_ADVERSARY_V1
BEN-020929,Balrampur,AID-2026-HL-330,civil rights,group,TRUE,SYNTH_ADVERSARY_V1
BEN-014959,Kutupalong,AID-2026-WS-618,housing,household,TRUE,SYNTH_ADVERSARY_V1
BEN-018962,Kutupalong,AID-2026-HL-330,environment,individual,TRUE,SYNTH_ADVERSARY_V1
BEN-012523,Kutupalong,AID-2026-FS-207,food and agriculture,group,TRUE,SYNTH_ADVERSARY_V1
BEN-022457,Kutupalong,AID-2026-WS-618,civil rights,individual,TRUE,SYNTH_ADVERSARY_V1
BEN-012019,Kutupalong,AID-2026-SH-455,food and agriculture,individual,TRUE,SYNTH_ADVERSARY_V1
BEN-022981,Kutupalong,AID-2026-ED-512,international development,household,TRUE,SYNTH_ADVERSARY_V1
BEN-003768,Kutupalong,AID-2026-SH-455,youth development,group,TRUE,SYNTH_ADVERSARY_V1
BEN-020851,Kutupalong,AID-2026-WS-618,human services,individual,TRUE,SYNTH_ADVERSARY_V1
BEN-022666,Kutupalong,AID-2026-WS-618,food and agriculture,individual,TRUE,SYNTH_ADVERSARY_V1
BEN-018265,Kutupalong,AID-2026-FS-207,environment,group,TRUE,SYNTH_ADVERSARY_V1
BEN-015026,Kutupalong,AID-2026-ED-512,environment,individual,TRUE,SYNTH_ADVERSARY_V1
BEN-017568,Kutupalong,AID-2026-DR-114,housing,individual,TRUE,SYNTH_ADVERSARY_V1
BEN-000891,Kutupalong,AID-2026-HL-330,housing,household,TRUE,SYNTH_ADVERSARY_V1
BEN-019123,Kutupalong,AID-2026-ED-512,disaster relief,household,TRUE,SYNTH_ADVERSARY_V1
BEN-000245,Wad Madani,AID-2026-HL-330,environment,individual,TRUE,SYNTH_ADVERSARY_V1
BEN-013428,Wad Madani,AID-2026-DR-114,medical,household,TRUE,SYNTH_ADVERSARY_V1
BEN-020055,Wad Madani,AID-2026-FS-207,food and agriculture,household,TRUE,SYNTH_ADVERSARY_V1
BEN-012315,Wad Madani,AID-2026-ED-512,disaster relief,household,TRUE,SYNTH_ADVERSARY_V1
BEN-006598,Wad Madani,AID-2026-FS-207,human services,household,TRUE,SYNTH_ADVERSARY_V1
BEN-024953,Wad Madani,AID-2026-SH-455,human services,household,TRUE,SYNTH_ADVERSARY_V1
BEN-011479,Wad Madani,AID-2026-SH-455,human services,household,TRUE,SYNTH_ADVERSARY_V1
BEN-002897,Wad Madani,AID-2026-HL-330,education,household,TRUE,SYNTH_ADVERSARY_V1
BEN-019411,Khan Yunis,AID-2026-FS-207,medical,individual,TRUE,SYNTH_ADVERSARY_V1
BEN-020589,Khan Yunis,AID-2026-FS-207,medical,individual,TRUE,SYNTH_ADVERSARY_V1
BEN-015724,Khan Yunis,AID-2026-DR-114,housing,household,TRUE,SYNTH_ADVERSARY_V1
BEN-025676,Khan Yunis,AID-2026-SH-455,education,individual,TRUE,SYNTH_ADVERSARY_V1
BEN-025666,Khan Yunis,AID-2026-SH-455,disaster relief,individual,TRUE,SYNTH_ADVERSARY_V1
BEN-010462,Khan Yunis,AID-2026-ED-512,civil rights,individual,TRUE,SYNTH_ADVERSARY_V1
BEN-018066,Khan Yunis,AID-2026-FS-207,environment,group,TRUE,SYNTH_ADVERSARY_V1
BEN-012496,Khan Yunis,AID-2026-DR-114,environment,household,TRUE,SYNTH_ADVERSARY_V1
BEN-012666,Khan Yunis,AID-2026-HL-330,civil rights,household,TRUE,SYNTH_ADVERSARY_V1
BEN-006684,Diffa,AID-2026-SH-455,disaster relief,individual,TRUE,SYNTH_ADVERSARY_V1
BEN-014469,Diffa,AID-2026-HL-330,environment,individual,TRUE,SYNTH_ADVERSARY_V1
BEN-010562,Diffa,AID-2026-SH-455,civil rights,individual,TRUE,SYNTH_ADVERSARY_V1
BEN-010089,Diffa,AID-2026-FS-207,education,household,TRUE,SYNTH_ADVERSARY_V1
BEN-018145,Diffa,AID-2026-DR-114,civil rights,group,TRUE,SYNTH_ADVERSARY_V1
BEN-005213,Diffa,AID-2026-DR-114,environment,individual,TRUE,SYNTH_ADVERSARY_V1
BEN-025151,Diffa,AID-2026-SH-455,civil rights,household,TRUE,SYNTH_ADVERSARY_V1
BEN-011830,Diffa,AID-2026-SH-455,disaster relief,household,TRUE,SYNTH_ADVERSARY_V1
BEN-020197,Barabanki,AID-2026-DR-114,international development,group,TRUE,SYNTH_ADVERSARY_V1
BEN-004905,Barabanki,AID-2026-DR-114,food and agriculture,individual,TRUE,SYNTH_ADVERSARY_V1
BEN-024204,Barabanki,AID-2026-FS-207,disaster relief,group,TRUE,SYNTH_ADVERSARY_V1
BEN-015687,Barabanki,AID-2026-DR-114,youth development,individual,TRUE,SYNTH_ADVERSARY_V1
BEN-024538,Barabanki,AID-2026-DR-114,youth development,household,TRUE,SYNTH_ADVERSARY_V1
BEN-001626,Barabanki,AID-2026-HL-330,housing,household,TRUE,SYNTH_ADVERSARY_V1
BEN-021971,Rafah,AID-2026-DR-114,housing,household,TRUE,SYNTH_ADVERSARY_V1
BEN-014680,Rafah,AID-2026-SH-455,disaster relief,household,TRUE,SYNTH_ADVERSARY_V1
BEN-013618,Rafah,AID-2026-DR-114,disaster relief,individual,TRUE,SYNTH_ADVERSARY_V1
BEN-008585,Rafah,AID-2026-HL-330,human services,household,TRUE,SYNTH_ADVERSARY_V1
BEN-018125,Nyala,AID-2026-SH-455,disaster relief,household,TRUE,SYNTH_ADVERSARY_V1
BEN-011583,Nyala,AID-2026-WS-618,human services,household,TRUE,SYNTH_ADVERSARY_V1
BEN-015425,Nyala,AID-2026-FS-207,medical,group,TRUE,SYNTH_ADVERSARY_V1
BEN-023590,Nyala,AID-2026-WS-618,international development,household,TRUE,SYNTH_ADVERSARY_V1
BEN-002272,Nyala,AID-2026-WS-618,disaster relief,household,TRUE,SYNTH_ADVERSARY_V1
BEN-010059,Nyala,AID-2026-WS-618,civil rights,individual,TRUE,SYNTH_ADVERSARY_V1
BEN-021863,Nyala,AID-2026-ED-512,food and agriculture,household,TRUE,SYNTH_ADVERSARY_V1
BEN-005848,Nyala,AID-2026-WS-618,food and agriculture,household,TRUE,SYNTH_ADVERSARY_V1
BEN-002312,Nyala,AID-2026-ED-512,education,household,TRUE,SYNTH_ADVERSARY_V1
BEN-005980,Nyala,AID-2026-HL-330,disaster relief,individual,TRUE,SYNTH_ADVERSARY_V1
BEN-010260,Nyala,AID-2026-HL-330,education,household,TRUE,SYNTH_ADVERSARY_V1
BEN-010083,Nyala,AID-2026-SH-455,housing,individual,TRUE,SYNTH_ADVERSARY_V1
BEN-017080,Rafah,AID-2026-SH-455,international development,group,TRUE,SYNTH_ADVERSARY_V1
BEN-021234,Rafah,AID-2026-ED-512,civil rights,household,TRUE,SYNTH_ADVERSARY_V1
BEN-010577,Rafah,AID-2026-DR-114,international development,household,TRUE,SYNTH_ADVERSARY_V1
BEN-005115,Rafah,AID-2026-ED-512,civil rights,individual,TRUE,SYNTH_ADVERSARY_V1
BEN-002427,Rafah,AID-2026-FS-207,disaster relief,household,TRUE,SYNTH_ADVERSARY_V1
BEN-011065,Rafah,AID-2026-WS-618,housing,household,TRUE,SYNTH_ADVERSARY_V1
BEN-003231,Rafah,AID-2026-HL-330,education,individual,TRUE,SYNTH_ADVERSARY_V1
BEN-016397,Rafah,AID-2026-ED-512,food and agriculture,individual,TRUE,SYNTH_ADVERSARY_V1
BEN-024408,Rafah,AID-2026-FS-207,environment,individual,TRUE,SYNTH_ADVERSARY_V1
BEN-002257,Rafah,AID-2026-WS-618,environment,group,TRUE,SYNTH_ADVERSARY_V1
BEN-018920,Diffa,AID-2026-ED-512,disaster relief,household,TRUE,SYNTH_ADVERSARY_V1
BEN-016379,Diffa,AID-2026-DR-114,human services,household,TRUE,SYNTH_ADVERSARY_V1
BEN-004971,Kassala,AID-2026-ED-512,education,household,TRUE,SYNTH_ADVERSARY_V1
BEN-005878,Diffa,AID-2026-ED-512,environment,group,TRUE,SYNTH_ADVERSARY_V1
BEN-006256,Diffa,AID-2026-HL-330,international development,group,TRUE,SYNTH_ADVERSARY_V1
BEN-013503,Diffa,AID-2026-SH-455,medical,household,TRUE,SYNTH_ADVERSARY_V1
BEN-015157,Diffa,AID-2026-DR-114,human services,household,TRUE,SYNTH_ADVERSARY_V1
BEN-013963,Diffa,AID-2026-WS-618,international development,individual,TRUE,SYNTH_ADVERSARY_V1
BEN-025588,Balrampur,AID-2026-HL-330,civil rights,individual,TRUE,SYNTH_ADVERSARY_V1
BEN-019448,Sitapur,AID-2026-HL-330,disaster relief,group,TRUE,SYNTH_ADVERSARY_V1
BEN-025578,Kutupalong,AID-2026-DR-114,medical,individual,TRUE,SYNTH_ADVERSARY_V1
BEN-004801,Sitapur,AID-2026-SH-455,environment,group,TRUE,SYNTH_ADVERSARY_V1
BEN-007242,Sitapur,AID-2026-ED-512,housing,household,TRUE,SYNTH_ADVERSARY_V1
BEN-020717,Sitapur,AID-2026-SH-455,education,group,TRUE,SYNTH_ADVERSARY_V1
BEN-020516,Sitapur,AID-2026-FS-207,environment,household,TRUE,SYNTH_ADVERSARY_V1
BEN-005100,Deir al-Balah,AID-2026-FS-207,disaster relief,individual,TRUE,SYNTH_ADVERSARY_V1
BEN-020773,Deir al-Balah,AID-2026-HL-330,disaster relief,individual,TRUE,SYNTH_ADVERSARY_V1
BEN-019631,Wad Madani,AID-2026-FS-207,civil rights,individual,TRUE,SYNTH_ADVERSARY_V1
BEN-011466,Deir al-Balah,AID-2026-HL-330,youth development,household,TRUE,SYNTH_ADVERSARY_V1
BEN-016527,Diffa,AID-2026-FS-207,civil rights,individual,TRUE,SYNTH_ADVERSARY_V1
BEN-023393,Deir al-Balah,AID-2026-DR-114,education,household,TRUE,SYNTH_ADVERSARY_V1
BEN-015579,Deir al-Balah,AID-2026-WS-618,education,individual,TRUE,SYNTH_ADVERSARY_V1
BEN-002832,Deir al-Balah,AID-2026-FS-207,medical,household,TRUE,SYNTH_ADVERSARY_V1
BEN-022743,Khan Yunis,AID-2026-DR-114,civil rights,individual,TRUE,SYNTH_ADVERSARY_V1
BEN-003356,Deir al-Balah,AID-2026-FS-207,food and agriculture,household,TRUE,SYNTH_ADVERSARY_V1
BEN-008729,Deir al-Balah,AID-2026-WS-618,human services,household,TRUE,SYNTH_ADVERSARY_V1
BEN-001788,Cox's Bazar,AID-2026-WS-618,civil rights,household,TRUE,SYNTH_ADVERSARY_V1
BEN-009199,Rafah,AID-2026-WS-618,medical,group,TRUE,SYNTH_ADVERSARY_V1
BEN-008851,Rafah,AID-2026-DR-114,civil rights,household,TRUE,SYNTH_ADVERSARY_V1
BEN-016407,Rafah,AID-2026-FS-207,youth development,household,TRUE,SYNTH_ADVERSARY_V1
BEN-001258,Rafah,AID-2026-DR-114,international development,household,TRUE,SYNTH_ADVERSARY_V1
BEN-005831,Rafah,AID-2026-FS-207,medical,individual,TRUE,SYNTH_ADVERSARY_V1
BEN-017027,Rafah,AID-2026-SH-455,youth development,household,TRUE,SYNTH_ADVERSARY_V1
BEN-014521,Rafah,AID-2026-ED-512,human services,household,TRUE,SYNTH_ADVERSARY_V1
BEN-018094,Rafah,AID-2026-HL-330,environment,individual,TRUE,SYNTH_ADVERSARY_V1
BEN-007393,Kutupalong,AID-2026-WS-618,human services,household,TRUE,SYNTH_ADVERSARY_V1
BEN-014069,Kutupalong,AID-2026-DR-114,youth development,household,TRUE,SYNTH_ADVERSARY_V1
BEN-013896,Wad Madani,AID-2026-HL-330,disaster relief,household,TRUE,SYNTH_ADVERSARY_V1
BEN-024221,Kutupalong,AID-2026-DR-114,education,group,TRUE,SYNTH_ADVERSARY_V1
BEN-004725,Wad Madani,AID-2026-DR-114,housing,individual,TRUE,SYNTH_ADVERSARY_V1
BEN-007162,Kutupalong,AID-2026-FS-207,human services,group,TRUE,SYNTH_ADVERSARY_V1
BEN-024366,Kutupalong,AID-2026-WS-618,human services,household,TRUE,SYNTH_ADVERSARY_V1
BEN-002564,Chitrakoot,AID-2026-HL-330,international development,individual,TRUE,SYNTH_ADVERSARY_V1
BEN-016925,Kutupalong,AID-2026-ED-512,housing,household,TRUE,SYNTH_ADVERSARY_V1
BEN-009689,Nyala,AID-2026-HL-330,housing,household,TRUE,SYNTH_ADVERSARY_V1
BEN-025486,Rafah,AID-2026-HL-330,housing,individual,TRUE,SYNTH_ADVERSARY_V1
BEN-019668,Nyala,AID-2026-DR-114,disaster relief,household,TRUE,SYNTH_ADVERSARY_V1
BEN-007819,El Obeid,AID-2026-FS-207,housing,household,TRUE,SYNTH_ADVERSARY_V1
BEN-017334,Nyala,AID-2026-ED-512,environment,group,TRUE,SYNTH_ADVERSARY_V1
BEN-001735,Nyala,AID-2026-ED-512,medical,household,TRUE,SYNTH_ADVERSARY_V1
BEN-022904,Balrampur,AID-2026-ED-512,environment,household,TRUE,SYNTH_ADVERSARY_V1
BEN-016627,Deir al-Balah,AID-2026-HL-330,civil rights,household,TRUE,SYNTH_ADVERSARY_V1
BEN-015233,Deir al-Balah,AID-2026-WS-618,disaster relief,household,TRUE,SYNTH_ADVERSARY_V1
BEN-022372,Deir al-Balah,AID-2026-FS-207,human services,household,TRUE,SYNTH_ADVERSARY_V1
BEN-015395,Deir al-Balah,AID-2026-WS-618,medical,household,TRUE,SYNTH_ADVERSARY_V1
BEN-005106,Deir al-Balah,AID-2026-ED-512,human services,group,TRUE,SYNTH_ADVERSARY_V1
BEN-007654,Deir al-Balah,AID-2026-HL-330,housing,household,TRUE,SYNTH_ADVERSARY_V1
BEN-015860,El Obeid,AID-2026-SH-455,youth development,individual,TRUE,SYNTH_ADVERSARY_V1
BEN-012146,El Obeid,AID-2026-DR-114,international development,household,TRUE,SYNTH_ADVERSARY_V1
BEN-023867,El Obeid,AID-2026-HL-330,human services,household,TRUE,SYNTH_ADVERSARY_V1
BEN-007261,El Obeid,AID-2026-SH-455,education,individual,TRUE,SYNTH_ADVERSARY_V1
BEN-008730,Kassala,AID-2026-FS-207,disaster relief,household,TRUE,SYNTH_ADVERSARY_V1
BEN-019697,El Obeid,AID-2026-ED-512,environment,household,TRUE,SYNTH_ADVERSARY_V1
BEN-001398,El Obeid,AID-2026-SH-455,environment,household,TRUE,SYNTH_ADVERSARY_V1
BEN-003005,El Obeid,AID-2026-WS-618,housing,household,TRUE,SYNTH_ADVERSARY_V1
BEN-012884,El Obeid,AID-2026-HL-330,disaster relief,household,TRUE,SYNTH_ADVERSARY_V1
BEN-002149,Barabanki,AID-2026-ED-512,education,household,TRUE,SYNTH_ADVERSARY_V1
BEN-017337,Maradi,AID-2026-HL-330,housing,individual,TRUE,SYNTH_ADVERSARY_V1
BEN-018651,Sitapur,AID-2026-DR-114,international development,household,TRUE,SYNTH_ADVERSARY_V1
BEN-002083,Sitapur,AID-2026-DR-114,civil rights,household,TRUE,SYNTH_ADVERSARY_V1
BEN-014491,Sitapur,AID-2026-SH-455,food and agriculture,individual,TRUE,SYNTH_ADVERSARY_V1
BEN-005003,Sitapur,AID-2026-DR-114,housing,household,TRUE,SYNTH_ADVERSARY_V1
BEN-010231,Chitrakoot,AID-2026-DR-114,food and agriculture,individual,TRUE,SYNTH_ADVERSARY_V1
BEN-025975,Sitapur,AID-2026-SH-455,education,group,TRUE,SYNTH_ADVERSARY_V1
BEN-018215,Sitapur,AID-2026-ED-512,disaster relief,household,TRUE,SYNTH_ADVERSARY_V1
BEN-017482,Sitapur,AID-2026-ED-512,environment,household,TRUE,SYNTH_ADVERSARY_V1
BEN-010249,Sitapur,AID-2026-FS-207,human services,household,TRUE,SYNTH_ADVERSARY_V1
BEN-020443,Rafah,AID-2026-FS-207,civil rights,household,TRUE,SYNTH_ADVERSARY_V1
BEN-013726,Diffa,AID-2026-SH-455,civil rights,household,TRUE,SYNTH_ADVERSARY_V1
BEN-004532,Diffa,AID-2026-ED-512,housing,household,TRUE,SYNTH_ADVERSARY_V1
BEN-000294,Diffa,AID-2026-HL-330,medical,individual,TRUE,SYNTH_ADVERSARY_V1
BEN-007280,Diffa,AID-2026-WS-618,human services,household,TRUE,SYNTH_ADVERSARY_V1
BEN-021524,Sitapur,AID-2026-WS-618,international development,household,TRUE,SYNTH_ADVERSARY_V1
BEN-000957,Diffa,AID-2026-DR-114,housing,group,TRUE,SYNTH_ADVERSARY_V1
BEN-019367,Diffa,AID-2026-HL-330,education,household,TRUE,SYNTH_ADVERSARY_V1
BEN-020131,Diffa,AID-2026-WS-618,education,household,TRUE,SYNTH_ADVERSARY_V1
BEN-016186,Deir al-Balah,AID-2026-WS-618,civil rights,household,TRUE,SYNTH_ADVERSARY_V1
BEN-011238,Diffa,AID-2026-FS-207,human services,household,TRUE,SYNTH_ADVERSARY_V1
BEN-002590,Diffa,AID-2026-ED-512,disaster relief,individual,TRUE,SYNTH_ADVERSARY_V1
BEN-012164,Kassala,AID-2026-HL-330,medical,group,TRUE,SYNTH_ADVERSARY_V1
BEN-016753,Kassala,AID-2026-DR-114,disaster relief,group,TRUE,SYNTH_ADVERSARY_V1
BEN-005065,Kassala,AID-2026-SH-455,environment,household,TRUE,SYNTH_ADVERSARY_V1
BEN-025086,Kassala,AID-2026-WS-618,housing,household,TRUE,SYNTH_ADVERSARY_V1
BEN-000308,Kassala,AID-2026-WS-618,disaster relief,household,TRUE,SYNTH_ADVERSARY_V1
BEN-024349,Kassala,AID-2026-FS-207,food and agriculture,individual,TRUE,SYNTH_ADVERSARY_V1
BEN-023030,Kassala,AID-2026-DR-114,housing,household,TRUE,SYNTH_ADVERSARY_V1
BEN-023115,Kassala,AID-2026-SH-455,housing,household,TRUE,SYNTH_ADVERSARY_V1
BEN-016713,Kassala,AID-2026-WS-618,disaster relief,group,TRUE,SYNTH_ADVERSARY_V1
BEN-002216,Kassala,AID-2026-DR-114,housing,household,TRUE,SYNTH_ADVERSARY_V1
BEN-014220,Sitapur,AID-2026-ED-512,education,group,TRUE,SYNTH_ADVERSARY_V1
BEN-011733,Diffa,AID-2026-DR-114,disaster relief,individual,TRUE,SYNTH_ADVERSARY_V1
BEN-016905,Diffa,AID-2026-WS-618,international development,household,TRUE,SYNTH_ADVERSARY_V1
BEN-025406,Diffa,AID-2026-ED-512,civil rights,household,TRUE,SYNTH_ADVERSARY_V1
BEN-022136,Diffa,AID-2026-WS-618,civil rights,group,TRUE,SYNTH_ADVERSARY_V1
BEN-020981,Diffa,AID-2026-HL-330,food and agriculture,household,TRUE,SYNTH_ADVERSARY_V1
BEN-009428,Diffa,AID-2026-SH-455,youth development,individual,TRUE,SYNTH_ADVERSARY_V1
BEN-015008,Diffa,AID-2026-HL-330,civil rights,household,TRUE,SYNTH_ADVERSARY_V1
BEN-005676,Balrampur,AID-2026-HL-330,disaster relief,household,TRUE,SYNTH_ADVERSARY_V1
BEN-014738,Balrampur,AID-2026-HL-330,housing,individual,TRUE,SYNTH_ADVERSARY_V1
BEN-002469,Balrampur,AID-2026-SH-455,human services,household,TRUE,SYNTH_ADVERSARY_V1
BEN-010783,Balrampur,AID-2026-WS-618,environment,household,TRUE,SYNTH_ADVERSARY_V1
BEN-025515,Nyala,AID-2026-FS-207,youth development,household,TRUE,SYNTH_ADVERSARY_V1
BEN-022411,Balrampur,AID-2026-FS-207,youth development,individual,TRUE,SYNTH_ADVERSARY_V1
BEN-002819,Balrampur,AID-2026-WS-618,food and agriculture,individual,TRUE,SYNTH_ADVERSARY_V1
BEN-009604,Balrampur,AID-2026-SH-455,medical,household,TRUE,SYNTH_ADVERSARY_V1
BEN-025870,Balrampur,AID-2026-ED-512,education,household,TRUE,SYNTH_ADVERSARY_V1
BEN-008480,Wad Madani,AID-2026-HL-330,human services,group,TRUE,SYNTH_ADVERSARY_V1
BEN-012364,Deir al-Balah,AID-2026-SH-455,education,household,TRUE,SYNTH_ADVERSARY_V1
BEN-010114,Deir al-Balah,AID-2026-SH-455,human services,household,TRUE,SYNTH_ADVERSARY_V1
BEN-007021,Deir al-Balah,AID-2026-DR-114,civil rights,household,TRUE,SYNTH_ADVERSARY_V1
BEN-014612,Deir al-Balah,AID-2026-SH-455,human services,household,TRUE,SYNTH_ADVERSARY_V1
BEN-009033,Deir al-Balah,AID-2026-ED-512,disaster relief,household,TRUE,SYNTH_ADVERSARY_V1
BEN-003200,Deir al-Balah,AID-2026-FS-207,education,household,TRUE,SYNTH_ADVERSARY_V1
BEN-025080,Gaza North,AID-2026-ED-512,civil rights,household,TRUE,SYNTH_ADVERSARY_V1
BEN-002302,Gaza North,AID-2026-FS-207,international development,group,TRUE,SYNTH_ADVERSARY_V1
BEN-022000,Gaza North,AID-2026-FS-207,food and agriculture,group,TRUE,SYNTH_ADVERSARY_V1
BEN-008096,El Obeid,AID-2026-DR-114,medical,individual,TRUE,SYNTH_ADVERSARY_V1
BEN-020903,Gaza North,AID-2026-ED-512,international development,individual,TRUE,SYNTH_ADVERSARY_V1
BEN-004862,Gaza North,AID-2026-WS-618,human services,individual,TRUE,SYNTH_ADVERSARY_V1
BEN-013748,Nyala,AID-2026-HL-330,international development,individual,TRUE,SYNTH_ADVERSARY_V1
BEN-005118,Diffa,AID-2026-ED-512,youth development,household,TRUE,SYNTH_ADVERSARY_V1
BEN-018185,Gaza North,AID-2026-ED-512,education,household,TRUE,SYNTH_ADVERSARY_V1
BEN-011491,Gaza North,AID-2026-FS-207,medical,household,TRUE,SYNTH_ADVERSARY_V1
BEN-011464,Gaza North,AID-2026-ED-512,civil rights,household,TRUE,SYNTH_ADVERSARY_V1
BEN-001205,Gaza North,AID-2026-FS-207,youth development,household,TRUE,SYNTH_ADVERSARY_V1
BEN-014389,Gaza North,AID-2026-HL-330,housing,household,TRUE,SYNTH_ADVERSARY_V1
BEN-016073,Gaza North,AID-2026-ED-512,civil rights,household,TRUE,SYNTH_ADVERSARY_V1
BEN-021354,Gaza North,AID-2026-FS-207,education,group,TRUE,SYNTH_ADVERSARY_V1
BEN-005705,Gaza North,AID-2026-SH-455,food and agriculture,household,TRUE,SYNTH_ADVERSARY_V1
BEN-019106,Gaza North,AID-2026-FS-207,education,group,TRUE,SYNTH_ADVERSARY_V1
BEN-025983,Diffa,AID-2026-WS-618,youth development,household,TRUE,SYNTH_ADVERSARY_V1
BEN-008936,Nyala,AID-2026-ED-512,food and agriculture,group,TRUE,SYNTH_ADVERSARY_V1
BEN-001720,Khan Yunis,AID-2026-HL-330,food and agriculture,household,TRUE,SYNTH_ADVERSARY_V1
BEN-021222,Khan Yunis,AID-2026-SH-455,international development,group,TRUE,SYNTH_ADVERSARY_V1
BEN-019068,Khan Yunis,AID-2026-FS-207,medical,individual,TRUE,SYNTH_ADVERSARY_V1
BEN-015869,Khan Yunis,AID-2026-DR-114,youth development,household,TRUE,SYNTH_ADVERSARY_V1
BEN-022422,Khan Yunis,AID-2026-WS-618,education,household,TRUE,SYNTH_ADVERSARY_V1
BEN-011587,Khan Yunis,AID-2026-WS-618,education,household,TRUE,SYNTH_ADVERSARY_V1
BEN-018082,Sitapur,AID-2026-SH-455,environment,household,TRUE,SYNTH_ADVERSARY_V1
BEN-000756,Nyala,AID-2026-SH-455,housing,household,TRUE,SYNTH_ADVERSARY_V1
BEN-000876,Nyala,AID-2026-HL-330,education,group,TRUE,SYNTH_ADVERSARY_V1
BEN-023434,Nyala,AID-2026-FS-207,education,household,TRUE,SYNTH_ADVERSARY_V1
BEN-004683,Barabanki,AID-2026-WS-618,environment,individual,TRUE,SYNTH_ADVERSARY_V1
BEN-018152,Maradi,AID-2026-HL-330,international development,household,TRUE,SYNTH_ADVERSARY_V1
BEN-015778,Rafah,AID-2026-HL-330,medical,household,TRUE,SYNTH_ADVERSARY_V1
BEN-007296,Rafah,AID-2026-HL-330,housing,individual,TRUE,SYNTH_ADVERSARY_V1
BEN-013055,Barabanki,AID-2026-DR-114,human services,household,TRUE,SYNTH_ADVERSARY_V1
BEN-001355,Rafah,AID-2026-DR-114,civil rights,household,TRUE,SYNTH_ADVERSARY_V1
BEN-003591,Rafah,AID-2026-FS-207,education,individual,TRUE,SYNTH_ADVERSARY_V1
BEN-005200,Rafah,AID-2026-HL-330,international development,individual,TRUE,SYNTH_ADVERSARY_V1
BEN-021700,Rafah,AID-2026-HL-330,disaster relief,group,TRUE,SYNTH_ADVERSARY_V1
BEN-001144,Diffa,AID-2026-SH-455,youth development,group,TRUE,SYNTH_ADVERSARY_V1
BEN-017902,Rafah,AID-2026-HL-330,housing,group,TRUE,SYNTH_ADVERSARY_V1
BEN-018935,Rafah,AID-2026-ED-512,youth development,individual,TRUE,SYNTH_ADVERSARY_V1
BEN-012735,El Obeid,AID-2026-DR-114,youth development,individual,TRUE,SYNTH_ADVERSARY_V1
BEN-004928,El Obeid,AID-2026-SH-455,food and agriculture,household,TRUE,SYNTH_ADVERSARY_V1
BEN-015126,El Obeid,AID-2026-ED-512,environment,individual,TRUE,SYNTH_ADVERSARY_V1
BEN-008737,Nyala,AID-2026-DR-114,youth development,household,TRUE,SYNTH_ADVERSARY_V1
BEN-018608,El Obeid,AID-2026-HL-330,food and agriculture,household,TRUE,SYNTH_ADVERSARY_V1
BEN-017000,El Obeid,AID-2026-FS-207,housing,group,TRUE,SYNTH_ADVERSARY_V1
BEN-004693,El Obeid,AID-2026-DR-114,youth development,household,TRUE,SYNTH_ADVERSARY_V1
BEN-004991,El Obeid,AID-2026-ED-512,civil rights,household,TRUE,SYNTH_ADVERSARY_V1
BEN-022029,El Obeid,AID-2026-WS-618,youth development,household,TRUE,SYNTH_ADVERSARY_V1
BEN-017064,Khan Yunis,AID-2026-SH-455,disaster relief,household,TRUE,SYNTH_ADVERSARY_V1
BEN-020008,Khan Yunis,AID-2026-WS-618,food and agriculture,individual,TRUE,SYNTH_ADVERSARY_V1
BEN-011670,Khan Yunis,AID-2026-WS-618,civil rights,household,TRUE,SYNTH_ADVERSARY_V1
BEN-023880,Khan Yunis,AID-2026-SH-455,food and agriculture,household,TRUE,SYNTH_ADVERSARY_V1
BEN-024706,Khan Yunis,AID-2026-FS-207,disaster relief,individual,TRUE,SYNTH_ADVERSARY_V1
BEN-023455,Khan Yunis,AID-2026-SH-455,housing,household,TRUE,SYNTH_ADVERSARY_V1
BEN-010094,Khan Yunis,AID-2026-WS-618,medical,household,TRUE,SYNTH_ADVERSARY_V1
BEN-000325,Khan Yunis,AID-2026-SH-455,youth development,household,TRUE,SYNTH_ADVERSARY_V1
BEN-012040,Khan Yunis,AID-2026-ED-512,environment,household,TRUE,SYNTH_ADVERSARY_V1
BEN-004748,Khan Yunis,AID-2026-ED-512,youth development,household,TRUE,SYNTH_ADVERSARY_V1
BEN-023736,Balrampur,AID-2026-FS-207,environment,household,TRUE,SYNTH_ADVERSARY_V1
BEN-025732,Barabanki,AID-2026-HL-330,food and agriculture,household,TRUE,SYNTH_ADVERSARY_V1
BEN-001011,Cox's Bazar,AID-2026-WS-618,medical,individual,TRUE,SYNTH_ADVERSARY_V1
BEN-009760,Maradi,AID-2026-HL-330,disaster relief,household,TRUE,SYNTH_ADVERSARY_V1
BEN-003165,Barabanki,AID-2026-ED-512,youth development,individual,TRUE,SYNTH_ADVERSARY_V1
BEN-000084,Barabanki,AID-2026-HL-330,disaster relief,group,TRUE,SYNTH_ADVERSARY_V1
BEN-013205,Diffa,AID-2026-SH-455,food and agriculture,group,TRUE,SYNTH_ADVERSARY_V1
BEN-017178,Barabanki,AID-2026-FS-207,food and agriculture,household,TRUE,SYNTH_ADVERSARY_V1
BEN-002110,Diffa,AID-2026-WS-618,international development,household,TRUE,SYNTH_ADVERSARY_V1
BEN-011693,Diffa,AID-2026-FS-207,international development,group,TRUE,SYNTH_ADVERSARY_V1
BEN-018889,Diffa,AID-2026-ED-512,civil rights,group,TRUE,SYNTH_ADVERSARY_V1
BEN-019486,Diffa,AID-2026-FS-207,food and agriculture,individual,TRUE,SYNTH_ADVERSARY_V1
BEN-012804,Diffa,AID-2026-WS-618,medical,household,TRUE,SYNTH_ADVERSARY_V1
BEN-000539,Diffa,AID-2026-FS-207,education,household,TRUE,SYNTH_ADVERSARY_V1
BEN-010960,Diffa,AID-2026-SH-455,human services,group,TRUE,SYNTH_ADVERSARY_V1
BEN-024966,Balrampur,AID-2026-WS-618,food and agriculture,household,TRUE,SYNTH_ADVERSARY_V1
BEN-016775,Balrampur,AID-2026-HL-330,youth development,individual,TRUE,SYNTH_ADVERSARY_V1
BEN-020188,Balrampur,AID-2026-HL-330,international development,household,TRUE,SYNTH_ADVERSARY_V1
BEN-008635,Balrampur,AID-2026-DR-114,housing,household,TRUE,SYNTH_ADVERSARY_V1
BEN-025127,Balrampur,AID-2026-SH-455,disaster relief,household,TRUE,SYNTH_ADVERSARY_V1
BEN-014553,Balrampur,AID-2026-DR-114,medical,household,TRUE,SYNTH_ADVERSARY_V1
BEN-009043,Balrampur,AID-2026-DR-114,food and agriculture,household,TRUE,SYNTH_ADVERSARY_V1
BEN-022339,Balrampur,AID-2026-WS-618,environment,household,TRUE,SYNTH_ADVERSARY_V1
BEN-014165,Balrampur,AID-2026-DR-114,education,group,TRUE,SYNTH_ADVERSARY_V1
BEN-005246,Kassala,AID-2026-WS-618,food and agriculture,household,TRUE,SYNTH_ADVERSARY_V1
BEN-024683,Kassala,AID-2026-FS-207,environment,individual,TRUE,SYNTH_ADVERSARY_V1
BEN-008919,Balrampur,AID-2026-HL-330,civil rights,household,TRUE,SYNTH_ADVERSARY_V1
BEN-002876,Kassala,AID-2026-FS-207,youth development,individual,TRUE,SYNTH_ADVERSARY_V1
BEN-013775,Kassala,AID-2026-WS-618,disaster relief,individual,TRUE,SYNTH_ADVERSARY_V1
BEN-006333,Kassala,AID-2026-HL-330,international development,individual,TRUE,SYNTH_ADVERSARY_V1
BEN-015215,Kutupalong,AID-2026-ED-512,youth development,household,TRUE,SYNTH_ADVERSARY_V1
BEN-008158,Chitrakoot,AID-2026-WS-618,education,household,TRUE,SYNTH_ADVERSARY_V1
BEN-009788,Kutupalong,AID-2026-WS-618,international development,household,TRUE,SYNTH_ADVERSARY_V1
BEN-010181,Kutupalong,AID-2026-FS-207,education,individual,TRUE,SYNTH_ADVERSARY_V1
BEN-003665,Deir al-Balah,AID-2026-FS-207,education,household,TRUE,SYNTH_ADVERSARY_V1
BEN-015221,Kutupalong,AID-2026-ED-512,human services,household,TRUE,SYNTH_ADVERSARY_V1
BEN-011769,Kutupalong,AID-2026-SH-455,youth development,household,TRUE,SYNTH_ADVERSARY_V1
BEN-011936,Maradi,AID-2026-SH-455,civil rights,individual,TRUE,SYNTH_ADVERSARY_V1
BEN-023558,Kutupalong,AID-2026-WS-618,food and agriculture,individual,TRUE,SYNTH_ADVERSARY_V1
BEN-009768,Kutupalong,AID-2026-DR-114,food and agriculture,group,TRUE,SYNTH_ADVERSARY_V1
BEN-014371,El Obeid,AID-2026-DR-114,international development,household,TRUE,SYNTH_ADVERSARY_V1
BEN-022584,El Obeid,AID-2026-ED-512,disaster relief,individual,TRUE,SYNTH_ADVERSARY_V1
BEN-021282,Sitapur,AID-2026-DR-114,medical,household,TRUE,SYNTH_ADVERSARY_V1
BEN-008859,El Obeid,AID-2026-FS-207,education,household,TRUE,SYNTH_ADVERSARY_V1
BEN-023891,Barabanki,AID-2026-HL-330,environment,household,TRUE,SYNTH_ADVERSARY_V1
BEN-012958,El Obeid,AID-2026-FS-207,medical,group,TRUE,SYNTH_ADVERSARY_V1
BEN-011677,El Obeid,AID-2026-DR-114,human services,household,TRUE,SYNTH_ADVERSARY_V1
BEN-007504,El Obeid,AID-2026-SH-455,housing,household,TRUE,SYNTH_ADVERSARY_V1
BEN-008038,El Obeid,AID-2026-FS-207,human services,household,TRUE,SYNTH_ADVERSARY_V1
BEN-000786,Cox's Bazar,AID-2026-FS-207,civil rights,household,TRUE,SYNTH_ADVERSARY_V1
BEN-021857,El Obeid,AID-2026-HL-330,human services,household,TRUE,SYNTH_ADVERSARY_V1
BEN-022772,El Obeid,AID-2026-SH-455,human services,individual,TRUE,SYNTH_ADVERSARY_V1
BEN-009201,Rafah,AID-2026-ED-512,food and agriculture,group,TRUE,SYNTH_ADVERSARY_V1
BEN-006109,Rafah,AID-2026-DR-114,medical,individual,TRUE,SYNTH_ADVERSARY_V1
BEN-007321,Maradi,AID-2026-HL-330,human services,household,TRUE,SYNTH_ADVERSARY_V1
BEN-008495,Rafah,AID-2026-FS-207,food and agriculture,individual,TRUE,SYNTH_ADVERSARY_V1
BEN-004180,Cox's Bazar,AID-2026-SH-455,civil rights,individual,TRUE,SYNTH_ADVERSARY_V1
BEN-015728,Barabanki,AID-2026-ED-512,environment,household,TRUE,SYNTH_ADVERSARY_V1
BEN-008046,Rafah,AID-2026-FS-207,human services,individual,TRUE,SYNTH_ADVERSARY_V1
BEN-006429,Maradi,AID-2026-SH-455,housing,household,TRUE,SYNTH_ADVERSARY_V1
BEN-020540,Maradi,AID-2026-WS-618,youth development,group,TRUE,SYNTH_ADVERSARY_V1
BEN-010802,Maradi,AID-2026-DR-114,international development,household,TRUE,SYNTH_ADVERSARY_V1
BEN-002022,Maradi,AID-2026-DR-114,youth development,household,TRUE,SYNTH_ADVERSARY_V1
BEN-023466,Maradi,AID-2026-SH-455,education,household,TRUE,SYNTH_ADVERSARY_V1
BEN-006491,Maradi,AID-2026-HL-330,environment,group,TRUE,SYNTH_ADVERSARY_V1
BEN-012065,Maradi,AID-2026-WS-618,disaster relief,individual,TRUE,SYNTH_ADVERSARY_V1
BEN-011381,Kutupalong,AID-2026-WS-618,human services,household,TRUE,SYNTH_ADVERSARY_V1
BEN-001085,Khan Yunis,AID-2026-SH-455,food and agriculture,household,TRUE,SYNTH_ADVERSARY_V1
BEN-010365,Rafah,AID-2026-FS-207,disaster relief,household,TRUE,SYNTH_ADVERSARY_V1
BEN-023571,Kassala,AID-2026-ED-512,disaster relief,household,TRUE,SYNTH_ADVERSARY_V1
BEN-011021,Kassala,AID-2026-ED-512,education,household,TRUE,SYNTH_ADVERSARY_V1
BEN-001236,Kassala,AID-2026-FS-207,civil rights,individual,TRUE,SYNTH_ADVERSARY_V1
BEN-004573,Kassala,AID-2026-ED-512,environment,group,TRUE,SYNTH_ADVERSARY_V1
BEN-003490,Kassala,AID-2026-ED-512,disaster relief,individual,TRUE,SYNTH_ADVERSARY_V1
BEN-024598,Kassala,AID-2026-DR-114,human services,group,TRUE,SYNTH_ADVERSARY_V1
BEN-021849,Gaza North,AID-2026-HL-330,disaster relief,group,TRUE,SYNTH_ADVERSARY_V1
BEN-020219,Cox's Bazar,AID-2026-DR-114,education,household,TRUE,SYNTH_ADVERSARY_V1
BEN-011112,Cox's Bazar,AID-2026-WS-618,environment,individual,TRUE,SYNTH_ADVERSARY_V1
BEN-025468,Cox's Bazar,AID-2026-WS-618,housing,household,TRUE,SYNTH_ADVERSARY_V1
BEN-023317,Cox's Bazar,AID-2026-ED-512,human services,household,TRUE,SYNTH_ADVERSARY_V1
BEN-012959,Cox's Bazar,AID-2026-ED-512,education,individual,TRUE,SYNTH_ADVERSARY_V1
BEN-013745,Wad Madani,AID-2026-WS-618,medical,household,TRUE,SYNTH_ADVERSARY_V1
BEN-012854,Wad Madani,AID-2026-HL-330,human services,household,TRUE,SYNTH_ADVERSARY_V1
BEN-005852,Wad Madani,AID-2026-DR-114,disaster relief,household,TRUE,SYNTH_ADVERSARY_V1
BEN-019039,Wad Madani,AID-2026-HL-330,international development,household,TRUE,SYNTH_ADVERSARY_V1
BEN-023554,Wad Madani,AID-2026-ED-512,food and agriculture,household,TRUE,SYNTH_ADVERSARY_V1
BEN-003357,Wad Madani,AID-2026-FS-207,disaster relief,household,TRUE,SYNTH_ADVERSARY_V1
BEN-012692,Wad Madani,AID-2026-FS-207,disaster relief,household,TRUE,SYNTH_ADVERSARY_V1
BEN-025150,Diffa,AID-2026-ED-512,disaster relief,household,TRUE,SYNTH_ADVERSARY_V1
BEN-007790,Diffa,AID-2026-SH-455,civil rights,household,TRUE,SYNTH_ADVERSARY_V1
BEN-011162,Diffa,AID-2026-FS-207,medical,household,TRUE,SYNTH_ADVERSARY_V1
BEN-024414,Diffa,AID-2026-DR-114,environment,group,TRUE,SYNTH_ADVERSARY_V1
BEN-013353,Diffa,AID-2026-WS-618,environment,household,TRUE,SYNTH_ADVERSARY_V1
BEN-018769,Diffa,AID-2026-SH-455,disaster relief,household,TRUE,SYNTH_ADVERSARY_V1
BEN-013652,Diffa,AID-2026-ED-512,food and agriculture,household,TRUE,SYNTH_ADVERSARY_V1
BEN-006635,Diffa,AID-2026-HL-330,human services,household,TRUE,SYNTH_ADVERSARY_V1
BEN-007018,Diffa,AID-2026-ED-512,education,household,TRUE,SYNTH_ADVERSARY_V1
BEN-008073,Diffa,AID-2026-WS-618,education,individual,TRUE,SYNTH_ADVERSARY_V1
BEN-014666,Diffa,AID-2026-SH-455,human services,household,TRUE,SYNTH_ADVERSARY_V1
BEN-023019,Diffa,AID-2026-DR-114,medical,household,TRUE,SYNTH_ADVERSARY_V1
BEN-013977,Balrampur,AID-2026-DR-114,disaster relief,household,TRUE,SYNTH_ADVERSARY_V1
BEN-007649,Balrampur,AID-2026-DR-114,medical,individual,TRUE,SYNTH_ADVERSARY_V1
BEN-023163,Balrampur,AID-2026-WS-618,environment,household,TRUE,SYNTH_ADVERSARY_V1
BEN-021491,Balrampur,AID-2026-SH-455,civil rights,household,TRUE,SYNTH_ADVERSARY_V1
BEN-017427,Chitrakoot,AID-2026-FS-207,human services,household,TRUE,SYNTH_ADVERSARY_V1
BEN-025815,Diffa,AID-2026-HL-330,international development,individual,TRUE,SYNTH_ADVERSARY_V1
BEN-024726,Balrampur,AID-2026-HL-330,human services,individual,TRUE,SYNTH_ADVERSARY_V1
BEN-016580,Balrampur,AID-2026-DR-114,disaster relief,group,TRUE,SYNTH_ADVERSARY_V1
BEN-008980,Diffa,AID-2026-WS-618,food and agriculture,individual,TRUE,SYNTH_ADVERSARY_V1
BEN-002202,Balrampur,AID-2026-DR-114,environment,household,TRUE,SYNTH_ADVERSARY_V1
BEN-024393,Balrampur,AID-2026-FS-207,food and agriculture,individual,TRUE,SYNTH_ADVERSARY_V1
BEN-009372,Gaza North,AID-2026-ED-512,environment,individual,TRUE,SYNTH_ADVERSARY_V1
BEN-024153,Balrampur,AID-2026-SH-455,youth development,group,TRUE,SYNTH_ADVERSARY_V1
BEN-015029,Kassala,AID-2026-WS-618,international development,individual,TRUE,SYNTH_ADVERSARY_V1
BEN-006344,Rafah,AID-2026-HL-330,environment,individual,TRUE,SYNTH_ADVERSARY_V1
BEN-010408,Rafah,AID-2026-DR-114,medical,household,TRUE,SYNTH_ADVERSARY_V1
BEN-015970,Rafah,AID-2026-FS-207,international development,household,TRUE,SYNTH_ADVERSARY_V1
BEN-007245,Rafah,AID-2026-DR-114,housing,individual,TRUE,SYNTH_ADVERSARY_V1
BEN-013399,Gaza North,AID-2026-FS-207,environment,individual,TRUE,SYNTH_ADVERSARY_V1
BEN-022861,Rafah,AID-2026-ED-512,human services,individual,TRUE,SYNTH_ADVERSARY_V1
BEN-020208,Maradi,AID-2026-ED-512,environment,household,TRUE,SYNTH_ADVERSARY_V1
BEN-023708,Rafah,AID-2026-FS-207,civil rights,household,TRUE,SYNTH_ADVERSARY_V1
BEN-012272,Rafah,AID-2026-FS-207,food and agriculture,individual,TRUE,SYNTH_ADVERSARY_V1
BEN-004053,Gaza North,AID-2026-ED-512,environment,individual,TRUE,SYNTH_ADVERSARY_V1
BEN-000246,Rafah,AID-2026-SH-455,human services,individual,TRUE,SYNTH_ADVERSARY_V1
BEN-006844,Cox's Bazar,AID-2026-FS-207,food and agriculture,household,TRUE,SYNTH_ADVERSARY_V1
BEN-008637,Cox's Bazar,AID-2026-FS-207,food and agriculture,household,TRUE,SYNTH_ADVERSARY_V1
BEN-000332,Barabanki,AID-2026-WS-618,environment,individual,TRUE,SYNTH_ADVERSARY_V1
BEN-007067,Cox's Bazar,AID-2026-DR-114,human services,household,TRUE,SYNTH_ADVERSARY_V1
BEN-009579,Cox's Bazar,AID-2026-HL-330,international development,individual,TRUE,SYNTH_ADVERSARY_V1
BEN-012838,Cox's Bazar,AID-2026-SH-455,education,household,TRUE,SYNTH_ADVERSARY_V1
BEN-008393,Cox's Bazar,AID-2026-ED-512,housing,group,TRUE,SYNTH_ADVERSARY_V1
BEN-003140,Cox's Bazar,AID-2026-WS-618,environment,individual,TRUE,SYNTH_ADVERSARY_V1
BEN-021569,Cox's Bazar,AID-2026-SH-455,youth development,household,TRUE,SYNTH_ADVERSARY_V1
BEN-005780,Cox's Bazar,AID-2026-HL-330,human services,household,TRUE,SYNTH_ADVERSARY_V1
BEN-006457,Cox's Bazar,AID-2026-WS-618,international development,household,TRUE,SYNTH_ADVERSARY_V1
BEN-015207,Cox's Bazar,AID-2026-DR-114,food and agriculture,group,TRUE,SYNTH_ADVERSARY_V1
BEN-025237,Cox's Bazar,AID-2026-FS-207,education,group,TRUE,SYNTH_ADVERSARY_V1
BEN-000473,Cox's Bazar,AID-2026-SH-455,youth development,individual,TRUE,SYNTH_ADVERSARY_V1
BEN-000991,Cox's Bazar,AID-2026-FS-207,human services,household,TRUE,SYNTH_ADVERSARY_V1
BEN-005767,Cox's Bazar,AID-2026-ED-512,disaster relief,household,TRUE,SYNTH_ADVERSARY_V1
BEN-010913,Cox's Bazar,AID-2026-FS-207,civil rights,household,TRUE,SYNTH_ADVERSARY_V1
BEN-015069,Cox's Bazar,AID-2026-WS-618,international development,household,TRUE,SYNTH_ADVERSARY_V1
BEN-017569,Cox's Bazar,AID-2026-DR-114,environment,household,TRUE,SYNTH_ADVERSARY_V1
BEN-024015,Khan Yunis,AID-2026-DR-114,civil rights,individual,TRUE,SYNTH_ADVERSARY_V1
BEN-009742,Wad Madani,AID-2026-SH-455,human services,household,TRUE,SYNTH_ADVERSARY_V1
BEN-019597,Barabanki,AID-2026-WS-618,medical,household,TRUE,SYNTH_ADVERSARY_V1
BEN-025785,Diffa,AID-2026-ED-512,disaster relief,household,TRUE,SYNTH_ADVERSARY_V1
BEN-025474,Diffa,AID-2026-DR-114,youth development,individual,TRUE,SYNTH_ADVERSARY_V1
BEN-008816,Diffa,AID-2026-SH-455,housing,household,TRUE,SYNTH_ADVERSARY_V1
BEN-007931,Diffa,AID-2026-SH-455,education,household,TRUE,SYNTH_ADVERSARY_V1
BEN-002903,Diffa,AID-2026-HL-330,international development,individual,TRUE,SYNTH_ADVERSARY_V1
BEN-019253,Diffa,AID-2026-WS-618,housing,household,TRUE,SYNTH_ADVERSARY_V1
BEN-014685,Diffa,AID-2026-FS-207,international development,household,TRUE,SYNTH_ADVERSARY_V1
BEN-017942,Diffa,AID-2026-FS-207,youth development,household,TRUE,SYNTH_ADVERSARY_V1
BEN-004775,Wad Madani,AID-2026-ED-512,civil rights,individual,TRUE,SYNTH_ADVERSARY_V1
BEN-001324,Barabanki,AID-2026-DR-114,housing,group,TRUE,SYNTH_ADVERSARY_V1
BEN-013535,Kassala,AID-2026-WS-618,food and agriculture,individual,TRUE,SYNTH_ADVERSARY_V1
BEN-008141,Kassala,AID-2026-FS-207,education,individual,TRUE,SYNTH_ADVERSARY_V1
BEN-017332,Kassala,AID-2026-DR-114,education,household,TRUE,SYNTH_ADVERSARY_V1
BEN-017661,Kassala,AID-2026-ED-512,civil rights,individual,TRUE,SYNTH_ADVERSARY_V1
BEN-023849,Khan Yunis,AID-2026-SH-455,civil rights,household,TRUE,SYNTH_ADVERSARY_V1
BEN-011155,Wad Madani,AID-2026-HL-330,food and agriculture,individual,TRUE,SYNTH_ADVERSARY_V1
BEN-019255,Khan Yunis,AID-2026-SH-455,education,household,TRUE,SYNTH_ADVERSARY_V1
BEN-012938,Khan Yunis,AID-2026-ED-512,environment,household,TRUE,SYNTH_ADVERSARY_V1
BEN-007255,Khan Yunis,AID-2026-DR-114,disaster relief,household,TRUE,SYNTH_ADVERSARY_V1
BEN-018803,Khan Yunis,AID-2026-FS-207,housing,household,TRUE,SYNTH_ADVERSARY_V1
BEN-015776,Khan Yunis,AID-2026-DR-114,international development,household,TRUE,SYNTH_ADVERSARY_V1
BEN-011708,Khan Yunis,AID-2026-DR-114,human services,household,TRUE,SYNTH_ADVERSARY_V1
BEN-018102,Khan Yunis,AID-2026-DR-114,disaster relief,household,TRUE,SYNTH_ADVERSARY_V1
BEN-007496,Rafah,AID-2026-SH-455,environment,individual,TRUE,SYNTH_ADVERSARY_V1
BEN-018444,Rafah,AID-2026-HL-330,food and agriculture,household,TRUE,SYNTH_ADVERSARY_V1
BEN-017774,Rafah,AID-2026-WS-618,civil rights,individual,TRUE,SYNTH_ADVERSARY_V1
BEN-009650,Rafah,AID-2026-FS-207,human services,group,TRUE,SYNTH_ADVERSARY_V1
BEN-002999,Rafah,AID-2026-SH-455,youth development,group,TRUE,SYNTH_ADVERSARY_V1
BEN-000737,Rafah,AID-2026-WS-618,human services,household,TRUE,SYNTH_ADVERSARY_V1
BEN-018755,Rafah,AID-2026-ED-512,civil rights,household,TRUE,SYNTH_ADVERSARY_V1
BEN-013779,Rafah,AID-2026-SH-455,education,household,TRUE,SYNTH_ADVERSARY_V1
BEN-018834,Chitrakoot,AID-2026-ED-512,environment,household,TRUE,SYNTH_ADVERSARY_V1
BEN-020998,Rafah,AID-2026-SH-455,youth development,household,TRUE,SYNTH_ADVERSARY_V1
BEN-009011,Rafah,AID-2026-HL-330,food and agriculture,individual,TRUE,SYNTH_ADVERSARY_V1
BEN-014336,Wad Madani,AID-2026-FS-207,human services,household,TRUE,SYNTH_ADVERSARY_V1
BEN-022705,Sitapur,AID-2026-DR-114,housing,group,TRUE,SYNTH_ADVERSARY_V1
BEN-014986,Sitapur,AID-2026-HL-330,environment,individual,TRUE,SYNTH_ADVERSARY_V1
BEN-002280,Sitapur,AID-2026-WS-618,civil rights,group,TRUE,SYNTH_ADVERSARY_V1
BEN-003598,Sitapur,AID-2026-HL-330,medical,individual,TRUE,SYNTH_ADVERSARY_V1
BEN-018674,Sitapur,AID-2026-DR-114,medical,household,TRUE,SYNTH_ADVERSARY_V1
BEN-012206,Sitapur,AID-2026-ED-512,food and agriculture,household,TRUE,SYNTH_ADVERSARY_V1
BEN-012528,Sitapur,AID-2026-SH-455,human services,household,TRUE,SYNTH_ADVERSARY_V1
BEN-019485,Sitapur,AID-2026-ED-512,housing,household,TRUE,SYNTH_ADVERSARY_V1
BEN-017708,Sitapur,AID-2026-ED-512,education,household,TRUE,SYNTH_ADVERSARY_V1
BEN-009900,Sitapur,AID-2026-FS-207,medical,household,TRUE,SYNTH_ADVERSARY_V1
BEN-002616,Balrampur,AID-2026-ED-512,education,individual,TRUE,SYNTH_ADVERSARY_V1
BEN-001481,Nyala,AID-2026-FS-207,international development,individual,TRUE,SYNTH_ADVERSARY_V1
BEN-005346,Diffa,AID-2026-SH-455,education,individual,TRUE,SYNTH_ADVERSARY_V1
BEN-005979,Nyala,AID-2026-WS-618,disaster relief,individual,TRUE,SYNTH_ADVERSARY_V1
BEN-014262,Nyala,AID-2026-DR-114,food and agriculture,group,TRUE,SYNTH_ADVERSARY_V1
BEN-003376,Nyala,AID-2026-FS-207,international development,individual,TRUE,SYNTH_ADVERSARY_V1
BEN-017791,Nyala,AID-2026-FS-207,food and agriculture,household,TRUE,SYNTH_ADVERSARY_V1
BEN-002701,Wad Madani,AID-2026-WS-618,disaster relief,individual,TRUE,SYNTH_ADVERSARY_V1
BEN-001780,Wad Madani,AID-2026-FS-207,human services,individual,TRUE,SYNTH_ADVERSARY_V1
BEN-021534,Wad Madani,AID-2026-HL-330,youth development,household,TRUE,SYNTH_ADVERSARY_V1
BEN-022658,Gaza North,AID-2026-WS-618,civil rights,household,TRUE,SYNTH_ADVERSARY_V1
BEN-008998,Wad Madani,AID-2026-FS-207,food and agriculture,household,TRUE,SYNTH_ADVERSARY_V1
BEN-014032,Wad Madani,AID-2026-ED-512,housing,household,TRUE,SYNTH_ADVERSARY_V1
BEN-014246,Wad Madani,AID-2026-ED-512,housing,household,TRUE,SYNTH_ADVERSARY_V1
BEN-003093,Wad Madani,AID-2026-FS-207,medical,household,TRUE,SYNTH_ADVERSARY_V1
BEN-004372,Rafah,AID-2026-WS-618,civil rights,household,TRUE,SYNTH_ADVERSARY_V1
BEN-008818,Wad Madani,AID-2026-SH-455,environment,household,TRUE,SYNTH_ADVERSARY_V1
BEN-022580,Wad Madani,AID-2026-ED-512,housing,household,TRUE,SYNTH_ADVERSARY_V1
BEN-024654,Wad Madani,AID-2026-FS-207,food and agriculture,household,TRUE,SYNTH_ADVERSARY_V1
BEN-014380,Wad Madani,AID-2026-FS-207,medical,group,TRUE,SYNTH_ADVERSARY_V1
BEN-002621,Khan Yunis,AID-2026-ED-512,housing,household,TRUE,SYNTH_ADVERSARY_V1
BEN-002517,Khan Yunis,AID-2026-WS-618,international development,individual,TRUE,SYNTH_ADVERSARY_V1
BEN-011235,Diffa,AID-2026-FS-207,education,household,TRUE,SYNTH_ADVERSARY_V1
BEN-018182,Khan Yunis,AID-2026-HL-330,housing,household,TRUE,SYNTH_ADVERSARY_V1
BEN-005672,Khan Yunis,AID-2026-DR-114,environment,group,TRUE,SYNTH_ADVERSARY_V1
BEN-008263,Khan Yunis,AID-2026-ED-512,education,household,TRUE,SYNTH_ADVERSARY_V1
BEN-007621,Khan Yunis,AID-2026-FS-207,housing,household,TRUE,SYNTH_ADVERSARY_V1
BEN-023341,Khan Yunis,AID-2026-SH-455,human services,household,TRUE,SYNTH_ADVERSARY_V1
BEN-014690,Khan Yunis,AID-2026-SH-455,housing,household,TRUE,SYNTH_ADVERSARY_V1
BEN-011416,Khan Yunis,AID-2026-WS-618,food and agriculture,group,TRUE,SYNTH_ADVERSARY_V1
BEN-001569,Balrampur,AID-2026-HL-330,environment,household,TRUE,SYNTH_ADVERSARY_V1
BEN-025370,Sitapur,AID-2026-WS-618,civil rights,household,TRUE,SYNTH_ADVERSARY_V1
BEN-003509,Khan Yunis,AID-2026-SH-455,disaster relief,group,TRUE,SYNTH_ADVERSARY_V1
BEN-004056,Deir al-Balah,AID-2026-FS-207,human services,individual,TRUE,SYNTH_ADVERSARY_V1
BEN-014578,Sitapur,AID-2026-ED-512,education,group,TRUE,SYNTH_ADVERSARY_V1
BEN-000298,Sitapur,AID-2026-SH-455,civil rights,household,TRUE,SYNTH_ADVERSARY_V1
BEN-021394,Sitapur,AID-2026-SH-455,food and agriculture,group,TRUE,SYNTH_ADVERSARY_V1
BEN-015669,Gaza North,AID-2026-FS-207,international development,individual,TRUE,SYNTH_ADVERSARY_V1
BEN-022064,Diffa,AID-2026-SH-455,medical,group,TRUE,SYNTH_ADVERSARY_V1
BEN-000011,Gaza North,AID-2026-WS-618,youth development,household,TRUE,SYNTH_ADVERSARY_V1
BEN-023725,Gaza North,AID-2026-HL-330,international development,group,TRUE,SYNTH_ADVERSARY_V1
BEN-012139,Gaza North,AID-2026-FS-207,education,individual,TRUE,SYNTH_ADVERSARY_V1
BEN-008107,Cox's Bazar,AID-2026-FS-207,youth development,group,TRUE,SYNTH_ADVERSARY_V1
BEN-007444,Gaza North,AID-2026-WS-618,medical,individual,TRUE,SYNTH_ADVERSARY_V1
BEN-007043,Gaza North,AID-2026-DR-114,civil rights,household,TRUE,SYNTH_ADVERSARY_V1
BEN-019508,Sitapur,AID-2026-SH-455,medical,household,TRUE,SYNTH_ADVERSARY_V1
BEN-015771,Sitapur,AID-2026-DR-114,food and agriculture,household,TRUE,SYNTH_ADVERSARY_V1
BEN-008048,Sitapur,AID-2026-HL-330,youth development,household,TRUE,SYNTH_ADVERSARY_V1
BEN-024788,Sitapur,AID-2026-HL-330,food and agriculture,group,TRUE,SYNTH_ADVERSARY_V1
BEN-018709,Sitapur,AID-2026-ED-512,food and agriculture,group,TRUE,SYNTH_ADVERSARY_V1
BEN-009672,Kutupalong,AID-2026-FS-207,medical,individual,TRUE,SYNTH_ADVERSARY_V1
BEN-015750,Gaza North,AID-2026-SH-455,youth development,individual,TRUE,SYNTH_ADVERSARY_V1
BEN-002629,Sitapur,AID-2026-SH-455,international development,household,TRUE,SYNTH_ADVERSARY_V1
BEN-025054,Sitapur,AID-2026-DR-114,housing,household,TRUE,SYNTH_ADVERSARY_V1
BEN-012801,Diffa,AID-2026-FS-207,housing,group,TRUE,SYNTH_ADVERSARY_V1
BEN-025799,Diffa,AID-2026-DR-114,human services,household,TRUE,SYNTH_ADVERSARY_V1
BEN-022862,Rafah,AID-2026-WS-618,human services,household,TRUE,SYNTH_ADVERSARY_V1
BEN-017500,Diffa,AID-2026-HL-330,disaster relief,individual,TRUE,SYNTH_ADVERSARY_V1
BEN-009594,Diffa,AID-2026-ED-512,youth development,individual,TRUE,SYNTH_ADVERSARY_V1
BEN-020942,Diffa,AID-2026-DR-114,civil rights,group,TRUE,SYNTH_ADVERSARY_V1
BEN-011157,Diffa,AID-2026-SH-455,civil rights,individual,TRUE,SYNTH_ADVERSARY_V1
BEN-004014,Khan Yunis,AID-2026-DR-114,food and agriculture,household,TRUE,SYNTH_ADVERSARY_V1
BEN-007222,Diffa,AID-2026-WS-618,youth development,group,TRUE,SYNTH_ADVERSARY_V1
BEN-007357,Maradi,AID-2026-SH-455,food and agriculture,individual,TRUE,SYNTH_ADVERSARY_V1
BEN-012765,Maradi,AID-2026-HL-330,youth development,group,TRUE,SYNTH_ADVERSARY_V1
BEN-006410,Maradi,AID-2026-HL-330,civil rights,individual,TRUE,SYNTH_ADVERSARY_V1
BEN-004114,El Obeid,AID-2026-FS-207,disaster relief,individual,TRUE,SYNTH_ADVERSARY_V1
BEN-021388,Maradi,AID-2026-SH-455,housing,household,TRUE,SYNTH_ADVERSARY_V1
BEN-011069,Maradi,AID-2026-HL-330,human services,household,TRUE,SYNTH_ADVERSARY_V1
BEN-014362,Maradi,AID-2026-ED-512,international development,household,TRUE,SYNTH_ADVERSARY_V1
BEN-008823,Maradi,AID-2026-SH-455,education,group,TRUE,SYNTH_ADVERSARY_V1
BEN-009701,Maradi,AID-2026-HL-330,environment,individual,TRUE,SYNTH_ADVERSARY_V1
BEN-006045,Maradi,AID-2026-FS-207,food and agriculture,household,TRUE,SYNTH_ADVERSARY_V1
BEN-001866,Chitrakoot,AID-2026-FS-207,food and agriculture,household,TRUE,SYNTH_ADVERSARY_V1
BEN-005252,Chitrakoot,AID-2026-ED-512,education,household,TRUE,SYNTH_ADVERSARY_V1
BEN-003692,Chitrakoot,AID-2026-DR-114,civil rights,individual,TRUE,SYNTH_ADVERSARY_V1
BEN-012533,Chitrakoot,AID-2026-SH-455,international development,group,TRUE,SYNTH_ADVERSARY_V1
BEN-020497,Chitrakoot,AID-2026-SH-455,disaster relief,individual,TRUE,SYNTH_ADVERSARY_V1
BEN-000840,Chitrakoot,AID-2026-SH-455,food and agriculture,group,TRUE,SYNTH_ADVERSARY_V1
BEN-020752,Cox's Bazar,AID-2026-SH-455,human services,individual,TRUE,SYNTH_ADVERSARY_V1
BEN-000265,Cox's Bazar,AID-2026-HL-330,international development,household,TRUE,SYNTH_ADVERSARY_V1
BEN-025076,Cox's Bazar,AID-2026-ED-512,education,group,TRUE,SYNTH_ADVERSARY_V1
BEN-024504,Cox's Bazar,AID-2026-DR-114,human services,individual,TRUE,SYNTH_ADVERSARY_V1
BEN-009336,Chitrakoot,AID-2026-DR-114,medical,household,TRUE,SYNTH_ADVERSARY_V1
BEN-011051,Cox's Bazar,AID-2026-FS-207,housing,group,TRUE,SYNTH_ADVERSARY_V1
BEN-016100,El Obeid,AID-2026-DR-114,civil rights,household,TRUE,SYNTH_ADVERSARY_V1
BEN-024387,El Obeid,AID-2026-SH-455,education,group,TRUE,SYNTH_ADVERSARY_V1
BEN-015071,El Obeid,AID-2026-WS-618,medical,household,TRUE,SYNTH_ADVERSARY_V1
BEN-005749,El Obeid,AID-2026-SH-455,international development,household,TRUE,SYNTH_ADVERSARY_V1
BEN-018471,El Obeid,AID-2026-HL-330,disaster relief,group,TRUE,SYNTH_ADVERSARY_V1
BEN-005186,El Obeid,AID-2026-ED-512,human services,individual,TRUE,SYNTH_ADVERSARY_V1
BEN-018535,Gaza North,AID-2026-ED-512,international development,household,TRUE,SYNTH_ADVERSARY_V1
BEN-019624,El Obeid,AID-2026-WS-618,medical,household,TRUE,SYNTH_ADVERSARY_V1
BEN-011203,Nyala,AID-2026-SH-455,housing,household,TRUE,SYNTH_ADVERSARY_V1
BEN-022274,Chitrakoot,AID-2026-SH-455,food and agriculture,group,TRUE,SYNTH_ADVERSARY_V1
BEN-020384,El Obeid,AID-2026-WS-618,environment,individual,TRUE,SYNTH_ADVERSARY_V1
BEN-016978,Kassala,AID-2026-WS-618,human services,group,TRUE,SYNTH_ADVERSARY_V1
BEN-000338,Diffa,AID-2026-WS-618,environment,individual,TRUE,SYNTH_ADVERSARY_V1
BEN-020314,Diffa,AID-2026-DR-114,human services,household,TRUE,SYNTH_ADVERSARY_V1
BEN-004115,Diffa,AID-2026-ED-512,civil rights,household,TRUE,SYNTH_ADVERSARY_V1
BEN-019976,Rafah,AID-2026-HL-330,education,household,TRUE,SYNTH_ADVERSARY_V1
BEN-018262,Diffa,AID-2026-ED-512,medical,group,TRUE,SYNTH_ADVERSARY_V1
BEN-014676,Wad Madani,AID-2026-DR-114,food and agriculture,individual,TRUE,SYNTH_ADVERSARY_V1
BEN-002396,Cox's Bazar,AID-2026-WS-618,environment,individual,TRUE,SYNTH_ADVERSARY_V1
BEN-010099,Cox's Bazar,AID-2026-ED-512,human services,household,TRUE,SYNTH_ADVERSARY_V1
BEN-019440,Cox's Bazar,AID-2026-SH-455,international development,group,TRUE,SYNTH_ADVERSARY_V1
BEN-019424,Cox's Bazar,AID-2026-FS-207,environment,household,TRUE,SYNTH_ADVERSARY_V1
BEN-012381,Cox's Bazar,AID-2026-DR-114,medical,household,TRUE,SYNTH_ADVERSARY_V1
BEN-001284,Cox's Bazar,AID-2026-HL-330,youth development,household,TRUE,SYNTH_ADVERSARY_V1
BEN-004364,Cox's Bazar,AID-2026-WS-618,housing,group,TRUE,SYNTH_ADVERSARY_V1
BEN-000956,Cox's Bazar,AID-2026-SH-455,civil rights,individual,TRUE,SYNTH_ADVERSARY_V1
BEN-009873,Cox's Bazar,AID-2026-HL-330,housing,individual,TRUE,SYNTH_ADVERSARY_V1
BEN-016598,Deir al-Balah,AID-2026-WS-618,education,household,TRUE,SYNTH_ADVERSARY_V1
BEN-008166,Deir al-Balah,AID-2026-FS-207,food and agriculture,household,TRUE,SYNTH_ADVERSARY_V1
BEN-024514,Deir al-Balah,AID-2026-ED-512,housing,group,TRUE,SYNTH_ADVERSARY_V1
BEN-019952,Deir al-Balah,AID-2026-ED-512,environment,household,TRUE,SYNTH_ADVERSARY_V1
BEN-013728,Deir al-Balah,AID-2026-HL-330,environment,household,TRUE,SYNTH_ADVERSARY_V1
BEN-013565,Deir al-Balah,AID-2026-DR-114,medical,individual,TRUE,SYNTH_ADVERSARY_V1
BEN-018334,Chitrakoot,AID-2026-FS-207,human services,household,TRUE,SYNTH_ADVERSARY_V1
BEN-014589,Deir al-Balah,AID-2026-DR-114,disaster relief,group,TRUE,SYNTH_ADVERSARY_V1
BEN-010140,Kassala,AID-2026-HL-330,human services,individual,TRUE,SYNTH_ADVERSARY_V1
BEN-014962,Kassala,AID-2026-HL-330,environment,individual,TRUE,SYNTH_ADVERSARY_V1
BEN-020726,Kassala,AID-2026-WS-618,environment,individual,TRUE,SYNTH_ADVERSARY_V1
BEN-013646,Sitapur,AID-2026-ED-512,medical,household,TRUE,SYNTH_ADVERSARY_V1
BEN-009816,Kassala,AID-2026-WS-618,medical,individual,TRUE,SYNTH_ADVERSARY_V1
BEN-014242,Rafah,AID-2026-FS-207,human services,individual,TRUE,SYNTH_ADVERSARY_V1
BEN-021669,Kassala,AID-2026-FS-207,medical,household,TRUE,SYNTH_ADVERSARY_V1
BEN-012106,Kassala,AID-2026-FS-207,food and agriculture,individual,TRUE,SYNTH_ADVERSARY_V1
BEN-018657,Kassala,AID-2026-WS-618,youth development,household,TRUE,SYNTH_ADVERSARY_V1
BEN-018695,Kassala,AID-2026-ED-512,food and agriculture,household,TRUE,SYNTH_ADVERSARY_V1
BEN-010681,Nyala,AID-2026-WS-618,environment,household,TRUE,SYNTH_ADVERSARY_V1
BEN-002647,Barabanki,AID-2026-FS-207,housing,household,TRUE,SYNTH_ADVERSARY_V1
BEN-008931,Nyala,AID-2026-HL-330,disaster relief,individual,TRUE,SYNTH_ADVERSARY_V1
BEN-021268,Nyala,AID-2026-WS-618,housing,individual,TRUE,SYNTH_ADVERSARY_V1
BEN-002643,Nyala,AID-2026-DR-114,environment,household,TRUE,SYNTH_ADVERSARY_V1
BEN-013946,Nyala,AID-2026-DR-114,international development,household,TRUE,SYNTH_ADVERSARY_V1
BEN-006587,Nyala,AID-2026-FS-207,education,individual,TRUE,SYNTH_ADVERSARY_V1
BEN-010179,Maradi,AID-2026-DR-114,international development,group,TRUE,SYNTH_ADVERSARY_V1
BEN-007317,Nyala,AID-2026-DR-114,housing,household,TRUE,SYNTH_ADVERSARY_V1
BEN-015641,Nyala,AID-2026-ED-512,environment,household,TRUE,SYNTH_ADVERSARY_V1
BEN-025464,Nyala,AID-2026-ED-512,food and agriculture,individual,TRUE,SYNTH_ADVERSARY_V1
BEN-007385,Deir al-Balah,AID-2026-FS-207,civil rights,individual,TRUE,SYNTH_ADVERSARY_V1
BEN-021991,Chitrakoot,AID-2026-HL-330,civil rights,individual,TRUE,SYNTH_ADVERSARY_V1
BEN-001277,Nyala,AID-2026-HL-330,education,individual,TRUE,SYNTH_ADVERSARY_V1
BEN-010168,Kutupalong,AID-2026-ED-512,youth development,household,TRUE,SYNTH_ADVERSARY_V1
BEN-021359,Rafah,AID-2026-FS-207,medical,household,TRUE,SYNTH_ADVERSARY_V1
BEN-009765,Kutupalong,AID-2026-SH-455,medical,household,TRUE,SYNTH_ADVERSARY_V1
BEN-022835,Kutupalong,AID-2026-FS-207,education,household,TRUE,SYNTH_ADVERSARY_V1
BEN-005994,Kutupalong,AID-2026-SH-455,disaster relief,individual,TRUE,SYNTH_ADVERSARY_V1
BEN-005048,Kutupalong,AID-2026-HL-330,medical,individual,TRUE,SYNTH_ADVERSARY_V1
BEN-019676,Kutupalong,AID-2026-SH-455,human services,household,TRUE,SYNTH_ADVERSARY_V1
BEN-019709,Kutupalong,AID-2026-WS-618,environment,household,TRUE,SYNTH_ADVERSARY_V1
BEN-000965,Kutupalong,AID-2026-FS-207,disaster relief,group,TRUE,SYNTH_ADVERSARY_V1
BEN-019420,Kutupalong,AID-2026-DR-114,environment,household,TRUE,SYNTH_ADVERSARY_V1
BEN-022851,Kutupalong,AID-2026-DR-114,environment,individual,TRUE,SYNTH_ADVERSARY_V1
BEN-000815,Kutupalong,AID-2026-SH-455,international development,household,TRUE,SYNTH_ADVERSARY_V1
BEN-007093,Wad Madani,AID-2026-HL-330,youth development,group,TRUE,SYNTH_ADVERSARY_V1
BEN-000349,Wad Madani,AID-2026-DR-114,medical,household,TRUE,SYNTH_ADVERSARY_V1
BEN-015426,Wad Madani,AID-2026-FS-207,human services,household,TRUE,SYNTH_ADVERSARY_V1
BEN-017685,Deir al-Balah,AID-2026-ED-512,housing,individual,TRUE,SYNTH_ADVERSARY_V1
BEN-020090,Wad Madani,AID-2026-SH-455,disaster relief,group,TRUE,SYNTH_ADVERSARY_V1
BEN-020410,Wad Madani,AID-2026-ED-512,education,individual,TRUE,SYNTH_ADVERSARY_V1
BEN-023848,Sitapur,AID-2026-FS-207,medical,group,TRUE,SYNTH_ADVERSARY_V1
BEN-012701,Balrampur,AID-2026-WS-618,food and agriculture,household,TRUE,SYNTH_ADVERSARY_V1
BEN-024341,Balrampur,AID-2026-SH-455,environment,household,TRUE,SYNTH_ADVERSARY_V1
BEN-010111,Balrampur,AID-2026-HL-330,disaster relief,individual,TRUE,SYNTH_ADVERSARY_V1
BEN-016633,Balrampur,AID-2026-SH-455,education,individual,TRUE,SYNTH_ADVERSARY_V1
BEN-009012,Chitrakoot,AID-2026-FS-207,human services,household,TRUE,SYNTH_ADVERSARY_V1
BEN-014452,Khan Yunis,AID-2026-SH-455,medical,household,TRUE,SYNTH_ADVERSARY_V1
BEN-003120,Khan Yunis,AID-2026-ED-512,education,household,TRUE,SYNTH_ADVERSARY_V1
BEN-020013,Kutupalong,AID-2026-ED-512,human services,group,TRUE,SYNTH_ADVERSARY_V1
BEN-005568,Kassala,AID-2026-WS-618,disaster relief,household,TRUE,SYNTH_ADVERSARY_V1
BEN-024481,Khan Yunis,AID-2026-SH-455,civil rights,individual,TRUE,SYNTH_ADVERSARY_V1
BEN-008452,Khan Yunis,AID-2026-HL-330,environment,group,TRUE,SYNTH_ADVERSARY_V1
BEN-003305,Diffa,AID-2026-SH-455,youth development,household,TRUE,SYNTH_ADVERSARY_V1
BEN-008640,Diffa,AID-2026-SH-455,environment,household,TRUE,SYNTH_ADVERSARY_V1
BEN-020963,Diffa,AID-2026-ED-512,medical,individual,TRUE,SYNTH_ADVERSARY_V1
BEN-021296,Diffa,AID-2026-WS-618,housing,individual,TRUE,SYNTH_ADVERSARY_V1
BEN-007692,Diffa,AID-2026-HL-330,international development,group,TRUE,SYNTH_ADVERSARY_V1
BEN-001436,Diffa,AID-2026-WS-618,housing,household,TRUE,SYNTH_ADVERSARY_V1
BEN-024697,Diffa,AID-2026-FS-207,international development,household,TRUE,SYNTH_ADVERSARY_V1
BEN-010951,Diffa,AID-2026-DR-114,civil rights,household,TRUE,SYNTH_ADVERSARY_V1
BEN-017560,Wad Madani,AID-2026-HL-330,education,individual,TRUE,SYNTH_ADVERSARY_V1
BEN-017300,Wad Madani,AID-2026-FS-207,youth development,household,TRUE,SYNTH_ADVERSARY_V1
BEN-015910,Wad Madani,AID-2026-SH-455,civil rights,household,TRUE,SYNTH_ADVERSARY_V1
BEN-006327,Wad Madani,AID-2026-HL-330,human services,household,TRUE,SYNTH_ADVERSARY_V1
BEN-009530,Wad Madani,AID-2026-ED-512,international development,individual,TRUE,SYNTH_ADVERSARY_V1
BEN-025505,Wad Madani,AID-2026-WS-618,education,individual,TRUE,SYNTH_ADVERSARY_V1
BEN-024074,Wad Madani,AID-2026-DR-114,housing,individual,TRUE,SYNTH_ADVERSARY_V1
BEN-013443,Kutupalong,AID-2026-HL-330,disaster relief,individual,TRUE,SYNTH_ADVERSARY_V1
BEN-007937,Deir al-Balah,AID-2026-ED-512,human services,individual,TRUE,SYNTH_ADVERSARY_V1
BEN-005081,Nyala,AID-2026-FS-207,youth development,household,TRUE,SYNTH_ADVERSARY_V1
BEN-006407,Nyala,AID-2026-DR-114,international development,individual,TRUE,SYNTH_ADVERSARY_V1
BEN-006193,Nyala,AID-2026-ED-512,medical,group,TRUE,SYNTH_ADVERSARY_V1
BEN-019202,Nyala,AID-2026-HL-330,medical,individual,TRUE,SYNTH_ADVERSARY_V1
BEN-010633,Nyala,AID-2026-FS-207,youth development,household,TRUE,SYNTH_ADVERSARY_V1
BEN-025028,El Obeid,AID-2026-FS-207,housing,individual,TRUE,SYNTH_ADVERSARY_V1
BEN-008004,El Obeid,AID-2026-SH-455,international development,individual,TRUE,SYNTH_ADVERSARY_V1
BEN-017162,El Obeid,AID-2026-FS-207,youth development,household,TRUE,SYNTH_ADVERSARY_V1
BEN-002363,El Obeid,AID-2026-DR-114,human services,group,TRUE,SYNTH_ADVERSARY_V1
BEN-008422,El Obeid,AID-2026-DR-114,environment,household,TRUE,SYNTH_ADVERSARY_V1
BEN-000167,El Obeid,AID-2026-HL-330,food and agriculture,household,TRUE,SYNTH_ADVERSARY_V1
BEN-023904,El Obeid,AID-2026-DR-114,housing,household,TRUE,SYNTH_ADVERSARY_V1
BEN-007192,El Obeid,AID-2026-FS-207,human services,household,TRUE,SYNTH_ADVERSARY_V1
BEN-007173,Cox's Bazar,AID-2026-SH-455,international development,group,TRUE,SYNTH_ADVERSARY_V1
BEN-012292,Cox's Bazar,AID-2026-SH-455,environment,individual,TRUE,SYNTH_ADVERSARY_V1
BEN-000781,Cox's Bazar,AID-2026-SH-455,disaster relief,household,TRUE,SYNTH_ADVERSARY_V1
BEN-022328,Cox's Bazar,AID-2026-HL-330,food and agriculture,individual,TRUE,SYNTH_ADVERSARY_V1
BEN-012297,Cox's Bazar,AID-2026-FS-207,environment,household,TRUE,SYNTH_ADVERSARY_V1
BEN-023542,Cox's Bazar,AID-2026-WS-618,education,individual,TRUE,SYNTH_ADVERSARY_V1
BEN-020002,Maradi,AID-2026-HL-330,medical,household,TRUE,SYNTH_ADVERSARY_V1
BEN-025380,Sitapur,AID-2026-HL-330,youth development,household,TRUE,SYNTH_ADVERSARY_V1
BEN-014583,Cox's Bazar,AID-2026-WS-618,food and agriculture,group,TRUE,SYNTH_ADVERSARY_V1
BEN-009369,Diffa,AID-2026-HL-330,civil rights,household,TRUE,SYNTH_ADVERSARY_V1
BEN-023533,Diffa,AID-2026-ED-512,food and agriculture,household,TRUE,SYNTH_ADVERSARY_V1
BEN-017458,Diffa,AID-2026-SH-455,human services,household,TRUE,SYNTH_ADVERSARY_V1
BEN-025638,Diffa,AID-2026-WS-618,housing,individual,TRUE,SYNTH_ADVERSARY_V1
BEN-024711,Cox's Bazar,AID-2026-ED-512,disaster relief,household,TRUE,SYNTH_ADVERSARY_V1
BEN-015252,Diffa,AID-2026-DR-114,youth development,individual,TRUE,SYNTH_ADVERSARY_V1
BEN-001384,Wad Madani,AID-2026-HL-330,youth development,household,TRUE,SYNTH_ADVERSARY_V1
BEN-014313,Diffa,AID-2026-FS-207,housing,household,TRUE,SYNTH_ADVERSARY_V1
BEN-001839,Gaza North,AID-2026-WS-618,disaster relief,household,TRUE,SYNTH_ADVERSARY_V1
BEN-005591,Maradi,AID-2026-DR-114,youth development,household,TRUE,SYNTH_ADVERSARY_V1
BEN-004525,Diffa,AID-2026-SH-455,international development,individual,TRUE,SYNTH_ADVERSARY_V1
BEN-020203,Gaza North,AID-2026-SH-455,environment,household,TRUE,SYNTH_ADVERSARY_V1
BEN-019421,Chitrakoot,AID-2026-SH-455,international development,household,TRUE,SYNTH_ADVERSARY_V1
BEN-000081,Chitrakoot,AID-2026-HL-330,food and agriculture,individual,TRUE,SYNTH_ADVERSARY_V1
BEN-002511,Chitrakoot,AID-2026-HL-330,medical,individual,TRUE,SYNTH_ADVERSARY_V1
BEN-024690,Chitrakoot,AID-2026-WS-618,environment,individual,TRUE,SYNTH_ADVERSARY_V1
BEN-009751,Chitrakoot,AID-2026-SH-455,human services,household,TRUE,SYNTH_ADVERSARY_V1
BEN-011504,Chitrakoot,AID-2026-FS-207,civil rights,household,TRUE,SYNTH_ADVERSARY_V1
BEN-012302,Chitrakoot,AID-2026-ED-512,environment,household,TRUE,SYNTH_ADVERSARY_V1
BEN-000525,El Obeid,AID-2026-SH-455,international development,household,TRUE,SYNTH_ADVERSARY_V1
BEN-010845,El Obeid,AID-2026-SH-455,environment,household,TRUE,SYNTH_ADVERSARY_V1
BEN-019572,El Obeid,AID-2026-ED-512,food and agriculture,household,TRUE,SYNTH_ADVERSARY_V1
BEN-006952,El Obeid,AID-2026-FS-207,international development,group,TRUE,SYNTH_ADVERSARY_V1
BEN-007548,El Obeid,AID-2026-SH-455,civil rights,individual,TRUE,SYNTH_ADVERSARY_V1
BEN-000236,El Obeid,AID-2026-ED-512,food and agriculture,group,TRUE,SYNTH_ADVERSARY_V1
BEN-003408,Maradi,AID-2026-DR-114,disaster relief,household,TRUE,SYNTH_ADVERSARY_V1
BEN-005400,El Obeid,AID-2026-ED-512,education,household,TRUE,SYNTH_ADVERSARY_V1
BEN-023288,Deir al-Balah,AID-2026-DR-114,housing,household,TRUE,SYNTH_ADVERSARY_V1
BEN-011684,Chitrakoot,AID-2026-SH-455,human services,household,TRUE,SYNTH_ADVERSARY_V1
BEN-016930,Deir al-Balah,AID-2026-SH-455,human services,household,TRUE,SYNTH_ADVERSARY_V1
BEN-003734,Deir al-Balah,AID-2026-ED-512,education,household,TRUE,SYNTH_ADVERSARY_V1
BEN-004296,Deir al-Balah,AID-2026-DR-114,education,household,TRUE,SYNTH_ADVERSARY_V1
BEN-015613,Deir al-Balah,AID-2026-DR-114,human services,individual,TRUE,SYNTH_ADVERSARY_V1
BEN-019926,Deir al-Balah,AID-2026-HL-330,disaster relief,household,TRUE,SYNTH_ADVERSARY_V1
BEN-019097,Deir al-Balah,AID-2026-FS-207,food and agriculture,individual,TRUE,SYNTH_ADVERSARY_V1
BEN-020292,Maradi,AID-2026-SH-455,youth development,individual,TRUE,SYNTH_ADVERSARY_V1
BEN-010655,Maradi,AID-2026-ED-512,housing,household,TRUE,SYNTH_ADVERSARY_V1
BEN-022259,Sitapur,AID-2026-HL-330,food and agriculture,individual,TRUE,SYNTH_ADVERSARY_V1
BEN-021909,Barabanki,AID-2026-FS-207,youth development,household,TRUE,SYNTH_ADVERSARY_V1
BEN-006981,Khan Yunis,AID-2026-HL-330,environment,household,TRUE,SYNTH_ADVERSARY_V1
BEN-003604,Maradi,AID-2026-DR-114,education,household,TRUE,SYNTH_ADVERSARY_V1
BEN-017036,Maradi,AID-2026-WS-618,housing,household,TRUE,SYNTH_ADVERSARY_V1
BEN-005022,Maradi,AID-2026-ED-512,international development,group,TRUE,SYNTH_ADVERSARY_V1
BEN-018422,Kutupalong,AID-2026-HL-330,education,individual,TRUE,SYNTH_ADVERSARY_V1
BEN-005323,Barabanki,AID-2026-ED-512,international development,household,TRUE,SYNTH_ADVERSARY_V1
BEN-016940,Barabanki,AID-2026-SH-455,civil rights,household,TRUE,SYNTH_ADVERSARY_V1
BEN-001322,Barabanki,AID-2026-SH-455,international development,individual,TRUE,SYNTH_ADVERSARY_V1
BEN-005010,Barabanki,AID-2026-FS-207,food and agriculture,group,TRUE,SYNTH_ADVERSARY_V1
BEN-006548,Barabanki,AID-2026-FS-207,human services,group,TRUE,SYNTH_ADVERSARY_V1
BEN-025719,Barabanki,AID-2026-SH-455,housing,household,TRUE,SYNTH_ADVERSARY_V1
BEN-003097,Barabanki,AID-2026-HL-330,education,household,TRUE,SYNTH_ADVERSARY_V1
BEN-004346,Barabanki,AID-2026-ED-512,international development,household,TRUE,SYNTH_ADVERSARY_V1
BEN-023870,El Obeid,AID-2026-HL-330,environment,household,TRUE,SYNTH_ADVERSARY_V1
BEN-023603,Diffa,AID-2026-FS-207,youth development,group,TRUE,SYNTH_ADVERSARY_V1
BEN-025221,Diffa,AID-2026-FS-207,human services,household,TRUE,SYNTH_ADVERSARY_V1
BEN-005043,Diffa,AID-2026-SH-455,international development,household,TRUE,SYNTH_ADVERSARY_V1
BEN-015712,Diffa,AID-2026-ED-512,food and agriculture,individual,TRUE,SYNTH_ADVERSARY_V1
BEN-012626,Nyala,AID-2026-DR-114,education,individual,TRUE,SYNTH_ADVERSARY_V1
BEN-000052,Diffa,AID-2026-SH-455,human services,individual,TRUE,SYNTH_ADVERSARY_V1
BEN-020291,Diffa,AID-2026-SH-455,environment,household,TRUE,SYNTH_ADVERSARY_V1
BEN-013957,Diffa,AID-2026-FS-207,medical,individual,TRUE,SYNTH_ADVERSARY_V1
BEN-002883,Barabanki,AID-2026-WS-618,education,household,TRUE,SYNTH_ADVERSARY_V1
BEN-025775,Diffa,AID-2026-DR-114,youth development,individual,TRUE,SYNTH_ADVERSARY_V1
BEN-003745,Rafah,AID-2026-WS-618,disaster relief,individual,TRUE,SYNTH_ADVERSARY_V1
BEN-008365,Maradi,AID-2026-FS-207,food and agriculture,individual,TRUE,SYNTH_ADVERSARY_V1
BEN-011305,Maradi,AID-2026-ED-512,civil rights,individual,TRUE,SYNTH_ADVERSARY_V1
BEN-003765,Maradi,AID-2026-WS-618,food and agriculture,group,TRUE,SYNTH_ADVERSARY_V1
BEN-011014,Maradi,AID-2026-DR-114,international development,individual,TRUE,SYNTH_ADVERSARY_V1
BEN-005760,Nyala,AID-2026-DR-114,international development,group,TRUE,SYNTH_ADVERSARY_V1
BEN-006702,Maradi,AID-2026-DR-114,education,household,TRUE,SYNTH_ADVERSARY_V1
BEN-016408,Maradi,AID-2026-HL-330,medical,household,TRUE,SYNTH_ADVERSARY_V1
BEN-016353,Maradi,AID-2026-DR-114,youth development,household,TRUE,SYNTH_ADVERSARY_V1
BEN-008204,Cox's Bazar,AID-2026-FS-207,civil rights,household,TRUE,SYNTH_ADVERSARY_V1
BEN-020571,Maradi,AID-2026-HL-330,youth development,individual,TRUE,SYNTH_ADVERSARY_V1
BEN-013072,Maradi,AID-2026-FS-207,education,group,TRUE,SYNTH_ADVERSARY_V1
BEN-022725,Maradi,AID-2026-WS-618,environment,individual,TRUE,SYNTH_ADVERSARY_V1
BEN-012876,Maradi,AID-2026-FS-207,international development,group,TRUE,SYNTH_ADVERSARY_V1
BEN-019942,Maradi,AID-2026-DR-114,international development,household,TRUE,SYNTH_ADVERSARY_V1
BEN-024069,Maradi,AID-2026-SH-455,civil rights,individual,TRUE,SYNTH_ADVERSARY_V1
BEN-011399,Maradi,AID-2026-DR-114,human services,individual,TRUE,SYNTH_ADVERSARY_V1
BEN-021073,Maradi,AID-2026-DR-114,medical,household,TRUE,SYNTH_ADVERSARY_V1
BEN-005733,Maradi,AID-2026-DR-114,international development,household,TRUE,SYNTH_ADVERSARY_V1
BEN-021400,Maradi,AID-2026-DR-114,human services,individual,TRUE,SYNTH_ADVERSARY_V1
BEN-005286,Maradi,AID-2026-ED-512,youth development,household,TRUE,SYNTH_ADVERSARY_V1
BEN-020885,Maradi,AID-2026-HL-330,environment,group,TRUE,SYNTH_ADVERSARY_V1
BEN-010086,Maradi,AID-2026-ED-512,international development,group,TRUE,SYNTH_ADVERSARY_V1
BEN-001744,Barabanki,AID-2026-HL-330,housing,household,TRUE,SYNTH_ADVERSARY_V1
BEN-023377,Maradi,AID-2026-DR-114,housing,household,TRUE,SYNTH_ADVERSARY_V1
BEN-012026,Maradi,AID-2026-DR-114,youth development,household,TRUE,SYNTH_ADVERSARY_V1
BEN-016374,Maradi,AID-2026-WS-618,international development,household,TRUE,SYNTH_ADVERSARY_V1
BEN-002791,Maradi,AID-2026-DR-114,housing,household,TRUE,SYNTH_ADVERSARY_V1
BEN-025058,Maradi,AID-2026-WS-618,environment,group,TRUE,SYNTH_ADVERSARY_V1
BEN-009138,Deir al-Balah,AID-2026-SH-455,medical,individual,TRUE,SYNTH_ADVERSARY_V1
BEN-009593,Chitrakoot,AID-2026-DR-114,civil rights,household,TRUE,SYNTH_ADVERSARY_V1
BEN-025067,Chitrakoot,AID-2026-ED-512,environment,household,TRUE,SYNTH_ADVERSARY_V1
BEN-025088,Nyala,AID-2026-DR-114,international development,individual,TRUE,SYNTH_ADVERSARY_V1
BEN-014230,Chitrakoot,AID-2026-FS-207,environment,household,TRUE,SYNTH_ADVERSARY_V1
BEN-002333,Chitrakoot,AID-2026-HL-330,environment,individual,TRUE,SYNTH_ADVERSARY_V1
BEN-013849,Chitrakoot,AID-2026-FS-207,human services,household,TRUE,SYNTH_ADVERSARY_V1
BEN-011678,Chitrakoot,AID-2026-HL-330,education,individual,TRUE,SYNTH_ADVERSARY_V1
BEN-019732,Chitrakoot,AID-2026-FS-207,human services,household,TRUE,SYNTH_ADVERSARY_V1
BEN-021384,Chitrakoot,AID-2026-DR-114,housing,individual,TRUE,SYNTH_ADVERSARY_V1
BEN-013850,Chitrakoot,AID-2026-HL-330,disaster relief,household,TRUE,SYNTH_ADVERSARY_V1
BEN-005070,Wad Madani,AID-2026-DR-114,human services,group,TRUE,SYNTH_ADVERSARY_V1
BEN-014730,Wad Madani,AID-2026-SH-455,food and agriculture,group,TRUE,SYNTH_ADVERSARY_V1
BEN-006824,Wad Madani,AID-2026-HL-330,youth development,individual,TRUE,SYNTH_ADVERSARY_V1
BEN-025609,Wad Madani,AID-2026-WS-618,education,household,TRUE,SYNTH_ADVERSARY_V1
BEN-009674,Wad Madani,AID-2026-ED-512,international development,group,TRUE,SYNTH_ADVERSARY_V1
BEN-018839,Wad Madani,AID-2026-HL-330,international development,individual,TRUE,SYNTH_ADVERSARY_V1
BEN-022758,Wad Madani,AID-2026-HL-330,environment,household,TRUE,SYNTH_ADVERSARY_V1
BEN-006137,Khan Yunis,AID-2026-DR-114,civil rights,household,TRUE,SYNTH_ADVERSARY_V1
BEN-024828,Wad Madani,AID-2026-SH-455,medical,household,TRUE,SYNTH_ADVERSARY_V1
BEN-002810,Wad Madani,AID-2026-HL-330,disaster relief,group,TRUE,SYNTH_ADVERSARY_V1
BEN-014267,Maradi,AID-2026-FS-207,disaster relief,household,TRUE,SYNTH_ADVERSARY_V1
BEN-006351,Sitapur,AID-2026-WS-618,youth development,individual,TRUE,SYNTH_ADVERSARY_V1
BEN-001663,Barabanki,AID-2026-HL-330,education,household,TRUE,SYNTH_ADVERSARY_V1
BEN-011857,Barabanki,AID-2026-HL-330,education,household,TRUE,SYNTH_ADVERSARY_V1
BEN-008492,Barabanki,AID-2026-HL-330,civil rights,household,TRUE,SYNTH_ADVERSARY_V1
BEN-000612,Barabanki,AID-2026-SH-455,environment,individual,TRUE,SYNTH_ADVERSARY_V1
BEN-000222,Kassala,AID-2026-SH-455,youth development,household,TRUE,SYNTH_ADVERSARY_V1
BEN-001181,Barabanki,AID-2026-WS-618,housing,household,TRUE,SYNTH_ADVERSARY_V1
BEN-010072,Barabanki,AID-2026-FS-207,disaster relief,household,TRUE,SYNTH_ADVERSARY_V1
BEN-000638,Barabanki,AID-2026-DR-114,housing,group,TRUE,SYNTH_ADVERSARY_V1
BEN-008197,Kassala,AID-2026-SH-455,medical,group,TRUE,SYNTH_ADVERSARY_V1
BEN-021196,Kassala,AID-2026-SH-455,housing,group,TRUE,SYNTH_ADVERSARY_V1
BEN-014410,Kassala,AID-2026-ED-512,disaster relief,household,TRUE,SYNTH_ADVERSARY_V1
BEN-010566,Kutupalong,AID-2026-DR-114,disaster relief,household,TRUE,SYNTH_ADVERSARY_V1
BEN-003377,Kassala,AID-2026-ED-512,civil rights,household,TRUE,SYNTH_ADVERSARY_V1
BEN-013329,Cox's Bazar,AID-2026-SH-455,civil rights,group,TRUE,SYNTH_ADVERSARY_V1
BEN-005541,Cox's Bazar,AID-2026-DR-114,housing,household,TRUE,SYNTH_ADVERSARY_V1
BEN-006459,Sitapur,AID-2026-DR-114,international development,individual,TRUE,SYNTH_ADVERSARY_V1
BEN-012802,Cox's Bazar,AID-2026-HL-330,housing,household,TRUE,SYNTH_ADVERSARY_V1
BEN-020243,Cox's Bazar,AID-2026-SH-455,environment,household,TRUE,SYNTH_ADVERSARY_V1
BEN-006707,Cox's Bazar,AID-2026-WS-618,youth development,individual,TRUE,SYNTH_ADVERSARY_V1
BEN-003885,Chitrakoot,AID-2026-SH-455,international development,household,TRUE,SYNTH_ADVERSARY_V1
BEN-025262,Cox's Bazar,AID-2026-WS-618,civil rights,group,TRUE,SYNTH_ADVERSARY_V1
BEN-019841,Cox's Bazar,AID-2026-SH-455,environment,household,TRUE,SYNTH_ADVERSARY_V1
BEN-022374,Cox's Bazar,AID-2026-DR-114,disaster relief,household,TRUE,SYNTH_ADVERSARY_V1
BEN-018633,Gaza North,AID-2026-DR-114,education,group,TRUE,SYNTH_ADVERSARY_V1
BEN-018851,Gaza North,AID-2026-DR-114,international development,group,TRUE,SYNTH_ADVERSARY_V1
BEN-004787,Gaza North,AID-2026-DR-114,food and agriculture,individual,TRUE,SYNTH_ADVERSARY_V1
BEN-003599,Gaza North,AID-2026-FS-207,environment,household,TRUE,SYNTH_ADVERSARY_V1
BEN-016467,Sitapur,AID-2026-FS-207,food and agriculture,group,TRUE,SYNTH_ADVERSARY_V1
BEN-014868,Gaza North,AID-2026-DR-114,civil rights,household,TRUE,SYNTH_ADVERSARY_V1
BEN-020336,Gaza North,AID-2026-SH-455,youth development,household,TRUE,SYNTH_ADVERSARY_V1
BEN-021570,Gaza North,AID-2026-ED-512,international development,individual,TRUE,SYNTH_ADVERSARY_V1
BEN-002975,Gaza North,AID-2026-FS-207,education,household,TRUE,SYNTH_ADVERSARY_V1
BEN-001496,Gaza North,AID-2026-WS-618,human services,household,TRUE,SYNTH_ADVERSARY_V1
BEN-012128,Gaza North,AID-2026-WS-618,international development,household,TRUE,SYNTH_ADVERSARY_V1
BEN-006682,Chitrakoot,AID-2026-HL-330,international development,individual,TRUE,SYNTH_ADVERSARY_V1
BEN-005274,Chitrakoot,AID-2026-HL-330,medical,individual,TRUE,SYNTH_ADVERSARY_V1
BEN-009861,Chitrakoot,AID-2026-FS-207,education,individual,TRUE,SYNTH_ADVERSARY_V1
BEN-002506,Chitrakoot,AID-2026-DR-114,civil rights,household,TRUE,SYNTH_ADVERSARY_V1
BEN-004858,Chitrakoot,AID-2026-HL-330,food and agriculture,household,TRUE,SYNTH_ADVERSARY_V1
BEN-015234,Chitrakoot,AID-2026-ED-512,housing,individual,TRUE,SYNTH_ADVERSARY_V1
BEN-002636,Chitrakoot,AID-2026-HL-330,civil rights,household,TRUE,SYNTH_ADVERSARY_V1
BEN-021692,Chitrakoot,AID-2026-WS-618,food and agriculture,household,TRUE,SYNTH_ADVERSARY_V1
BEN-020829,Kassala,AID-2026-WS-618,food and agriculture,individual,TRUE,SYNTH_ADVERSARY_V1
BEN-000954,Khan Yunis,AID-2026-DR-114,education,household,TRUE,SYNTH_ADVERSARY_V1
BEN-004679,Balrampur,AID-2026-FS-207,civil rights,household,TRUE,SYNTH_ADVERSARY_V1
BEN-002823,Diffa,AID-2026-DR-114,housing,household,TRUE,SYNTH_ADVERSARY_V1
BEN-019065,Chitrakoot,AID-2026-SH-455,human services,household,TRUE,SYNTH_ADVERSARY_V1
BEN-006141,Diffa,AID-2026-SH-455,human services,household,TRUE,SYNTH_ADVERSARY_V1
BEN-008958,Diffa,AID-2026-HL-330,civil rights,group,TRUE,SYNTH_ADVERSARY_V1
BEN-003329,Diffa,AID-2026-WS-618,civil rights,household,TRUE,SYNTH_ADVERSARY_V1
BEN-012311,Cox's Bazar,AID-2026-FS-207,medical,household,TRUE,SYNTH_ADVERSARY_V1
BEN-014611,Kutupalong,AID-2026-WS-618,disaster relief,household,TRUE,SYNTH_ADVERSARY_V1
BEN-004950,Cox's Bazar,AID-2026-DR-114,education,household,TRUE,SYNTH_ADVERSARY_V1
BEN-025401,Cox's Bazar,AID-2026-DR-114,international development,group,TRUE,SYNTH_ADVERSARY_V1
BEN-011126,Cox's Bazar,AID-2026-SH-455,environment,household,TRUE,SYNTH_ADVERSARY_V1
BEN-014961,Cox's Bazar,AID-2026-WS-618,education,household,TRUE,SYNTH_ADVERSARY_V1
BEN-023074,Cox's Bazar,AID-2026-FS-207,youth development,group,TRUE,SYNTH_ADVERSARY_V1
BEN-010739,Cox's Bazar,AID-2026-ED-512,environment,household,TRUE,SYNTH_ADVERSARY_V1
BEN-022565,Cox's Bazar,AID-2026-SH-455,medical,household,TRUE,SYNTH_ADVERSARY_V1
BEN-005227,Cox's Bazar,AID-2026-HL-330,human services,household,TRUE,SYNTH_ADVERSARY_V1
BEN-019014,Balrampur,AID-2026-FS-207,food and agriculture,household,TRUE,SYNTH_ADVERSARY_V1
BEN-014610,El Obeid,AID-2026-FS-207,environment,household,TRUE,SYNTH_ADVERSARY_V1
BEN-016304,El Obeid,AID-2026-ED-512,civil rights,individual,TRUE,SYNTH_ADVERSARY_V1
BEN-019758,El Obeid,AID-2026-ED-512,housing,household,TRUE,SYNTH_ADVERSARY_V1
BEN-015046,El Obeid,AID-2026-WS-618,civil rights,group,TRUE,SYNTH_ADVERSARY_V1
BEN-005426,El Obeid,AID-2026-WS-618,environment,household,TRUE,SYNTH_ADVERSARY_V1
BEN-014156,El Obeid,AID-2026-HL-330,housing,individual,TRUE,SYNTH_ADVERSARY_V1
BEN-002182,El Obeid,AID-2026-SH-455,youth development,household,TRUE,SYNTH_ADVERSARY_V1
BEN-013799,El Obeid,AID-2026-DR-114,medical,household,TRUE,SYNTH_ADVERSARY_V1
BEN-009886,El Obeid,AID-2026-WS-618,disaster relief,group,TRUE,SYNTH_ADVERSARY_V1
BEN-020313,El Obeid,AID-2026-ED-512,international development,individual,TRUE,SYNTH_ADVERSARY_V1
BEN-004353,El Obeid,AID-2026-DR-114,youth development,household,TRUE,SYNTH_ADVERSARY_V1
BEN-011255,El Obeid,AID-2026-ED-512,civil rights,individual,TRUE,SYNTH_ADVERSARY_V1
BEN-013469,Gaza North,AID-2026-DR-114,international development,individual,TRUE,SYNTH_ADVERSARY_V1
BEN-010547,El Obeid,AID-2026-DR-114,education,household,TRUE,SYNTH_ADVERSARY_V1
BEN-020639,El Obeid,AID-2026-WS-618,civil rights,household,TRUE,SYNTH_ADVERSARY_V1
BEN-018294,Barabanki,AID-2026-SH-455,international development,individual,TRUE,SYNTH_ADVERSARY_V1
BEN-003453,El Obeid,AID-2026-ED-512,civil rights,household,TRUE,SYNTH_ADVERSARY_V1
BEN-011105,El Obeid,AID-2026-ED-512,human services,group,TRUE,SYNTH_ADVERSARY_V1
BEN-013280,El Obeid,AID-2026-ED-512,environment,household,TRUE,SYNTH_ADVERSARY_V1
BEN-012771,El Obeid,AID-2026-HL-330,medical,household,TRUE,SYNTH_ADVERSARY_V1
BEN-011963,Balrampur,AID-2026-WS-618,food and agriculture,individual,TRUE,SYNTH_ADVERSARY_V1
BEN-007775,El Obeid,AID-2026-FS-207,education,group,TRUE,SYNTH_ADVERSARY_V1
BEN-011679,Deir al-Balah,AID-2026-HL-330,environment,household,TRUE,SYNTH_ADVERSARY_V1
BEN-014337,Deir al-Balah,AID-2026-FS-207,housing,household,TRUE,SYNTH_ADVERSARY_V1
BEN-009511,Deir al-Balah,AID-2026-HL-330,education,household,TRUE,SYNTH_ADVERSARY_V1
BEN-002685,Deir al-Balah,AID-2026-DR-114,medical,household,TRUE,SYNTH_ADVERSARY_V1
BEN-016559,Deir al-Balah,AID-2026-FS-207,education,group,TRUE,SYNTH_ADVERSARY_V1
BEN-020493,Deir al-Balah,AID-2026-ED-512,international development,individual,TRUE,SYNTH_ADVERSARY_V1
BEN-004369,Deir al-Balah,AID-2026-SH-455,environment,group,TRUE,SYNTH_ADVERSARY_V1
BEN-019378,Deir al-Balah,AID-2026-DR-114,education,individual,TRUE,SYNTH_ADVERSARY_V1
BEN-020427,Maradi,AID-2026-SH-455,youth development,household,TRUE,SYNTH_ADVERSARY_V1
BEN-023499,Deir al-Balah,AID-2026-DR-114,medical,individual,TRUE,SYNTH_ADVERSARY_V1
BEN-024038,Deir al-Balah,AID-2026-FS-207,youth development,household,TRUE,SYNTH_ADVERSARY_V1
BEN-020961,Nyala,AID-2026-ED-512,international development,individual,TRUE,SYNTH_ADVERSARY_V1
BEN-000652,Nyala,AID-2026-WS-618,environment,individual,TRUE,SYNTH_ADVERSARY_V1
BEN-001860,Nyala,AID-2026-HL-330,environment,individual,TRUE,SYNTH_ADVERSARY_V1
BEN-003447,Nyala,AID-2026-FS-207,medical,household,TRUE,SYNTH_ADVERSARY_V1
BEN-007325,El Obeid,AID-2026-SH-455,medical,household,TRUE,SYNTH_ADVERSARY_V1
BEN-023691,Nyala,AID-2026-WS-618,civil rights,group,TRUE,SYNTH_ADVERSARY_V1
BEN-021981,Nyala,AID-2026-HL-330,disaster relief,household,TRUE,SYNTH_ADVERSARY_V1
BEN-010477,Balrampur,AID-2026-SH-455,human services,individual,TRUE,SYNTH_ADVERSARY_V1
BEN-018599,Sitapur,AID-2026-HL-330,international development,group,TRUE,SYNTH_ADVERSARY_V1
BEN-013523,Sitapur,AID-2026-DR-114,environment,individual,TRUE,SYNTH_ADVERSARY_V1
BEN-009076,Sitapur,AID-2026-SH-455,education,individual,TRUE,SYNTH_ADVERSARY_V1
BEN-002924,Cox's Bazar,AID-2026-ED-512,youth development,household,TRUE,SYNTH_ADVERSARY_V1
BEN-022432,Diffa,AID-2026-WS-618,housing,individual,TRUE,SYNTH_ADVERSARY_V1
BEN-010897,Barabanki,AID-2026-FS-207,education,household,TRUE,SYNTH_ADVERSARY_V1
BEN-004239,Diffa,AID-2026-WS-618,environment,household,TRUE,SYNTH_ADVERSARY_V1
BEN-001225,Sitapur,AID-2026-FS-207,medical,individual,TRUE,SYNTH_ADVERSARY_V1
BEN-007519,Diffa,AID-2026-FS-207,human services,group,TRUE,SYNTH_ADVERSARY_V1
BEN-016677,Sitapur,AID-2026-WS-618,education,household,TRUE,SYNTH_ADVERSARY_V1
BEN-007433,Sitapur,AID-2026-DR-114,human services,household,TRUE,SYNTH_ADVERSARY_V1
BEN-023178,Gaza North,AID-2026-SH-455,environment,household,TRUE,SYNTH_ADVERSARY_V1
BEN-008270,Gaza North,AID-2026-ED-512,education,household,TRUE,SYNTH_ADVERSARY_V1
BEN-018783,Gaza North,AID-2026-SH-455,disaster relief,household,TRUE,SYNTH_ADVERSARY_V1
BEN-010954,Gaza North,AID-2026-HL-330,education,individual,TRUE,SYNTH_ADVERSARY_V1
BEN-025343,Balrampur,AID-2026-SH-455,education,individual,TRUE,SYNTH_ADVERSARY_V1
BEN-002268,Gaza North,AID-2026-WS-618,environment,household,TRUE,SYNTH_ADVERSARY_V1
BEN-002992,Gaza North,AID-2026-SH-455,education,household,TRUE,SYNTH_ADVERSARY_V1
BEN-008431,Gaza North,AID-2026-WS-618,medical,household,TRUE,SYNTH_ADVERSARY_V1
BEN-021540,Gaza North,AID-2026-ED-512,medical,individual,TRUE,SYNTH_ADVERSARY_V1
BEN-024601,Gaza North,AID-2026-FS-207,food and agriculture,household,TRUE,SYNTH_ADVERSARY_V1
BEN-002128,Chitrakoot,AID-2026-SH-455,youth development,group,TRUE,SYNTH_ADVERSARY_V1
BEN-000848,Gaza North,AID-2026-WS-618,environment,household,TRUE,SYNTH_ADVERSARY_V1
BEN-006259,Nyala,AID-2026-WS-618,environment,household,TRUE,SYNTH_ADVERSARY_V1
BEN-007253,Nyala,AID-2026-ED-512,food and agriculture,household,TRUE,SYNTH_ADVERSARY_V1
BEN-014031,Nyala,AID-2026-ED-512,civil rights,individual,TRUE,SYNTH_ADVERSARY_V1
BEN-022271,Nyala,AID-2026-DR-114,education,group,TRUE,SYNTH_ADVERSARY_V1
BEN-013663,Nyala,AID-2026-DR-114,medical,household,TRUE,SYNTH_ADVERSARY_V1
BEN-018154,Nyala,AID-2026-HL-330,housing,individual,TRUE,SYNTH_ADVERSARY_V1
BEN-019082,Nyala,AID-2026-ED-512,housing,individual,TRUE,SYNTH_ADVERSARY_V1
BEN-005689,Nyala,AID-2026-DR-114,disaster relief,individual,TRUE,SYNTH_ADVERSARY_V1
BEN-014750,Nyala,AID-2026-WS-618,environment,individual,TRUE,SYNTH_ADVERSARY_V1
BEN-003010,Nyala,AID-2026-FS-207,environment,individual,TRUE,SYNTH_ADVERSARY_V1
BEN-017184,Nyala,AID-2026-FS-207,housing,household,TRUE,SYNTH_ADVERSARY_V1
BEN-019878,Nyala,AID-2026-SH-455,housing,individual,TRUE,SYNTH_ADVERSARY_V1
BEN-025351,Nyala,AID-2026-WS-618,civil rights,individual,TRUE,SYNTH_ADVERSARY_V1
BEN-006933,Nyala,AID-2026-ED-512,human services,household,TRUE,SYNTH_ADVERSARY_V1
BEN-012469,Nyala,AID-2026-WS-618,youth development,household,TRUE,SYNTH_ADVERSARY_V1
BEN-022393,Nyala,AID-2026-DR-114,international development,group,TRUE,SYNTH_ADVERSARY_V1
BEN-002524,Kutupalong,AID-2026-WS-618,environment,individual,TRUE,SYNTH_ADVERSARY_V1
BEN-022763,Kutupalong,AID-2026-ED-512,international development,group,TRUE,SYNTH_ADVERSARY_V1
BEN-005113,Kutupalong,AID-2026-DR-114,food and agriculture,household,TRUE,SYNTH_ADVERSARY_V1
BEN-017672,Kutupalong,AID-2026-FS-207,education,household,TRUE,SYNTH_ADVERSARY_V1
BEN-008133,Kutupalong,AID-2026-SH-455,environment,household,TRUE,SYNTH_ADVERSARY_V1
BEN-003511,Kutupalong,AID-2026-SH-455,environment,individual,TRUE,SYNTH_ADVERSARY_V1
BEN-007281,Kutupalong,AID-2026-ED-512,housing,household,TRUE,SYNTH_ADVERSARY_V1
BEN-023066,Kutupalong,AID-2026-HL-330,food and agriculture,individual,TRUE,SYNTH_ADVERSARY_V1
BEN-007660,Kutupalong,AID-2026-DR-114,disaster relief,individual,TRUE,SYNTH_ADVERSARY_V1
BEN-007913,Kutupalong,AID-2026-FS-207,youth development,household,TRUE,SYNTH_ADVERSARY_V1
BEN-002690,Kutupalong,AID-2026-HL-330,environment,household,TRUE,SYNTH_ADVERSARY_V1
BEN-004473,Sitapur,AID-2026-FS-207,international development,group,TRUE,SYNTH_ADVERSARY_V1
BEN-020387,Rafah,AID-2026-ED-512,food and agriculture,group,TRUE,SYNTH_ADVERSARY_V1
BEN-000070,Wad Madani,AID-2026-FS-207,youth development,household,TRUE,SYNTH_ADVERSARY_V1
BEN-022597,Wad Madani,AID-2026-HL-330,environment,household,TRUE,SYNTH_ADVERSARY_V1
BEN-011352,Wad Madani,AID-2026-WS-618,education,household,TRUE,SYNTH_ADVERSARY_V1
BEN-006772,Wad Madani,AID-2026-DR-114,civil rights,household,TRUE,SYNTH_ADVERSARY_V1
BEN-002947,Wad Madani,AID-2026-HL-330,disaster relief,household,TRUE,SYNTH_ADVERSARY_V1
BEN-021396,Wad Madani,AID-2026-FS-207,youth development,household,TRUE,SYNTH_ADVERSARY_V1
BEN-019882,Wad Madani,AID-2026-HL-330,education,household,TRUE,SYNTH_ADVERSARY_V1
BEN-017469,Sitapur,AID-2026-SH-455,youth development,household,TRUE,SYNTH_ADVERSARY_V1
BEN-019384,Balrampur,AID-2026-HL-330,housing,individual,TRUE,SYNTH_ADVERSARY_V1
BEN-014803,Balrampur,AID-2026-ED-512,youth development,individual,TRUE,SYNTH_ADVERSARY_V1
BEN-000324,Balrampur,AID-2026-WS-618,food and agriculture,household,TRUE,SYNTH_ADVERSARY_V1
BEN-002204,Balrampur,AID-2026-WS-618,civil rights,household,TRUE,SYNTH_ADVERSARY_V1
BEN-008630,Wad Madani,AID-2026-ED-512,education,household,TRUE,SYNTH_ADVERSARY_V1
BEN-018957,Balrampur,AID-2026-HL-330,human services,household,TRUE,SYNTH_ADVERSARY_V1
BEN-013114,Balrampur,AID-2026-ED-512,disaster relief,group,TRUE,SYNTH_ADVERSARY_V1
BEN-011746,Balrampur,AID-2026-HL-330,environment,individual,TRUE,SYNTH_ADVERSARY_V1
BEN-021456,Balrampur,AID-2026-WS-618,medical,household,TRUE,SYNTH_ADVERSARY_V1
BEN-023188,Wad Madani,AID-2026-ED-512,environment,household,TRUE,SYNTH_ADVERSARY_V1
BEN-019046,Wad Madani,AID-2026-DR-114,human services,household,TRUE,SYNTH_ADVERSARY_V1
BEN-020934,Wad Madani,AID-2026-SH-455,housing,household,TRUE,SYNTH_ADVERSARY_V1
BEN-014899,Wad Madani,AID-2026-WS-618,environment,household,TRUE,SYNTH_ADVERSARY_V1
BEN-024245,Wad Madani,AID-2026-HL-330,human services,individual,TRUE,SYNTH_ADVERSARY_V1
BEN-024750,Wad Madani,AID-2026-WS-618,disaster relief,individual,TRUE,SYNTH_ADVERSARY_V1
BEN-001528,Wad Madani,AID-2026-HL-330,human services,individual,TRUE,SYNTH_ADVERSARY_V1
BEN-004523,Wad Madani,AID-2026-WS-618,youth development,individual,TRUE,SYNTH_ADVERSARY_V1
BEN-003449,Wad Madani,AID-2026-SH-455,human services,individual,TRUE,SYNTH_ADVERSARY_V1
BEN-016890,Khan Yunis,AID-2026-WS-618,youth development,individual,TRUE,SYNTH_ADVERSARY_V1
BEN-001483,Wad Madani,AID-2026-SH-455,medical,household,TRUE,SYNTH_ADVERSARY_V1
BEN-003937,Chitrakoot,AID-2026-SH-455,disaster relief,individual,TRUE,SYNTH_ADVERSARY_V1
BEN-014660,Chitrakoot,AID-2026-ED-512,medical,household,TRUE,SYNTH_ADVERSARY_V1
BEN-008490,Chitrakoot,AID-2026-ED-512,medical,household,TRUE,SYNTH_ADVERSARY_V1
BEN-001329,Chitrakoot,AID-2026-FS-207,youth development,household,TRUE,SYNTH_ADVERSARY_V1
BEN-016046,Gaza North,AID-2026-WS-618,environment,household,TRUE,SYNTH_ADVERSARY_V1
BEN-007752,Gaza North,AID-2026-WS-618,food and agriculture,household,TRUE,SYNTH_ADVERSARY_V1
BEN-019122,Gaza North,AID-2026-WS-618,environment,household,TRUE,SYNTH_ADVERSARY_V1
BEN-023439,Wad Madani,AID-2026-SH-455,human services,household,TRUE,SYNTH_ADVERSARY_V1
BEN-011442,Gaza North,AID-2026-DR-114,medical,group,TRUE,SYNTH_ADVERSARY_V1
BEN-017662,Balrampur,AID-2026-SH-455,medical,group,TRUE,SYNTH_ADVERSARY_V1
BEN-018727,Gaza North,AID-2026-FS-207,food and agriculture,household,TRUE,SYNTH_ADVERSARY_V1
BEN-023594,Gaza North,AID-2026-SH-455,human services,individual,TRUE,SYNTH_ADVERSARY_V1
BEN-008761,Barabanki,AID-2026-DR-114,medical,household,TRUE,SYNTH_ADVERSARY_V1
BEN-008645,Barabanki,AID-2026-HL-330,housing,household,TRUE,SYNTH_ADVERSARY_V1
BEN-014041,Wad Madani,AID-2026-SH-455,food and agriculture,household,TRUE,SYNTH_ADVERSARY_V1
BEN-017230,Barabanki,AID-2026-ED-512,education,household,TRUE,SYNTH_ADVERSARY_V1
BEN-020722,Barabanki,AID-2026-FS-207,education,household,TRUE,SYNTH_ADVERSARY_V1
BEN-005254,Barabanki,AID-2026-FS-207,food and agriculture,household,TRUE,SYNTH_ADVERSARY_V1
BEN-007271,Barabanki,AID-2026-ED-512,medical,household,TRUE,SYNTH_ADVERSARY_V1
BEN-005223,Diffa,AID-2026-WS-618,food and agriculture,individual,TRUE,SYNTH_ADVERSARY_V1
BEN-019522,Diffa,AID-2026-ED-512,education,individual,TRUE,SYNTH_ADVERSARY_V1
BEN-024269,Diffa,AID-2026-SH-455,youth development,household,TRUE,SYNTH_ADVERSARY_V1
BEN-011254,Diffa,AID-2026-SH-455,youth development,household,TRUE,SYNTH_ADVERSARY_V1
BEN-018775,Diffa,AID-2026-DR-114,housing,individual,TRUE,SYNTH_ADVERSARY_V1
BEN-001782,Diffa,AID-2026-HL-330,food and agriculture,individual,TRUE,SYNTH_ADVERSARY_V1
BEN-021320,Diffa,AID-2026-SH-455,civil rights,group,TRUE,SYNTH_ADVERSARY_V1
BEN-006384,Diffa,AID-2026-ED-512,environment,individual,TRUE,SYNTH_ADVERSARY_V1
BEN-011627,Diffa,AID-2026-ED-512,youth development,group,TRUE,SYNTH_ADVERSARY_V1
BEN-020470,Diffa,AID-2026-ED-512,international development,individual,TRUE,SYNTH_ADVERSARY_V1
BEN-023150,Sitapur,AID-2026-HL-330,environment,household,TRUE,SYNTH_ADVERSARY_V1
BEN-016036,Barabanki,AID-2026-DR-114,education,individual,TRUE,SYNTH_ADVERSARY_V1
BEN-000694,Barabanki,AID-2026-SH-455,food and agriculture,group,TRUE,SYNTH_ADVERSARY_V1
BEN-017778,Chitrakoot,AID-2026-ED-512,civil rights,household,TRUE,SYNTH_ADVERSARY_V1
BEN-018900,Barabanki,AID-2026-FS-207,education,group,TRUE,SYNTH_ADVERSARY_V1
BEN-013263,Barabanki,AID-2026-SH-455,human services,individual,TRUE,SYNTH_ADVERSARY_V1
BEN-022185,Barabanki,AID-2026-ED-512,human services,individual,TRUE,SYNTH_ADVERSARY_V1
BEN-006534,Chitrakoot,AID-2026-FS-207,disaster relief,household,TRUE,SYNTH_ADVERSARY_V1
BEN-004528,Barabanki,AID-2026-DR-114,civil rights,household,TRUE,SYNTH_ADVERSARY_V1
BEN-021939,Barabanki,AID-2026-DR-114,youth development,household,TRUE,SYNTH_ADVERSARY_V1
BEN-008376,Barabanki,AID-2026-SH-455,civil rights,household,TRUE,SYNTH_ADVERSARY_V1
BEN-018752,Barabanki,AID-2026-DR-114,education,individual,TRUE,SYNTH_ADVERSARY_V1
BEN-021236,Barabanki,AID-2026-DR-114,human services,household,TRUE,SYNTH_ADVERSARY_V1
BEN-008714,Barabanki,AID-2026-FS-207,disaster relief,individual,TRUE,SYNTH_ADVERSARY_V1
BEN-003303,Barabanki,AID-2026-WS-618,youth development,household,TRUE,SYNTH_ADVERSARY_V1
BEN-020864,Barabanki,AID-2026-FS-207,medical,group,TRUE,SYNTH_ADVERSARY_V1
BEN-011448,Barabanki,AID-2026-SH-455,human services,individual,TRUE,SYNTH_ADVERSARY_V1
BEN-021890,El Obeid,AID-2026-ED-512,education,household,TRUE,SYNTH_ADVERSARY_V1
BEN-000115,Barabanki,AID-2026-SH-455,medical,group,TRUE,SYNTH_ADVERSARY_V1
BEN-017793,Barabanki,AID-2026-WS-618,education,individual,TRUE,SYNTH_ADVERSARY_V1
BEN-007226,Barabanki,AID-2026-FS-207,food and agriculture,household,TRUE,SYNTH_ADVERSARY_V1
BEN-000329,Barabanki,AID-2026-FS-207,civil rights,household,TRUE,SYNTH_ADVERSARY_V1
BEN-018302,Barabanki,AID-2026-ED-512,education,household,TRUE,SYNTH_ADVERSARY_V1
BEN-018712,Kutupalong,AID-2026-ED-512,youth development,household,TRUE,SYNTH_ADVERSARY_V1
BEN-023739,Kutupalong,AID-2026-FS-207,education,household,TRUE,SYNTH_ADVERSARY_V1
BEN-012897,Kutupalong,AID-2026-ED-512,youth development,household,TRUE,SYNTH_ADVERSARY_V1
BEN-008702,Kutupalong,AID-2026-ED-512,environment,household,TRUE,SYNTH_ADVERSARY_V1
BEN-001695,Kutupalong,AID-2026-WS-618,medical,household,TRUE,SYNTH_ADVERSARY_V1
BEN-012379,Kutupalong,AID-2026-HL-330,civil rights,household,TRUE,SYNTH_ADVERSARY_V1
BEN-016761,Kutupalong,AID-2026-FS-207,medical,group,TRUE,SYNTH_ADVERSARY_V1
BEN-012594,Gaza North,AID-2026-WS-618,disaster relief,individual,TRUE,SYNTH_ADVERSARY_V1
BEN-008063,Gaza North,AID-2026-FS-207,environment,household,TRUE,SYNTH_ADVERSARY_V1
BEN-011895,Maradi,AID-2026-DR-114,human services,household,TRUE,SYNTH_ADVERSARY_V1
BEN-003032,Kassala,AID-2026-FS-207,human services,individual,TRUE,SYNTH_ADVERSARY_V1
BEN-002432,Gaza North,AID-2026-DR-114,housing,household,TRUE,SYNTH_ADVERSARY_V1
BEN-012100,Gaza North,AID-2026-FS-207,environment,individual,TRUE,SYNTH_ADVERSARY_V1
BEN-000057,Gaza North,AID-2026-HL-330,education,group,TRUE,SYNTH_ADVERSARY_V1
BEN-009162,Gaza North,AID-2026-SH-455,medical,household,TRUE,SYNTH_ADVERSARY_V1
BEN-011023,Gaza North,AID-2026-DR-114,food and agriculture,individual,TRUE,SYNTH_ADVERSARY_V1
BEN-021066,El Obeid,AID-2026-HL-330,international development,individual,TRUE,SYNTH_ADVERSARY_V1
BEN-018425,Wad Madani,AID-2026-FS-207,disaster relief,individual,TRUE,SYNTH_ADVERSARY_V1
BEN-019298,El Obeid,AID-2026-WS-618,youth development,individual,TRUE,SYNTH_ADVERSARY_V1
BEN-011492,Khan Yunis,AID-2026-SH-455,medical,household,TRUE,SYNTH_ADVERSARY_V1
BEN-002117,El Obeid,AID-2026-HL-330,international development,individual,TRUE,SYNTH_ADVERSARY_V1
BEN-008250,El Obeid,AID-2026-DR-114,youth development,household,TRUE,SYNTH_ADVERSARY_V1
BEN-009496,Nyala,AID-2026-DR-114,disaster relief,household,TRUE,SYNTH_ADVERSARY_V1
BEN-017628,Nyala,AID-2026-ED-512,international development,individual,TRUE,SYNTH_ADVERSARY_V1
BEN-002364,Deir al-Balah,AID-2026-DR-114,medical,household,TRUE,SYNTH_ADVERSARY_V1
BEN-005088,Deir al-Balah,AID-2026-WS-618,disaster relief,household,TRUE,SYNTH_ADVERSARY_V1
BEN-018593,Deir al-Balah,AID-2026-HL-330,civil rights,household,TRUE,SYNTH_ADVERSARY_V1
BEN-006319,Deir al-Balah,AID-2026-WS-618,youth development,individual,TRUE,SYNTH_ADVERSARY_V1
BEN-004350,Barabanki,AID-2026-SH-455,environment,household,TRUE,SYNTH_ADVERSARY_V1
BEN-005914,Deir al-Balah,AID-2026-HL-330,youth development,household,TRUE,SYNTH_ADVERSARY_V1
BEN-009583,Wad Madani,AID-2026-ED-512,human services,individual,TRUE,SYNTH_ADVERSARY_V1
BEN-000162,Deir al-Balah,AID-2026-HL-330,education,household,TRUE,SYNTH_ADVERSARY_V1
BEN-011358,Deir al-Balah,AID-2026-DR-114,education,individual,TRUE,SYNTH_ADVERSARY_V1
BEN-012280,Rafah,AID-2026-DR-114,international development,individual,TRUE,SYNTH_ADVERSARY_V1
BEN-008883,Rafah,AID-2026-SH-455,international development,household,TRUE,SYNTH_ADVERSARY_V1
BEN-010447,Rafah,AID-2026-HL-330,disaster relief,individual,TRUE,SYNTH_ADVERSARY_V1
BEN-015668,Rafah,AID-2026-SH-455,civil rights,individual,TRUE,SYNTH_ADVERSARY_V1
BEN-024957,Wad Madani,AID-2026-HL-330,civil rights,household,TRUE,SYNTH_ADVERSARY_V1
BEN-003194,Wad Madani,AID-2026-DR-114,food and agriculture,individual,TRUE,SYNTH_ADVERSARY_V1
BEN-019262,Wad Madani,AID-2026-WS-618,environment,household,TRUE,SYNTH_ADVERSARY_V1
BEN-024172,Wad Madani,AID-2026-ED-512,human services,household,TRUE,SYNTH_ADVERSARY_V1
BEN-005313,Wad Madani,AID-2026-HL-330,youth development,group,TRUE,SYNTH_ADVERSARY_V1
BEN-009430,Wad Madani,AID-2026-DR-114,housing,group,TRUE,SYNTH_ADVERSARY_V1
BEN-011177,Wad Madani,AID-2026-WS-618,medical,household,TRUE,SYNTH_ADVERSARY_V1
BEN-007409,Diffa,AID-2026-SH-455,civil rights,household,TRUE,SYNTH_ADVERSARY_V1
BEN-009217,Wad Madani,AID-2026-SH-455,civil rights,group,TRUE,SYNTH_ADVERSARY_V1
BEN-014757,Wad Madani,AID-2026-HL-330,youth development,household,TRUE,SYNTH_ADVERSARY_V1
BEN-004145,Wad Madani,AID-2026-WS-618,medical,group,TRUE,SYNTH_ADVERSARY_V1
BEN-010915,Wad Madani,AID-2026-ED-512,housing,household,TRUE,SYNTH_ADVERSARY_V1
BEN-010104,Nyala,AID-2026-FS-207,education,individual,TRUE,SYNTH_ADVERSARY_V1
BEN-001019,Nyala,AID-2026-FS-207,youth development,household,TRUE,SYNTH_ADVERSARY_V1
BEN-013451,Nyala,AID-2026-HL-330,civil rights,individual,TRUE,SYNTH_ADVERSARY_V1
BEN-018728,Nyala,AID-2026-ED-512,medical,individual,TRUE,SYNTH_ADVERSARY_V1
BEN-014599,Nyala,AID-2026-WS-618,civil rights,household,TRUE,SYNTH_ADVERSARY_V1
BEN-002901,Nyala,AID-2026-HL-330,medical,household,TRUE,SYNTH_ADVERSARY_V1
BEN-007117,Nyala,AID-2026-HL-330,youth development,household,TRUE,SYNTH_ADVERSARY_V1
BEN-019737,Diffa,AID-2026-SH-455,food and agriculture,individual,TRUE,SYNTH_ADVERSARY_V1
BEN-000972,Diffa,AID-2026-WS-618,food and agriculture,group,TRUE,SYNTH_ADVERSARY_V1
BEN-024629,Diffa,AID-2026-ED-512,food and agriculture,individual,TRUE,SYNTH_ADVERSARY_V1
BEN-003653,Diffa,AID-2026-SH-455,disaster relief,household,TRUE,SYNTH_ADVERSARY_V1
BEN-020823,Diffa,AID-2026-SH-455,environment,group,TRUE,SYNTH_ADVERSARY_V1
BEN-021493,Gaza North,AID-2026-HL-330,food and agriculture,household,TRUE,SYNTH_ADVERSARY_V1
BEN-003906,Khan Yunis,AID-2026-WS-618,disaster relief,household,TRUE,SYNTH_ADVERSARY_V1
BEN-022776,Deir al-Balah,AID-2026-HL-330,disaster relief,household,TRUE,SYNTH_ADVERSARY_V1
BEN-021729,Chitrakoot,AID-2026-FS-207,housing,household,TRUE,SYNTH_ADVERSARY_V1
BEN-011045,Chitrakoot,AID-2026-HL-330,housing,individual,TRUE,SYNTH_ADVERSARY_V1
BEN-017720,Rafah,AID-2026-ED-512,civil rights,group,TRUE,SYNTH_ADVERSARY_V1
BEN-016998,Chitrakoot,AID-2026-DR-114,youth development,individual,TRUE,SYNTH_ADVERSARY_V1
BEN-009358,Kassala,AID-2026-WS-618,environment,household,TRUE,SYNTH_ADVERSARY_V1
BEN-001769,Chitrakoot,AID-2026-HL-330,international development,household,TRUE,SYNTH_ADVERSARY_V1
BEN-024647,Diffa,AID-2026-DR-114,human services,household,TRUE,SYNTH_ADVERSARY_V1
BEN-020150,Diffa,AID-2026-ED-512,environment,group,TRUE,SYNTH_ADVERSARY_V1
BEN-004079,Diffa,AID-2026-ED-512,food and agriculture,group,TRUE,SYNTH_ADVERSARY_V1
BEN-022914,Diffa,AID-2026-WS-618,environment,household,TRUE,SYNTH_ADVERSARY_V1
BEN-007653,Diffa,AID-2026-FS-207,human services,group,TRUE,SYNTH_ADVERSARY_V1
BEN-003786,Kassala,AID-2026-WS-618,education,individual,TRUE,SYNTH_ADVERSARY_V1
BEN-010435,Chitrakoot,AID-2026-SH-455,civil rights,individual,TRUE,SYNTH_ADVERSARY_V1
BEN-025321,Diffa,AID-2026-HL-330,disaster relief,individual,TRUE,SYNTH_ADVERSARY_V1
BEN-007153,Cox's Bazar,AID-2026-FS-207,civil rights,household,TRUE,SYNTH_ADVERSARY_V1
BEN-007458,Diffa,AID-2026-SH-455,food and agriculture,household,TRUE,SYNTH_ADVERSARY_V1
BEN-013108,Diffa,AID-2026-DR-114,food and agriculture,household,TRUE,SYNTH_ADVERSARY_V1
BEN-010749,Diffa,AID-2026-HL-330,youth development,household,TRUE,SYNTH_ADVERSARY_V1
BEN-001931,Balrampur,AID-2026-ED-512,international development,individual,TRUE,SYNTH_ADVERSARY_V1
BEN-023395,Balrampur,AID-2026-ED-512,education,individual,TRUE,SYNTH_ADVERSARY_V1
BEN-022404,Sitapur,AID-2026-WS-618,civil rights,household,TRUE,SYNTH_ADVERSARY_V1
BEN-024500,Balrampur,AID-2026-WS-618,environment,individual,TRUE,SYNTH_ADVERSARY_V1
BEN-001254,Balrampur,AID-2026-HL-330,human services,individual,TRUE,SYNTH_ADVERSARY_V1
BEN-010077,Balrampur,AID-2026-FS-207,human services,individual,TRUE,SYNTH_ADVERSARY_V1
BEN-021696,Diffa,AID-2026-ED-512,youth development,individual,TRUE,SYNTH_ADVERSARY_V1
BEN-000422,Balrampur,AID-2026-SH-455,environment,household,TRUE,SYNTH_ADVERSARY_V1
BEN-015101,Balrampur,AID-2026-FS-207,civil rights,individual,TRUE,SYNTH_ADVERSARY_V1
BEN-001201,Balrampur,AID-2026-FS-207,environment,household,TRUE,SYNTH_ADVERSARY_V1
BEN-004054,Kutupalong,AID-2026-DR-114,human services,household,TRUE,SYNTH_ADVERSARY_V1
BEN-012668,Nyala,AID-2026-DR-114,disaster relief,household,TRUE,SYNTH_ADVERSARY_V1
BEN-012934,Wad Madani,AID-2026-DR-114,education,group,TRUE,SYNTH_ADVERSARY_V1
BEN-001887,Gaza North,AID-2026-ED-512,youth development,individual,TRUE,SYNTH_ADVERSARY_V1
BEN-014888,Sitapur,AID-2026-SH-455,international development,individual,TRUE,SYNTH_ADVERSARY_V1
BEN-007871,Sitapur,AID-2026-ED-512,international development,household,TRUE,SYNTH_ADVERSARY_V1
BEN-012324,Chitrakoot,AID-2026-FS-207,civil rights,individual,TRUE,SYNTH_ADVERSARY_V1
BEN-012732,Chitrakoot,AID-2026-DR-114,medical,household,TRUE,SYNTH_ADVERSARY_V1
BEN-009031,Deir al-Balah,AID-2026-DR-114,medical,individual,TRUE,SYNTH_ADVERSARY_V1
BEN-020764,Deir al-Balah,AID-2026-DR-114,youth development,household,TRUE,SYNTH_ADVERSARY_V1
BEN-019569,Deir al-Balah,AID-2026-WS-618,international development,household,TRUE,SYNTH_ADVERSARY_V1
BEN-005119,Deir al-Balah,AID-2026-ED-512,youth development,individual,TRUE,SYNTH_ADVERSARY_V1
BEN-009251,Deir al-Balah,AID-2026-SH-455,international development,household,TRUE,SYNTH_ADVERSARY_V1
BEN-022999,Deir al-Balah,AID-2026-SH-455,civil rights,individual,TRUE,SYNTH_ADVERSARY_V1
BEN-022972,Deir al-Balah,AID-2026-FS-207,medical,individual,TRUE,SYNTH_ADVERSARY_V1
BEN-006727,Gaza North,AID-2026-DR-114,housing,individual,TRUE,SYNTH_ADVERSARY_V1
BEN-014646,Gaza North,AID-2026-FS-207,disaster relief,household,TRUE,SYNTH_ADVERSARY_V1
BEN-024305,Gaza North,AID-2026-HL-330,youth development,household,TRUE,SYNTH_ADVERSARY_V1
BEN-007147,Gaza North,AID-2026-SH-455,housing,individual,TRUE,SYNTH_ADVERSARY_V1
BEN-016035,Gaza North,AID-2026-SH-455,civil rights,household,TRUE,SYNTH_ADVERSARY_V1
BEN-015494,Diffa,AID-2026-ED-512,medical,individual,TRUE,SYNTH_ADVERSARY_V1
BEN-003967,Gaza North,AID-2026-HL-330,human services,household,TRUE,SYNTH_ADVERSARY_V1
BEN-005963,Gaza North,AID-2026-ED-512,environment,household,TRUE,SYNTH_ADVERSARY_V1
BEN-000641,El Obeid,AID-2026-SH-455,education,household,TRUE,SYNTH_ADVERSARY_V1
BEN-013801,Khan Yunis,AID-2026-WS-618,disaster relief,household,TRUE,SYNTH_ADVERSARY_V1
BEN-018232,El Obeid,AID-2026-DR-114,international development,household,TRUE,SYNTH_ADVERSARY_V1
BEN-006237,El Obeid,AID-2026-HL-330,food and agriculture,household,TRUE,SYNTH_ADVERSARY_V1
BEN-014427,El Obeid,AID-2026-FS-207,international development,individual,TRUE,SYNTH_ADVERSARY_V1
BEN-004181,El Obeid,AID-2026-FS-207,education,individual,TRUE,SYNTH_ADVERSARY_V1
BEN-024332,Sitapur,AID-2026-SH-455,medical,household,TRUE,SYNTH_ADVERSARY_V1
BEN-025796,Deir al-Balah,AID-2026-SH-455,disaster relief,household,TRUE,SYNTH_ADVERSARY_V1
BEN-001659,Kassala,AID-2026-DR-114,international development,individual,TRUE,SYNTH_ADVERSARY_V1
BEN-001027,Deir al-Balah,AID-2026-ED-512,international development,household,TRUE,SYNTH_ADVERSARY_V1
BEN-008253,Deir al-Balah,AID-2026-HL-330,food and agriculture,household,TRUE,SYNTH_ADVERSARY_V1
BEN-022296,Deir al-Balah,AID-2026-WS-618,housing,individual,TRUE,SYNTH_ADVERSARY_V1
BEN-005307,Khan Yunis,AID-2026-DR-114,disaster relief,household,TRUE,SYNTH_ADVERSARY_V1
BEN-008087,Khan Yunis,AID-2026-WS-618,civil rights,household,TRUE,SYNTH_ADVERSARY_V1
BEN-003751,Khan Yunis,AID-2026-HL-330,civil rights,group,TRUE,SYNTH_ADVERSARY_V1
BEN-000443,Khan Yunis,AID-2026-FS-207,medical,group,TRUE,SYNTH_ADVERSARY_V1
BEN-007554,Khan Yunis,AID-2026-FS-207,civil rights,household,TRUE,SYNTH_ADVERSARY_V1
BEN-013247,Nyala,AID-2026-DR-114,civil rights,household,TRUE,SYNTH_ADVERSARY_V1
BEN-011649,Khan Yunis,AID-2026-DR-114,environment,household,TRUE,SYNTH_ADVERSARY_V1
BEN-005384,Balrampur,AID-2026-HL-330,human services,household,TRUE,SYNTH_ADVERSARY_V1
BEN-007502,Rafah,AID-2026-HL-330,youth development,household,TRUE,SYNTH_ADVERSARY_V1
BEN-014726,Rafah,AID-2026-WS-618,youth development,household,TRUE,SYNTH_ADVERSARY_V1
BEN-003837,Rafah,AID-2026-HL-330,human services,individual,TRUE,SYNTH_ADVERSARY_V1
BEN-015905,Rafah,AID-2026-SH-455,human services,household,TRUE,SYNTH_ADVERSARY_V1
BEN-000334,Rafah,AID-2026-DR-114,civil rights,household,TRUE,SYNTH_ADVERSARY_V1
BEN-010770,Rafah,AID-2026-WS-618,human services,individual,TRUE,SYNTH_ADVERSARY_V1
BEN-024448,Kassala,AID-2026-WS-618,environment,individual,TRUE,SYNTH_ADVERSARY_V1
BEN-003517,Kassala,AID-2026-ED-512,disaster relief,group,TRUE,SYNTH_ADVERSARY_V1
BEN-022401,Kassala,AID-2026-DR-114,education,household,TRUE,SYNTH_ADVERSARY_V1
BEN-022349,Kassala,AID-2026-ED-512,disaster relief,household,TRUE,SYNTH_ADVERSARY_V1
BEN-009284,Gaza North,AID-2026-DR-114,international development,group,TRUE,SYNTH_ADVERSARY_V1
BEN-013908,Chitrakoot,AID-2026-WS-618,international development,household,TRUE,SYNTH_ADVERSARY_V1
BEN-015474,Gaza North,AID-2026-SH-455,food and agriculture,individual,TRUE,SYNTH_ADVERSARY_V1
BEN-021075,Nyala,AID-2026-HL-330,medical,household,TRUE,SYNTH_ADVERSARY_V1
BEN-013062,Gaza North,AID-2026-ED-512,disaster relief,household,TRUE,SYNTH_ADVERSARY_V1
BEN-003011,Gaza North,AID-2026-HL-330,education,household,TRUE,SYNTH_ADVERSARY_V1
BEN-021899,Gaza North,AID-2026-DR-114,youth development,individual,TRUE,SYNTH_ADVERSARY_V1
BEN-005219,Kassala,AID-2026-HL-330,human services,individual,TRUE,SYNTH_ADVERSARY_V1
BEN-007312,Gaza North,AID-2026-SH-455,disaster relief,group,TRUE,SYNTH_ADVERSARY_V1
BEN-009498,Sitapur,AID-2026-SH-455,housing,group,TRUE,SYNTH_ADVERSARY_V1
BEN-011794,Sitapur,AID-2026-DR-114,education,household,TRUE,SYNTH_ADVERSARY_V1
BEN-008024,Sitapur,AID-2026-FS-207,civil rights,group,TRUE,SYNTH_ADVERSARY_V1
BEN-017975,Sitapur,AID-2026-SH-455,housing,household,TRUE,SYNTH_ADVERSARY_V1
BEN-019077,Sitapur,AID-2026-DR-114,disaster relief,individual,TRUE,SYNTH_ADVERSARY_V1
BEN-001820,Sitapur,AID-2026-FS-207,food and agriculture,individual,TRUE,SYNTH_ADVERSARY_V1
BEN-023161,Sitapur,AID-2026-HL-330,youth development,individual,TRUE,SYNTH_ADVERSARY_V1
BEN-006651,Nyala,AID-2026-HL-330,human services,group,TRUE,SYNTH_ADVERSARY_V1
BEN-010334,Balrampur,AID-2026-HL-330,education,household,TRUE,SYNTH_ADVERSARY_V1
BEN-001208,Kutupalong,AID-2026-WS-618,human services,household,TRUE,SYNTH_ADVERSARY_V1
BEN-016135,Nyala,AID-2026-HL-330,education,household,TRUE,SYNTH_ADVERSARY_V1
BEN-012579,Gaza North,AID-2026-FS-207,housing,household,TRUE,SYNTH_ADVERSARY_V1
BEN-001844,Nyala,AID-2026-WS-618,youth development,group,TRUE,SYNTH_ADVERSARY_V1
BEN-023890,Nyala,AID-2026-HL-330,youth development,individual,TRUE,SYNTH_ADVERSARY_V1
BEN-016032,Nyala,AID-2026-HL-330,environment,household,TRUE,SYNTH_ADVERSARY_V1
BEN-013676,Kutupalong,AID-2026-WS-618,civil rights,individual,TRUE,SYNTH_ADVERSARY_V1
BEN-009735,Kutupalong,AID-2026-FS-207,youth development,household,TRUE,SYNTH_ADVERSARY_V1
BEN-005602,Kutupalong,AID-2026-SH-455,housing,group,TRUE,SYNTH_ADVERSARY_V1
BEN-006814,Kutupalong,AID-2026-DR-114,medical,individual,TRUE,SYNTH_ADVERSARY_V1
BEN-014838,El Obeid,AID-2026-FS-207,food and agriculture,household,TRUE,SYNTH_ADVERSARY_V1
BEN-024648,Kutupalong,AID-2026-WS-618,civil rights,household,TRUE,SYNTH_ADVERSARY_V1
BEN-023181,Kutupalong,AID-2026-ED-512,food and agriculture,individual,TRUE,SYNTH_ADVERSARY_V1
BEN-005849,El Obeid,AID-2026-FS-207,youth development,household,TRUE,SYNTH_ADVERSARY_V1
BEN-025753,El Obeid,AID-2026-HL-330,housing,household,TRUE,SYNTH_ADVERSARY_V1
BEN-024522,El Obeid,AID-2026-FS-207,medical,household,TRUE,SYNTH_ADVERSARY_V1
BEN-017604,El Obeid,AID-2026-WS-618,civil rights,individual,TRUE,SYNTH_ADVERSARY_V1
BEN-014852,El Obeid,AID-2026-WS-618,environment,household,TRUE,SYNTH_ADVERSARY_V1
BEN-010455,Maradi,AID-2026-WS-618,youth development,group,TRUE,SYNTH_ADVERSARY_V1
BEN-003243,El Obeid,AID-2026-SH-455,human services,individual,TRUE,SYNTH_ADVERSARY_V1
BEN-022567,Gaza North,AID-2026-WS-618,human services,individual,TRUE,SYNTH_ADVERSARY_V1
BEN-007001,Cox's Bazar,AID-2026-WS-618,education,household,TRUE,SYNTH_ADVERSARY_V1
BEN-017028,Cox's Bazar,AID-2026-WS-618,food and agriculture,group,TRUE,SYNTH_ADVERSARY_V1
BEN-015289,Cox's Bazar,AID-2026-SH-455,food and agriculture,household,TRUE,SYNTH_ADVERSARY_V1
BEN-007421,Cox's Bazar,AID-2026-FS-207,human services,household,TRUE,SYNTH_ADVERSARY_V1
BEN-013764,Balrampur,AID-2026-WS-618,environment,household,TRUE,SYNTH_ADVERSARY_V1
BEN-020651,Balrampur,AID-2026-SH-455,housing,household,TRUE,SYNTH_ADVERSARY_V1
BEN-013418,Balrampur,AID-2026-FS-207,housing,household,TRUE,SYNTH_ADVERSARY_V1
BEN-015663,Balrampur,AID-2026-WS-618,civil rights,individual,TRUE,SYNTH_ADVERSARY_V1
BEN-016305,Cox's Bazar,AID-2026-DR-114,housing,household,TRUE,SYNTH_ADVERSARY_V1
BEN-017880,Balrampur,AID-2026-SH-455,international development,household,TRUE,SYNTH_ADVERSARY_V1
BEN-016049,Maradi,AID-2026-WS-618,food and agriculture,household,TRUE,SYNTH_ADVERSARY_V1
BEN-010523,Maradi,AID-2026-WS-618,medical,group,TRUE,SYNTH_ADVERSARY_V1
BEN-016083,Maradi,AID-2026-FS-207,housing,household,TRUE,SYNTH_ADVERSARY_V1
BEN-011095,Maradi,AID-2026-ED-512,medical,household,TRUE,SYNTH_ADVERSARY_V1
BEN-020939,Maradi,AID-2026-FS-207,human services,household,TRUE,SYNTH_ADVERSARY_V1
BEN-002890,Sitapur,AID-2026-FS-207,education,household,TRUE,SYNTH_ADVERSARY_V1
BEN-012536,Sitapur,AID-2026-HL-330,housing,household,TRUE,SYNTH_ADVERSARY_V1
BEN-019783,Sitapur,AID-2026-FS-207,youth development,household,TRUE,SYNTH_ADVERSARY_V1
BEN-020076,Sitapur,AID-2026-SH-455,human services,household,TRUE,SYNTH_ADVERSARY_V1
BEN-025100,Sitapur,AID-2026-ED-512,international development,group,TRUE,SYNTH_ADVERSARY_V1
BEN-006232,Sitapur,AID-2026-HL-330,housing,household,TRUE,SYNTH_ADVERSARY_V1
BEN-000136,Sitapur,AID-2026-WS-618,human services,household,TRUE,SYNTH_ADVERSARY_V1
BEN-003904,Sitapur,AID-2026-WS-618,housing,household,TRUE,SYNTH_ADVERSARY_V1
BEN-015788,Sitapur,AID-2026-WS-618,youth development,individual,TRUE,SYNTH_ADVERSARY_V1
BEN-023327,Gaza North,AID-2026-DR-114,environment,group,TRUE,SYNTH_ADVERSARY_V1
BEN-001555,Gaza North,AID-2026-DR-114,housing,household,TRUE,SYNTH_ADVERSARY_V1
BEN-001066,Rafah,AID-2026-ED-512,food and agriculture,household,TRUE,SYNTH_ADVERSARY_V1
BEN-009412,Gaza North,AID-2026-SH-455,medical,household,TRUE,SYNTH_ADVERSARY_V1
BEN-013405,Barabanki,AID-2026-WS-618,civil rights,household,TRUE,SYNTH_ADVERSARY_V1
BEN-025631,Barabanki,AID-2026-SH-455,civil rights,household,TRUE,SYNTH_ADVERSARY_V1
BEN-005669,Barabanki,AID-2026-HL-330,environment,household,TRUE,SYNTH_ADVERSARY_V1
BEN-011108,El Obeid,AID-2026-WS-618,housing,group,TRUE,SYNTH_ADVERSARY_V1
BEN-015748,Barabanki,AID-2026-FS-207,disaster relief,household,TRUE,SYNTH_ADVERSARY_V1
BEN-005401,Khan Yunis,AID-2026-WS-618,human services,group,TRUE,SYNTH_ADVERSARY_V1
BEN-006475,Barabanki,AID-2026-HL-330,civil rights,household,TRUE,SYNTH_ADVERSARY_V1
BEN-012778,Barabanki,AID-2026-SH-455,environment,household,TRUE,SYNTH_ADVERSARY_V1
BEN-024151,Barabanki,AID-2026-ED-512,youth development,individual,TRUE,SYNTH_ADVERSARY_V1
BEN-015417,Wad Madani,AID-2026-ED-512,housing,household,TRUE,SYNTH_ADVERSARY_V1
BEN-009307,Wad Madani,AID-2026-WS-618,education,individual,TRUE,SYNTH_ADVERSARY_V1
BEN-002815,Wad Madani,AID-2026-WS-618,housing,individual,TRUE,SYNTH_ADVERSARY_V1
BEN-022184,Wad Madani,AID-2026-SH-455,disaster relief,household,TRUE,SYNTH_ADVERSARY_V1
BEN-008577,Wad Madani,AID-2026-ED-512,international development,household,TRUE,SYNTH_ADVERSARY_V1
BEN-012889,Wad Madani,AID-2026-HL-330,youth development,household,TRUE,SYNTH_ADVERSARY_V1
BEN-012409,Wad Madani,AID-2026-WS-618,disaster relief,household,TRUE,SYNTH_ADVERSARY_V1
BEN-005895,Maradi,AID-2026-HL-330,human services,group,TRUE,SYNTH_ADVERSARY_V1
BEN-019757,Maradi,AID-2026-HL-330,food and agriculture,household,TRUE,SYNTH_ADVERSARY_V1
BEN-012209,Maradi,AID-2026-DR-114,housing,household,TRUE,SYNTH_ADVERSARY_V1
BEN-014126,Maradi,AID-2026-HL-330,youth development,group,TRUE,SYNTH_ADVERSARY_V1
BEN-011902,Maradi,AID-2026-DR-114,human services,individual,TRUE,SYNTH_ADVERSARY_V1
BEN-014572,Maradi,AID-2026-WS-618,medical,group,TRUE,SYNTH_ADVERSARY_V1
BEN-009801,Maradi,AID-2026-HL-330,medical,group,TRUE,SYNTH_ADVERSARY_V1
BEN-014181,Kutupalong,AID-2026-HL-330,medical,group,TRUE,SYNTH_ADVERSARY_V1
BEN-007424,Maradi,AID-2026-ED-512,civil rights,household,TRUE,SYNTH_ADVERSARY_V1
BEN-007383,Maradi,AID-2026-WS-618,human services,household,TRUE,SYNTH_ADVERSARY_V1
BEN-020378,Maradi,AID-2026-DR-114,international development,individual,TRUE,SYNTH_ADVERSARY_V1
BEN-007684,Nyala,AID-2026-FS-207,disaster relief,individual,TRUE,SYNTH_ADVERSARY_V1
BEN-007708,Maradi,AID-2026-HL-330,youth development,household,TRUE,SYNTH_ADVERSARY_V1
BEN-018249,El Obeid,AID-2026-SH-455,housing,household,TRUE,SYNTH_ADVERSARY_V1
BEN-017759,Rafah,AID-2026-WS-618,international development,household,TRUE,SYNTH_ADVERSARY_V1
BEN-025074,Chitrakoot,AID-2026-FS-207,international development,household,TRUE,SYNTH_ADVERSARY_V1
BEN-015142,Rafah,AID-2026-FS-207,housing,household,TRUE,SYNTH_ADVERSARY_V1
BEN-010676,Rafah,AID-2026-DR-114,environment,group,TRUE,SYNTH_ADVERSARY_V1
BEN-003229,Diffa,AID-2026-SH-455,environment,household,TRUE,SYNTH_ADVERSARY_V1
BEN-006413,Gaza North,AID-2026-HL-330,civil rights,household,TRUE,SYNTH_ADVERSARY_V1
BEN-002860,Gaza North,AID-2026-HL-330,youth development,household,TRUE,SYNTH_ADVERSARY_V1
BEN-025449,Rafah,AID-2026-ED-512,international development,household,TRUE,SYNTH_ADVERSARY_V1
BEN-020932,Rafah,AID-2026-FS-207,food and agriculture,household,TRUE,SYNTH_ADVERSARY_V1
BEN-017367,Cox's Bazar,AID-2026-SH-455,housing,individual,TRUE,SYNTH_ADVERSARY_V1
BEN-011022,Cox's Bazar,AID-2026-HL-330,education,group,TRUE,SYNTH_ADVERSARY_V1
BEN-002624,Wad Madani,AID-2026-ED-512,international development,household,TRUE,SYNTH_ADVERSARY_V1
BEN-020389,Chitrakoot,AID-2026-WS-618,medical,household,TRUE,SYNTH_ADVERSARY_V1
BEN-021656,Cox's Bazar,AID-2026-FS-207,environment,individual,TRUE,SYNTH_ADVERSARY_V1
BEN-020638,Cox's Bazar,AID-2026-WS-618,international development,individual,TRUE,SYNTH_ADVERSARY_V1
BEN-000037,Cox's Bazar,AID-2026-FS-207,youth development,household,TRUE,SYNTH_ADVERSARY_V1
BEN-002262,Cox's Bazar,AID-2026-WS-618,disaster relief,household,TRUE,SYNTH_ADVERSARY_V1
BEN-014184,Cox's Bazar,AID-2026-WS-618,international development,individual,TRUE,SYNTH_ADVERSARY_V1
BEN-015501,Cox's Bazar,AID-2026-DR-114,international development,individual,TRUE,SYNTH_ADVERSARY_V1
BEN-001439,Cox's Bazar,AID-2026-DR-114,housing,household,TRUE,SYNTH_ADVERSARY_V1
BEN-000144,Barabanki,AID-2026-SH-455,housing,household,TRUE,SYNTH_ADVERSARY_V1
BEN-018075,Barabanki,AID-2026-FS-207,medical,household,TRUE,SYNTH_ADVERSARY_V1
BEN-016435,Barabanki,AID-2026-SH-455,education,household,TRUE,SYNTH_ADVERSARY_V1
BEN-017244,Sitapur,AID-2026-DR-114,education,group,TRUE,SYNTH_ADVERSARY_V1
BEN-013537,Wad Madani,AID-2026-FS-207,international development,group,TRUE,SYNTH_ADVERSARY_V1
BEN-005611,Wad Madani,AID-2026-HL-330,medical,household,TRUE,SYNTH_ADVERSARY_V1
BEN-003733,Wad Madani,AID-2026-SH-455,medical,individual,TRUE,SYNTH_ADVERSARY_V1
BEN-002913,Wad Madani,AID-2026-FS-207,civil rights,household,TRUE,SYNTH_ADVERSARY_V1
BEN-016622,Balrampur,AID-2026-ED-512,housing,group,TRUE,SYNTH_ADVERSARY_V1
BEN-009842,Wad Madani,AID-2026-FS-207,youth development,individual,TRUE,SYNTH_ADVERSARY_V1
BEN-008221,Balrampur,AID-2026-DR-114,youth development,household,TRUE,SYNTH_ADVERSARY_V1
BEN-025635,Balrampur,AID-2026-WS-618,education,household,TRUE,SYNTH_ADVERSARY_V1
BEN-007343,Balrampur,AID-2026-FS-207,medical,group,TRUE,SYNTH_ADVERSARY_V1
BEN-003674,Balrampur,AID-2026-FS-207,civil rights,group,TRUE,SYNTH_ADVERSARY_V1
BEN-009116,Barabanki,AID-2026-WS-618,medical,individual,TRUE,SYNTH_ADVERSARY_V1
BEN-006160,Balrampur,AID-2026-ED-512,environment,individual,TRUE,SYNTH_ADVERSARY_V1
BEN-019212,Kassala,AID-2026-ED-512,human services,household,TRUE,SYNTH_ADVERSARY_V1
BEN-022784,Wad Madani,AID-2026-DR-114,youth development,household,TRUE,SYNTH_ADVERSARY_V1
BEN-012374,Wad Madani,AID-2026-WS-618,food and agriculture,household,TRUE,SYNTH_ADVERSARY_V1
BEN-014349,Wad Madani,AID-2026-ED-512,civil rights,individual,TRUE,SYNTH_ADVERSARY_V1
BEN-025182,Wad Madani,AID-2026-FS-207,international development,individual,TRUE,SYNTH_ADVERSARY_V1
BEN-013337,Wad Madani,AID-2026-HL-330,food and agriculture,group,TRUE,SYNTH_ADVERSARY_V1
BEN-007354,Wad Madani,AID-2026-WS-618,international development,household,TRUE,SYNTH_ADVERSARY_V1
BEN-008329,Wad Madani,AID-2026-ED-512,environment,individual,TRUE,SYNTH_ADVERSARY_V1
BEN-003581,Wad Madani,AID-2026-SH-455,disaster relief,household,TRUE,SYNTH_ADVERSARY_V1
BEN-010598,Wad Madani,AID-2026-HL-330,human services,individual,TRUE,SYNTH_ADVERSARY_V1
BEN-012622,Cox's Bazar,AID-2026-ED-512,housing,individual,TRUE,SYNTH_ADVERSARY_V1
BEN-017817,Barabanki,AID-2026-SH-455,youth development,household,TRUE,SYNTH_ADVERSARY_V1
BEN-002339,Barabanki,AID-2026-HL-330,international development,group,TRUE,SYNTH_ADVERSARY_V1
BEN-015550,Barabanki,AID-2026-HL-330,housing,household,TRUE,SYNTH_ADVERSARY_V1
BEN-018336,Barabanki,AID-2026-DR-114,education,household,TRUE,SYNTH_ADVERSARY_V1
BEN-014990,Barabanki,AID-2026-DR-114,food and agriculture,household,TRUE,SYNTH_ADVERSARY_V1
BEN-014162,Barabanki,AID-2026-HL-330,human services,group,TRUE,SYNTH_ADVERSARY_V1
BEN-022137,Barabanki,AID-2026-WS-618,food and agriculture,household,TRUE,SYNTH_ADVERSARY_V1
BEN-005978,Barabanki,AID-2026-FS-207,civil rights,household,TRUE,SYNTH_ADVERSARY_V1
BEN-017093,Barabanki,AID-2026-DR-114,housing,household,TRUE,SYNTH_ADVERSARY_V1
BEN-022620,Barabanki,AID-2026-ED-512,food and agriculture,group,TRUE,SYNTH_ADVERSARY_V1
BEN-025708,Balrampur,AID-2026-HL-330,disaster relief,household,TRUE,SYNTH_ADVERSARY_V1
BEN-004955,Balrampur,AID-2026-HL-330,food and agriculture,household,TRUE,SYNTH_ADVERSARY_V1
BEN-024164,Balrampur,AID-2026-FS-207,environment,individual,TRUE,SYNTH_ADVERSARY_V1
BEN-025145,Balrampur,AID-2026-HL-330,environment,individual,TRUE,SYNTH_ADVERSARY_V1
BEN-021106,Balrampur,AID-2026-ED-512,international development,household,TRUE,SYNTH_ADVERSARY_V1
BEN-020579,Balrampur,AID-2026-ED-512,civil rights,individual,TRUE,SYNTH_ADVERSARY_V1
BEN-003042,Sitapur,AID-2026-WS-618,youth development,group,TRUE,SYNTH_ADVERSARY_V1
BEN-013608,Khan Yunis,AID-2026-HL-330,youth development,household,TRUE,SYNTH_ADVERSARY_V1
BEN-016107,Sitapur,AID-2026-FS-207,youth development,individual,TRUE,SYNTH_ADVERSARY_V1
BEN-002374,Sitapur,AID-2026-HL-330,medical,household,TRUE,SYNTH_ADVERSARY_V1
BEN-020792,Sitapur,AID-2026-HL-330,international development,individual,TRUE,SYNTH_ADVERSARY_V1
BEN-006196,Sitapur,AID-2026-SH-455,civil rights,household,TRUE,SYNTH_ADVERSARY_V1
BEN-023359,Sitapur,AID-2026-FS-207,disaster relief,group,TRUE,SYNTH_ADVERSARY_V1
BEN-000819,Sitapur,AID-2026-SH-455,medical,individual,TRUE,SYNTH_ADVERSARY_V1
BEN-022929,Sitapur,AID-2026-WS-618,disaster relief,individual,TRUE,SYNTH_ADVERSARY_V1
BEN-008168,Nyala,AID-2026-HL-330,medical,individual,TRUE,SYNTH_ADVERSARY_V1
BEN-007044,Nyala,AID-2026-WS-618,environment,group,TRUE,SYNTH_ADVERSARY_V1
BEN-011180,Nyala,AID-2026-DR-114,disaster relief,household,TRUE,SYNTH_ADVERSARY_V1
BEN-009746,Nyala,AID-2026-DR-114,human services,household,TRUE,SYNTH_ADVERSARY_V1
BEN-013705,Nyala,AID-2026-HL-330,housing,household,TRUE,SYNTH_ADVERSARY_V1
BEN-013950,Nyala,AID-2026-SH-455,disaster relief,household,TRUE,SYNTH_ADVERSARY_V1
BEN-021167,Khan Yunis,AID-2026-SH-455,environment,individual,TRUE,SYNTH_ADVERSARY_V1
BEN-024925,Maradi,AID-2026-SH-455,disaster relief,group,TRUE,SYNTH_ADVERSARY_V1
BEN-024174,Khan Yunis,AID-2026-FS-207,human services,individual,TRUE,SYNTH_ADVERSARY_V1
BEN-014721,Khan Yunis,AID-2026-DR-114,disaster relief,household,TRUE,SYNTH_ADVERSARY_V1
BEN-000791,Sitapur,AID-2026-SH-455,civil rights,group,TRUE,SYNTH_ADVERSARY_V1
BEN-023260,Kutupalong,AID-2026-WS-618,civil rights,household,TRUE,SYNTH_ADVERSARY_V1
BEN-020106,Khan Yunis,AID-2026-SH-455,youth development,household,TRUE,SYNTH_ADVERSARY_V1
BEN-020970,Khan Yunis,AID-2026-HL-330,education,household,TRUE,SYNTH_ADVERSARY_V1
BEN-004263,Sitapur,AID-2026-DR-114,human services,household,TRUE,SYNTH_ADVERSARY_V1
BEN-016900,Kassala,AID-2026-DR-114,civil rights,individual,TRUE,SYNTH_ADVERSARY_V1
BEN-010973,Chitrakoot,AID-2026-ED-512,international development,household,TRUE,SYNTH_ADVERSARY_V1
BEN-021710,Diffa,AID-2026-HL-330,civil rights,individual,TRUE,SYNTH_ADVERSARY_V1
BEN-016733,Kutupalong,AID-2026-ED-512,environment,household,TRUE,SYNTH_ADVERSARY_V1
BEN-022806,Cox's Bazar,AID-2026-WS-618,human services,individual,TRUE,SYNTH_ADVERSARY_V1
BEN-006803,Chitrakoot,AID-2026-SH-455,medical,individual,TRUE,SYNTH_ADVERSARY_V1
BEN-001929,Chitrakoot,AID-2026-FS-207,housing,individual,TRUE,SYNTH_ADVERSARY_V1
BEN-001285,Chitrakoot,AID-2026-SH-455,food and agriculture,household,TRUE,SYNTH_ADVERSARY_V1
BEN-012556,Chitrakoot,AID-2026-SH-455,civil rights,group,TRUE,SYNTH_ADVERSARY_V1
BEN-023989,Chitrakoot,AID-2026-WS-618,medical,individual,TRUE,SYNTH_ADVERSARY_V1
BEN-010382,Chitrakoot,AID-2026-WS-618,housing,group,TRUE,SYNTH_ADVERSARY_V1
BEN-008186,Chitrakoot,AID-2026-WS-618,housing,individual,TRUE,SYNTH_ADVERSARY_V1
BEN-008706,Nyala,AID-2026-FS-207,civil rights,group,TRUE,SYNTH_ADVERSARY_V1
BEN-006287,Nyala,AID-2026-ED-512,disaster relief,group,TRUE,SYNTH_ADVERSARY_V1
BEN-007667,Nyala,AID-2026-FS-207,disaster relief,individual,TRUE,SYNTH_ADVERSARY_V1
BEN-022361,Nyala,AID-2026-DR-114,medical,household,TRUE,SYNTH_ADVERSARY_V1
BEN-017728,Nyala,AID-2026-WS-618,disaster relief,group,TRUE,SYNTH_ADVERSARY_V1
BEN-010534,Nyala,AID-2026-HL-330,human services,household,TRUE,SYNTH_ADVERSARY_V1
BEN-016145,Nyala,AID-2026-WS-618,youth development,household,TRUE,SYNTH_ADVERSARY_V1
BEN-007760,Rafah,AID-2026-SH-455,environment,individual,TRUE,SYNTH_ADVERSARY_V1
BEN-004667,Nyala,AID-2026-FS-207,disaster relief,household,TRUE,SYNTH_ADVERSARY_V1
BEN-004882,Gaza North,AID-2026-FS-207,youth development,individual,TRUE,SYNTH_ADVERSARY_V1
BEN-007941,Gaza North,AID-2026-WS-618,housing,household,TRUE,SYNTH_ADVERSARY_V1
BEN-001213,Gaza North,AID-2026-DR-114,human services,household,TRUE,SYNTH_ADVERSARY_V1
BEN-007896,Gaza North,AID-2026-ED-512,food and agriculture,individual,TRUE,SYNTH_ADVERSARY_V1
BEN-025290,El Obeid,AID-2026-FS-207,education,group,TRUE,SYNTH_ADVERSARY_V1
BEN-008338,El Obeid,AID-2026-FS-207,youth development,household,TRUE,SYNTH_ADVERSARY_V1
BEN-023626,El Obeid,AID-2026-SH-455,youth development,individual,TRUE,SYNTH_ADVERSARY_V1
BEN-020914,El Obeid,AID-2026-SH-455,environment,household,TRUE,SYNTH_ADVERSARY_V1
BEN-024786,El Obeid,AID-2026-SH-455,international development,household,TRUE,SYNTH_ADVERSARY_V1
BEN-012923,El Obeid,AID-2026-HL-330,education,household,TRUE,SYNTH_ADVERSARY_V1
BEN-009589,Barabanki,AID-2026-SH-455,education,household,TRUE,SYNTH_ADVERSARY_V1
BEN-021924,Barabanki,AID-2026-FS-207,medical,household,TRUE,SYNTH_ADVERSARY_V1
BEN-019086,Barabanki,AID-2026-HL-330,housing,individual,TRUE,SYNTH_ADVERSARY_V1
BEN-016518,Barabanki,AID-2026-DR-114,medical,group,TRUE,SYNTH_ADVERSARY_V1
BEN-020707,Barabanki,AID-2026-FS-207,medical,household,TRUE,SYNTH_ADVERSARY_V1
BEN-003113,Kassala,AID-2026-HL-330,youth development,group,TRUE,SYNTH_ADVERSARY_V1
BEN-016450,Barabanki,AID-2026-WS-618,education,individual,TRUE,SYNTH_ADVERSARY_V1
BEN-013563,Barabanki,AID-2026-FS-207,medical,individual,TRUE,SYNTH_ADVERSARY_V1
BEN-001461,Barabanki,AID-2026-WS-618,disaster relief,household,TRUE,SYNTH_ADVERSARY_V1
BEN-011111,Chitrakoot,AID-2026-WS-618,food and agriculture,individual,TRUE,SYNTH_ADVERSARY_V1
BEN-025660,Chitrakoot,AID-2026-FS-207,disaster relief,household,TRUE,SYNTH_ADVERSARY_V1
BEN-003671,Chitrakoot,AID-2026-SH-455,food and agriculture,household,TRUE,SYNTH_ADVERSARY_V1
BEN-015941,Chitrakoot,AID-2026-FS-207,housing,household,TRUE,SYNTH_ADVERSARY_V1
BEN-022755,Diffa,AID-2026-FS-207,international development,household,TRUE,SYNTH_ADVERSARY_V1
BEN-011903,Chitrakoot,AID-2026-FS-207,youth development,household,TRUE,SYNTH_ADVERSARY_V1
BEN-021860,Chitrakoot,AID-2026-DR-114,civil rights,group,TRUE,SYNTH_ADVERSARY_V1
BEN-011426,Kutupalong,AID-2026-FS-207,food and agriculture,group,TRUE,SYNTH_ADVERSARY_V1
BEN-010527,Kutupalong,AID-2026-FS-207,environment,household,TRUE,SYNTH_ADVERSARY_V1
BEN-006330,Kutupalong,AID-2026-ED-512,education,individual,TRUE,SYNTH_ADVERSARY_V1
BEN-021548,Kutupalong,AID-2026-HL-330,human services,household,TRUE,SYNTH_ADVERSARY_V1
BEN-006621,Kutupalong,AID-2026-FS-207,disaster relief,group,TRUE,SYNTH_ADVERSARY_V1
BEN-013658,Kutupalong,AID-2026-SH-455,food and agriculture,household,TRUE,SYNTH_ADVERSARY_V1
BEN-002598,Kutupalong,AID-2026-ED-512,disaster relief,individual,TRUE,SYNTH_ADVERSARY_V1
BEN-025109,Gaza North,AID-2026-FS-207,youth development,household,TRUE,SYNTH_ADVERSARY_V1
BEN-023722,Kutupalong,AID-2026-FS-207,environment,household,TRUE,SYNTH_ADVERSARY_V1
BEN-012417,Cox's Bazar,AID-2026-DR-114,food and agriculture,household,TRUE,SYNTH_ADVERSARY_V1
BEN-012792,Cox's Bazar,AID-2026-WS-618,education,household,TRUE,SYNTH_ADVERSARY_V1
BEN-015461,Nyala,AID-2026-WS-618,environment,group,TRUE,SYNTH_ADVERSARY_V1
BEN-001291,Cox's Bazar,AID-2026-WS-618,environment,individual,TRUE,SYNTH_ADVERSARY_V1
BEN-008674,Cox's Bazar,AID-2026-SH-455,civil rights,household,TRUE,SYNTH_ADVERSARY_V1
BEN-015775,Maradi,AID-2026-SH-455,disaster relief,household,TRUE,SYNTH_ADVERSARY_V1
BEN-020552,Cox's Bazar,AID-2026-WS-618,human services,individual,TRUE,SYNTH_ADVERSARY_V1
BEN-002552,Cox's Bazar,AID-2026-SH-455,international development,household,TRUE,SYNTH_ADVERSARY_V1
BEN-002652,Cox's Bazar,AID-2026-SH-455,medical,group,TRUE,SYNTH_ADVERSARY_V1
BEN-025409,Cox's Bazar,AID-2026-SH-455,human services,household,TRUE,SYNTH_ADVERSARY_V1
BEN-010166,Cox's Bazar,AID-2026-ED-512,education,group,TRUE,SYNTH_ADVERSARY_V1
BEN-017836,Barabanki,AID-2026-DR-114,housing,household,TRUE,SYNTH_ADVERSARY_V1
BEN-005600,Deir al-Balah,AID-2026-WS-618,international development,individual,TRUE,SYNTH_ADVERSARY_V1
BEN-005913,Deir al-Balah,AID-2026-DR-114,youth development,individual,TRUE,SYNTH_ADVERSARY_V1
BEN-015762,Chitrakoot,AID-2026-FS-207,environment,household,TRUE,SYNTH_ADVERSARY_V1
BEN-004783,Deir al-Balah,AID-2026-DR-114,civil rights,individual,TRUE,SYNTH_ADVERSARY_V1
BEN-008921,Deir al-Balah,AID-2026-DR-114,food and agriculture,household,TRUE,SYNTH_ADVERSARY_V1
BEN-017557,Deir al-Balah,AID-2026-ED-512,environment,group,TRUE,SYNTH_ADVERSARY_V1
BEN-024445,Deir al-Balah,AID-2026-ED-512,international development,household,TRUE,SYNTH_ADVERSARY_V1
BEN-020501,Sitapur,AID-2026-HL-330,housing,household,TRUE,SYNTH_ADVERSARY_V1
BEN-023380,Sitapur,AID-2026-DR-114,international development,household,TRUE,SYNTH_ADVERSARY_V1
BEN-011033,Sitapur,AID-2026-HL-330,youth development,individual,TRUE,SYNTH_ADVERSARY_V1
BEN-016921,Sitapur,AID-2026-SH-455,youth development,individual,TRUE,SYNTH_ADVERSARY_V1
BEN-013938,Sitapur,AID-2026-ED-512,disaster relief,household,TRUE,SYNTH_ADVERSARY_V1
BEN-006346,Sitapur,AID-2026-SH-455,food and agriculture,individual,TRUE,SYNTH_ADVERSARY_V1
BEN-007837,Sitapur,AID-2026-DR-114,youth development,household,TRUE,SYNTH_ADVERSARY_V1
BEN-010891,Sitapur,AID-2026-DR-114,international development,household,TRUE,SYNTH_ADVERSARY_V1
BEN-006014,Khan Yunis,AID-2026-SH-455,disaster relief,individual,TRUE,SYNTH_ADVERSARY_V1
BEN-000142,Khan Yunis,AID-2026-ED-512,disaster relief,individual,TRUE,SYNTH_ADVERSARY_V1
BEN-003099,Khan Yunis,AID-2026-SH-455,human services,individual,TRUE,SYNTH_ADVERSARY_V1
BEN-015954,Khan Yunis,AID-2026-SH-455,international development,individual,TRUE,SYNTH_ADVERSARY_V1
BEN-014312,Khan Yunis,AID-2026-SH-455,environment,group,TRUE,SYNTH_ADVERSARY_V1
BEN-016786,Khan Yunis,AID-2026-HL-330,international development,household,TRUE,SYNTH_ADVERSARY_V1
BEN-011376,Khan Yunis,AID-2026-SH-455,education,household,TRUE,SYNTH_ADVERSARY_V1
BEN-023208,Khan Yunis,AID-2026-FS-207,human services,group,TRUE,SYNTH_ADVERSARY_V1
BEN-023360,Rafah,AID-2026-WS-618,civil rights,group,TRUE,SYNTH_ADVERSARY_V1
BEN-019379,Khan Yunis,AID-2026-FS-207,disaster relief,household,TRUE,SYNTH_ADVERSARY_V1
BEN-005421,Chitrakoot,AID-2026-ED-512,environment,individual,TRUE,SYNTH_ADVERSARY_V1
BEN-003811,Sitapur,AID-2026-FS-207,human services,individual,TRUE,SYNTH_ADVERSARY_V1
BEN-014167,Sitapur,AID-2026-WS-618,medical,individual,TRUE,SYNTH_ADVERSARY_V1
BEN-023448,Sitapur,AID-2026-ED-512,medical,household,TRUE,SYNTH_ADVERSARY_V1
BEN-018846,Deir al-Balah,AID-2026-FS-207,civil rights,household,TRUE,SYNTH_ADVERSARY_V1
BEN-012566,Sitapur,AID-2026-SH-455,civil rights,group,TRUE,SYNTH_ADVERSARY_V1
BEN-013518,Sitapur,AID-2026-ED-512,education,individual,TRUE,SYNTH_ADVERSARY_V1
BEN-021380,Cox's Bazar,AID-2026-SH-455,environment,individual,TRUE,SYNTH_ADVERSARY_V1
BEN-019931,Cox's Bazar,AID-2026-DR-114,housing,household,TRUE,SYNTH_ADVERSARY_V1
BEN-013119,Cox's Bazar,AID-2026-WS-618,environment,household,TRUE,SYNTH_ADVERSARY_V1
BEN-025133,Cox's Bazar,AID-2026-ED-512,human services,household,TRUE,SYNTH_ADVERSARY_V1
BEN-018946,Cox's Bazar,AID-2026-WS-618,medical,group,TRUE,SYNTH_ADVERSARY_V1
BEN-015430,Cox's Bazar,AID-2026-WS-618,international development,group,TRUE,SYNTH_ADVERSARY_V1
BEN-014827,Sitapur,AID-2026-FS-207,education,household,TRUE,SYNTH_ADVERSARY_V1
BEN-015398,Balrampur,AID-2026-ED-512,environment,group,TRUE,SYNTH_ADVERSARY_V1
BEN-014311,Cox's Bazar,AID-2026-ED-512,human services,household,TRUE,SYNTH_ADVERSARY_V1
BEN-001132,Cox's Bazar,AID-2026-HL-330,food and agriculture,group,TRUE,SYNTH_ADVERSARY_V1
BEN-011125,Cox's Bazar,AID-2026-WS-618,environment,household,TRUE,SYNTH_ADVERSARY_V1
BEN-011623,Cox's Bazar,AID-2026-HL-330,environment,individual,TRUE,SYNTH_ADVERSARY_V1
BEN-002848,Wad Madani,AID-2026-ED-512,housing,household,TRUE,SYNTH_ADVERSARY_V1
BEN-008841,Deir al-Balah,AID-2026-FS-207,food and agriculture,individual,TRUE,SYNTH_ADVERSARY_V1
BEN-025319,Kassala,AID-2026-SH-455,civil rights,group,TRUE,SYNTH_ADVERSARY_V1
BEN-004837,Kassala,AID-2026-DR-114,housing,household,TRUE,SYNTH_ADVERSARY_V1
BEN-009578,Rafah,AID-2026-SH-455,human services,household,TRUE,SYNTH_ADVERSARY_V1
BEN-017974,Kassala,AID-2026-SH-455,youth development,household,TRUE,SYNTH_ADVERSARY_V1
BEN-008299,Sitapur,AID-2026-FS-207,youth development,group,TRUE,SYNTH_ADVERSARY_V1
BEN-025997,Sitapur,AID-2026-WS-618,medical,individual,TRUE,SYNTH_ADVERSARY_V1
BEN-013633,Sitapur,AID-2026-WS-618,environment,household,TRUE,SYNTH_ADVERSARY_V1
BEN-009715,Sitapur,AID-2026-WS-618,housing,household,TRUE,SYNTH_ADVERSARY_V1
BEN-005492,Sitapur,AID-2026-HL-330,civil rights,household,TRUE,SYNTH_ADVERSARY_V1
BEN-016813,Barabanki,AID-2026-SH-455,disaster relief,household,TRUE,SYNTH_ADVERSARY_V1
BEN-005355,Sitapur,AID-2026-SH-455,medical,household,TRUE,SYNTH_ADVERSARY_V1
BEN-003642,Sitapur,AID-2026-HL-330,food and agriculture,individual,TRUE,SYNTH_ADVERSARY_V1
BEN-010799,Balrampur,AID-2026-SH-455,medical,individual,TRUE,SYNTH_ADVERSARY_V1
BEN-010147,Diffa,AID-2026-SH-455,medical,group,TRUE,SYNTH_ADVERSARY_V1
BEN-025776,Balrampur,AID-2026-HL-330,civil rights,group,TRUE,SYNTH_ADVERSARY_V1
BEN-012494,Sitapur,AID-2026-FS-207,environment,household,TRUE,SYNTH_ADVERSARY_V1
BEN-009408,Balrampur,AID-2026-SH-455,medical,household,TRUE,SYNTH_ADVERSARY_V1
BEN-000592,Balrampur,AID-2026-SH-455,human services,individual,TRUE,SYNTH_ADVERSARY_V1
BEN-021209,El Obeid,AID-2026-FS-207,education,household,TRUE,SYNTH_ADVERSARY_V1
BEN-009310,Deir al-Balah,AID-2026-WS-618,education,individual,TRUE,SYNTH_ADVERSARY_V1
BEN-023809,Balrampur,AID-2026-DR-114,disaster relief,household,TRUE,SYNTH_ADVERSARY_V1
BEN-005396,Balrampur,AID-2026-WS-618,human services,household,TRUE,SYNTH_ADVERSARY_V1
BEN-006435,Deir al-Balah,AID-2026-ED-512,environment,individual,TRUE,SYNTH_ADVERSARY_V1
BEN-004750,Kutupalong,AID-2026-DR-114,education,household,TRUE,SYNTH_ADVERSARY_V1
BEN-023171,Kutupalong,AID-2026-WS-618,youth development,household,TRUE,SYNTH_ADVERSARY_V1
BEN-005970,Balrampur,AID-2026-HL-330,environment,group,TRUE,SYNTH_ADVERSARY_V1
BEN-008892,Nyala,AID-2026-ED-512,international development,household,TRUE,SYNTH_ADVERSARY_V1
BEN-003424,Kutupalong,AID-2026-FS-207,disaster relief,group,TRUE,SYNTH_ADVERSARY_V1
BEN-008574,Barabanki,AID-2026-WS-618,medical,household,TRUE,SYNTH_ADVERSARY_V1
BEN-013171,Barabanki,AID-2026-WS-618,youth development,household,TRUE,SYNTH_ADVERSARY_V1
BEN-005353,Barabanki,AID-2026-SH-455,youth development,individual,TRUE,SYNTH_ADVERSARY_V1
BEN-002916,Barabanki,AID-2026-FS-207,human services,individual,TRUE,SYNTH_ADVERSARY_V1
BEN-023420,Barabanki,AID-2026-HL-330,medical,individual,TRUE,SYNTH_ADVERSARY_V1
BEN-014530,Barabanki,AID-2026-SH-455,human services,household,TRUE,SYNTH_ADVERSARY_V1
BEN-013492,Diffa,AID-2026-WS-618,environment,group,TRUE,SYNTH_ADVERSARY_V1
BEN-022764,Barabanki,AID-2026-DR-114,human services,household,TRUE,SYNTH_ADVERSARY_V1
BEN-002614,Barabanki,AID-2026-DR-114,environment,group,TRUE,SYNTH_ADVERSARY_V1
BEN-022753,Barabanki,AID-2026-ED-512,youth development,group,TRUE,SYNTH_ADVERSARY_V1
BEN-012881,Diffa,AID-2026-ED-512,youth development,individual,TRUE,SYNTH_ADVERSARY_V1
BEN-001353,Diffa,AID-2026-SH-455,youth development,household,TRUE,SYNTH_ADVERSARY_V1
BEN-007908,Diffa,AID-2026-SH-455,youth development,group,TRUE,SYNTH_ADVERSARY_V1
BEN-002662,Diffa,AID-2026-ED-512,education,individual,TRUE,SYNTH_ADVERSARY_V1
BEN-021862,Diffa,AID-2026-ED-512,environment,group,TRUE,SYNTH_ADVERSARY_V1
BEN-012507,Diffa,AID-2026-SH-455,environment,individual,TRUE,SYNTH_ADVERSARY_V1
BEN-016069,Diffa,AID-2026-WS-618,food and agriculture,household,TRUE,SYNTH_ADVERSARY_V1
BEN-013744,Diffa,AID-2026-ED-512,youth development,household,TRUE,SYNTH_ADVERSARY_V1
BEN-006217,Diffa,AID-2026-DR-114,civil rights,group,TRUE,SYNTH_ADVERSARY_V1
BEN-018560,Diffa,AID-2026-ED-512,international development,individual,TRUE,SYNTH_ADVERSARY_V1
BEN-001591,Kassala,AID-2026-DR-114,human services,household,TRUE,SYNTH_ADVERSARY_V1
BEN-005861,Diffa,AID-2026-SH-455,disaster relief,household,TRUE,SYNTH_ADVERSARY_V1
BEN-004743,Rafah,AID-2026-SH-455,housing,individual,TRUE,SYNTH_ADVERSARY_V1
BEN-016070,Sitapur,AID-2026-ED-512,housing,household,TRUE,SYNTH_ADVERSARY_V1
BEN-008701,Sitapur,AID-2026-WS-618,international development,individual,TRUE,SYNTH_ADVERSARY_V1
BEN-022621,Balrampur,AID-2026-ED-512,medical,group,TRUE,SYNTH_ADVERSARY_V1
BEN-014447,Balrampur,AID-2026-HL-330,education,household,TRUE,SYNTH_ADVERSARY_V1
BEN-021697,Balrampur,AID-2026-FS-207,food and agriculture,household,TRUE,SYNTH_ADVERSARY_V1
BEN-017368,Balrampur,AID-2026-ED-512,civil rights,household,TRUE,SYNTH_ADVERSARY_V1
BEN-023483,Diffa,AID-2026-FS-207,civil rights,household,TRUE,SYNTH_ADVERSARY_V1
BEN-008732,Balrampur,AID-2026-SH-455,medical,individual,TRUE,SYNTH_ADVERSARY_V1
BEN-001534,Balrampur,AID-2026-SH-455,disaster relief,individual,TRUE,SYNTH_ADVERSARY_V1
BEN-017695,Nyala,AID-2026-DR-114,medical,household,TRUE,SYNTH_ADVERSARY_V1
BEN-005317,Balrampur,AID-2026-ED-512,environment,group,TRUE,SYNTH_ADVERSARY_V1
BEN-009317,Balrampur,AID-2026-SH-455,medical,household,TRUE,SYNTH_ADVERSARY_V1
BEN-014998,Balrampur,AID-2026-SH-455,environment,household,TRUE,SYNTH_ADVERSARY_V1
BEN-025706,Balrampur,AID-2026-WS-618,food and agriculture,household,TRUE,SYNTH_ADVERSARY_V1
BEN-000433,Balrampur,AID-2026-DR-114,housing,individual,TRUE,SYNTH_ADVERSARY_V1
BEN-000610,Balrampur,AID-2026-FS-207,food and agriculture,household,TRUE,SYNTH_ADVERSARY_V1
BEN-012557,Balrampur,AID-2026-FS-207,international development,household,TRUE,SYNTH_ADVERSARY_V1
BEN-016002,Balrampur,AID-2026-ED-512,housing,household,TRUE,SYNTH_ADVERSARY_V1
BEN-017204,Balrampur,AID-2026-WS-618,food and agriculture,household,TRUE,SYNTH_ADVERSARY_V1
BEN-015623,Balrampur,AID-2026-DR-114,education,individual,TRUE,SYNTH_ADVERSARY_V1
BEN-003264,Wad Madani,AID-2026-DR-114,food and agriculture,individual,TRUE,SYNTH_ADVERSARY_V1
BEN-018897,Wad Madani,AID-2026-ED-512,medical,individual,TRUE,SYNTH_ADVERSARY_V1
BEN-018080,Wad Madani,AID-2026-FS-207,disaster relief,household,TRUE,SYNTH_ADVERSARY_V1
BEN-019095,Wad Madani,AID-2026-HL-330,housing,individual,TRUE,SYNTH_ADVERSARY_V1
BEN-021795,Wad Madani,AID-2026-DR-114,food and agriculture,household,TRUE,SYNTH_ADVERSARY_V1
BEN-002224,Wad Madani,AID-2026-ED-512,youth development,individual,TRUE,SYNTH_ADVERSARY_V1
BEN-008950,Wad Madani,AID-2026-DR-114,youth development,group,TRUE,SYNTH_ADVERSARY_V1
BEN-016011,Wad Madani,AID-2026-WS-618,disaster relief,household,TRUE,SYNTH_ADVERSARY_V1
BEN-015090,El Obeid,AID-2026-SH-455,disaster relief,group,TRUE,SYNTH_ADVERSARY_V1
BEN-007761,Chitrakoot,AID-2026-DR-114,medical,individual,TRUE,SYNTH_ADVERSARY_V1
BEN-021006,Chitrakoot,AID-2026-DR-114,youth development,individual,TRUE,SYNTH_ADVERSARY_V1
BEN-010176,Chitrakoot,AID-2026-HL-330,civil rights,household,TRUE,SYNTH_ADVERSARY_V1
BEN-004603,Chitrakoot,AID-2026-WS-618,education,household,TRUE,SYNTH_ADVERSARY_V1
BEN-024591,Chitrakoot,AID-2026-ED-512,housing,group,TRUE,SYNTH_ADVERSARY_V1
BEN-015477,Chitrakoot,AID-2026-ED-512,international development,group,TRUE,SYNTH_ADVERSARY_V1
BEN-000636,Chitrakoot,AID-2026-HL-330,human services,household,TRUE,SYNTH_ADVERSARY_V1
BEN-017259,Barabanki,AID-2026-HL-330,disaster relief,household,TRUE,SYNTH_ADVERSARY_V1
BEN-009362,Chitrakoot,AID-2026-FS-207,human services,group,TRUE,SYNTH_ADVERSARY_V1
BEN-024450,El Obeid,AID-2026-FS-207,housing,household,TRUE,SYNTH_ADVERSARY_V1
BEN-008036,Maradi,AID-2026-WS-618,environment,household,TRUE,SYNTH_ADVERSARY_V1
BEN-010163,Kutupalong,AID-2026-HL-330,disaster relief,household,TRUE,SYNTH_ADVERSARY_V1
BEN-017117,Kassala,AID-2026-HL-330,medical,household,TRUE,SYNTH_ADVERSARY_V1
BEN-002050,Kutupalong,AID-2026-HL-330,human services,household,TRUE,SYNTH_ADVERSARY_V1
BEN-013504,Kutupalong,AID-2026-FS-207,housing,individual,TRUE,SYNTH_ADVERSARY_V1
BEN-004023,Kutupalong,AID-2026-DR-114,medical,household,TRUE,SYNTH_ADVERSARY_V1
BEN-019893,Kutupalong,AID-2026-HL-330,international development,household,TRUE,SYNTH_ADVERSARY_V1
BEN-004669,Rafah,AID-2026-ED-512,disaster relief,household,TRUE,SYNTH_ADVERSARY_V1
BEN-017771,Rafah,AID-2026-SH-455,civil rights,individual,TRUE,SYNTH_ADVERSARY_V1
BEN-025804,Rafah,AID-2026-FS-207,education,group,TRUE,SYNTH_ADVERSARY_V1
BEN-008894,Rafah,AID-2026-WS-618,education,household,TRUE,SYNTH_ADVERSARY_V1
BEN-023031,Rafah,AID-2026-WS-618,disaster relief,household,TRUE,SYNTH_ADVERSARY_V1
BEN-012284,Rafah,AID-2026-SH-455,education,household,TRUE,SYNTH_ADVERSARY_V1
BEN-019946,Sitapur,AID-2026-FS-207,education,group,TRUE,SYNTH_ADVERSARY_V1
BEN-008545,Sitapur,AID-2026-WS-618,food and agriculture,group,TRUE,SYNTH_ADVERSARY_V1
BEN-019987,Sitapur,AID-2026-FS-207,disaster relief,group,TRUE,SYNTH_ADVERSARY_V1
BEN-009845,Sitapur,AID-2026-HL-330,youth development,household,TRUE,SYNTH_ADVERSARY_V1
BEN-004502,Sitapur,AID-2026-SH-455,civil rights,individual,TRUE,SYNTH_ADVERSARY_V1
BEN-019354,Sitapur,AID-2026-FS-207,medical,individual,TRUE,SYNTH_ADVERSARY_V1
BEN-022433,Sitapur,AID-2026-ED-512,environment,household,TRUE,SYNTH_ADVERSARY_V1
BEN-001898,Deir al-Balah,AID-2026-HL-330,youth development,household,TRUE,SYNTH_ADVERSARY_V1
BEN-020084,Deir al-Balah,AID-2026-WS-618,disaster relief,household,TRUE,SYNTH_ADVERSARY_V1
BEN-002095,Deir al-Balah,AID-2026-HL-330,human services,household,TRUE,SYNTH_ADVERSARY_V1
BEN-007682,Deir al-Balah,AID-2026-ED-512,housing,individual,TRUE,SYNTH_ADVERSARY_V1
BEN-019089,Deir al-Balah,AID-2026-WS-618,medical,individual,TRUE,SYNTH_ADVERSARY_V1
BEN-002096,Deir al-Balah,AID-2026-ED-512,housing,household,TRUE,SYNTH_ADVERSARY_V1
BEN-014615,Deir al-Balah,AID-2026-HL-330,youth development,individual,TRUE,SYNTH_ADVERSARY_V1
BEN-011053,Deir al-Balah,AID-2026-FS-207,civil rights,individual,TRUE,SYNTH_ADVERSARY_V1
BEN-018423,Deir al-Balah,AID-2026-SH-455,housing,individual,TRUE,SYNTH_ADVERSARY_V1
BEN-013214,Deir al-Balah,AID-2026-DR-114,civil rights,household,TRUE,SYNTH_ADVERSARY_V1
BEN-021189,Gaza North,AID-2026-ED-512,housing,individual,TRUE,SYNTH_ADVERSARY_V1
BEN-007643,Deir al-Balah,AID-2026-ED-512,human services,individual,TRUE,SYNTH_ADVERSARY_V1
BEN-009917,Rafah,AID-2026-DR-114,international development,individual,TRUE,SYNTH_ADVERSARY_V1
BEN-003430,Rafah,AID-2026-SH-455,medical,household,TRUE,SYNTH_ADVERSARY_V1
BEN-015847,Cox's Bazar,AID-2026-SH-455,housing,household,TRUE,SYNTH_ADVERSARY_V1
BEN-000053,Rafah,AID-2026-ED-512,environment,individual,TRUE,SYNTH_ADVERSARY_V1
BEN-008953,Rafah,AID-2026-ED-512,international development,household,TRUE,SYNTH_ADVERSARY_V1
BEN-023500,El Obeid,AID-2026-WS-618,medical,household,TRUE,SYNTH_ADVERSARY_V1
BEN-021589,Khan Yunis,AID-2026-HL-330,human services,household,TRUE,SYNTH_ADVERSARY_V1
BEN-014356,Rafah,AID-2026-SH-455,civil rights,group,TRUE,SYNTH_ADVERSARY_V1
BEN-007047,Rafah,AID-2026-DR-114,medical,household,TRUE,SYNTH_ADVERSARY_V1
BEN-020906,Rafah,AID-2026-FS-207,disaster relief,household,TRUE,SYNTH_ADVERSARY_V1
BEN-010789,Maradi,AID-2026-FS-207,youth development,individual,TRUE,SYNTH_ADVERSARY_V1
BEN-025651,Gaza North,AID-2026-ED-512,youth development,household,TRUE,SYNTH_ADVERSARY_V1
BEN-022582,Wad Madani,AID-2026-ED-512,civil rights,household,TRUE,SYNTH_ADVERSARY_V1
BEN-024582,Rafah,AID-2026-DR-114,civil rights,individual,TRUE,SYNTH_ADVERSARY_V1
BEN-006938,Cox's Bazar,AID-2026-WS-618,international development,group,TRUE,SYNTH_ADVERSARY_V1
BEN-025059,Cox's Bazar,AID-2026-ED-512,housing,individual,TRUE,SYNTH_ADVERSARY_V1
BEN-025183,Khan Yunis,AID-2026-WS-618,medical,individual,TRUE,SYNTH_ADVERSARY_V1
BEN-018747,Chitrakoot,AID-2026-DR-114,medical,household,TRUE,SYNTH_ADVERSARY_V1
BEN-007578,Khan Yunis,AID-2026-FS-207,international development,group,TRUE,SYNTH_ADVERSARY_V1
BEN-017579,Khan Yunis,AID-2026-SH-455,education,household,TRUE,SYNTH_ADVERSARY_V1
BEN-021020,Khan Yunis,AID-2026-DR-114,education,household,TRUE,SYNTH_ADVERSARY_V1
BEN-019645,Gaza North,AID-2026-DR-114,disaster relief,group,TRUE,SYNTH_ADVERSARY_V1
BEN-003968,Wad Madani,AID-2026-SH-455,international development,group,TRUE,SYNTH_ADVERSARY_V1
BEN-002721,Deir al-Balah,AID-2026-HL-330,international development,household,TRUE,SYNTH_ADVERSARY_V1
BEN-021368,Maradi,AID-2026-FS-207,environment,household,TRUE,SYNTH_ADVERSARY_V1
BEN-020403,Maradi,AID-2026-HL-330,environment,household,TRUE,SYNTH_ADVERSARY_V1
BEN-007670,Maradi,AID-2026-DR-114,environment,individual,TRUE,SYNTH_ADVERSARY_V1
BEN-008666,Maradi,AID-2026-DR-114,environment,individual,TRUE,SYNTH_ADVERSARY_V1
BEN-013809,Balrampur,AID-2026-WS-618,human services,individual,TRUE,SYNTH_ADVERSARY_V1
BEN-002798,Maradi,AID-2026-ED-512,medical,household,TRUE,SYNTH_ADVERSARY_V1
BEN-014066,Maradi,AID-2026-SH-455,human services,individual,TRUE,SYNTH_ADVERSARY_V1
BEN-011593,Cox's Bazar,AID-2026-DR-114,international development,household,TRUE,SYNTH_ADVERSARY_V1
BEN-003371,Khan Yunis,AID-2026-FS-207,environment,individual,TRUE,SYNTH_ADVERSARY_V1
BEN-000769,Sitapur,AID-2026-ED-512,food and agriculture,household,TRUE,SYNTH_ADVERSARY_V1
BEN-002067,Cox's Bazar,AID-2026-DR-114,international development,individual,TRUE,SYNTH_ADVERSARY_V1
BEN-015120,Cox's Bazar,AID-2026-SH-455,international development,group,TRUE,SYNTH_ADVERSARY_V1
BEN-023637,Khan Yunis,AID-2026-SH-455,education,individual,TRUE,SYNTH_ADVERSARY_V1
BEN-004131,Cox's Bazar,AID-2026-FS-207,education,group,TRUE,SYNTH_ADVERSARY_V1
BEN-011908,Kutupalong,AID-2026-DR-114,civil rights,household,TRUE,SYNTH_ADVERSARY_V1
BEN-015334,Cox's Bazar,AID-2026-FS-207,international development,individual,TRUE,SYNTH_ADVERSARY_V1
BEN-019145,Sitapur,AID-2026-FS-207,disaster relief,household,TRUE,SYNTH_ADVERSARY_V1
BEN-000439,Sitapur,AID-2026-FS-207,food and agriculture,household,TRUE,SYNTH_ADVERSARY_V1
BEN-006543,Sitapur,AID-2026-ED-512,environment,household,TRUE,SYNTH_ADVERSARY_V1
BEN-018089,Sitapur,AID-2026-ED-512,disaster relief,household,TRUE,SYNTH_ADVERSARY_V1
BEN-000407,Sitapur,AID-2026-ED-512,housing,household,TRUE,SYNTH_ADVERSARY_V1
BEN-006820,Sitapur,AID-2026-FS-207,medical,group,TRUE,SYNTH_ADVERSARY_V1
BEN-015875,Sitapur,AID-2026-DR-114,international development,household,TRUE,SYNTH_ADVERSARY_V1
BEN-004428,Sitapur,AID-2026-DR-114,medical,group,TRUE,SYNTH_ADVERSARY_V1
BEN-010475,Sitapur,AID-2026-SH-455,housing,household,TRUE,SYNTH_ADVERSARY_V1
BEN-015772,Sitapur,AID-2026-HL-330,youth development,individual,TRUE,SYNTH_ADVERSARY_V1
BEN-017577,Sitapur,AID-2026-WS-618,medical,household,TRUE,SYNTH_ADVERSARY_V1
BEN-002137,Sitapur,AID-2026-DR-114,housing,group,TRUE,SYNTH_ADVERSARY_V1
BEN-012419,Sitapur,AID-2026-FS-207,human services,individual,TRUE,SYNTH_ADVERSARY_V1
BEN-020468,Nyala,AID-2026-DR-114,environment,household,TRUE,SYNTH_ADVERSARY_V1
BEN-017355,Barabanki,AID-2026-ED-512,disaster relief,group,TRUE,SYNTH_ADVERSARY_V1
BEN-009935,Barabanki,AID-2026-SH-455,civil rights,individual,TRUE,SYNTH_ADVERSARY_V1
BEN-013625,Barabanki,AID-2026-ED-512,disaster relief,household,TRUE,SYNTH_ADVERSARY_V1
BEN-018332,Barabanki,AID-2026-ED-512,food and agriculture,individual,TRUE,SYNTH_ADVERSARY_V1
BEN-018254,Barabanki,AID-2026-WS-618,education,household,TRUE,SYNTH_ADVERSARY_V1
BEN-001340,Barabanki,AID-2026-ED-512,human services,individual,TRUE,SYNTH_ADVERSARY_V1
BEN-009325,Barabanki,AID-2026-DR-114,environment,household,TRUE,SYNTH_ADVERSARY_V1
BEN-018989,Kassala,AID-2026-FS-207,human services,household,TRUE,SYNTH_ADVERSARY_V1
BEN-003542,Khan Yunis,AID-2026-HL-330,housing,individual,TRUE,SYNTH_ADVERSARY_V1
BEN-004894,Kassala,AID-2026-FS-207,medical,household,TRUE,SYNTH_ADVERSARY_V1
BEN-012101,Kassala,AID-2026-HL-330,human services,household,TRUE,SYNTH_ADVERSARY_V1
BEN-023713,Kassala,AID-2026-DR-114,international development,individual,TRUE,SYNTH_ADVERSARY_V1
BEN-000026,Kassala,AID-2026-ED-512,human services,household,TRUE,SYNTH_ADVERSARY_V1
BEN-001847,Chitrakoot,AID-2026-SH-455,environment,individual,TRUE,SYNTH_ADVERSARY_V1
BEN-023522,Chitrakoot,AID-2026-HL-330,food and agriculture,household,TRUE,SYNTH_ADVERSARY_V1
BEN-009331,Chitrakoot,AID-2026-DR-114,youth development,group,TRUE,SYNTH_ADVERSARY_V1
BEN-001795,Rafah,AID-2026-FS-207,civil rights,household,TRUE,SYNTH_ADVERSARY_V1
BEN-020548,Chitrakoot,AID-2026-HL-330,medical,household,TRUE,SYNTH_ADVERSARY_V1
BEN-007552,Balrampur,AID-2026-SH-455,youth development,household,TRUE,SYNTH_ADVERSARY_V1
BEN-010212,Chitrakoot,AID-2026-WS-618,education,household,TRUE,SYNTH_ADVERSARY_V1
BEN-024565,Cox's Bazar,AID-2026-DR-114,civil rights,household,TRUE,SYNTH_ADVERSARY_V1
BEN-014080,Wad Madani,AID-2026-FS-207,human services,household,TRUE,SYNTH_ADVERSARY_V1
BEN-021276,Barabanki,AID-2026-WS-618,human services,household,TRUE,SYNTH_ADVERSARY_V1
BEN-024046,Barabanki,AID-2026-FS-207,civil rights,household,TRUE,SYNTH_ADVERSARY_V1
BEN-010202,Barabanki,AID-2026-SH-455,housing,household,TRUE,SYNTH_ADVERSARY_V1
BEN-014124,Barabanki,AID-2026-DR-114,housing,group,TRUE,SYNTH_ADVERSARY_V1
BEN-008565,Barabanki,AID-2026-WS-618,international development,individual,TRUE,SYNTH_ADVERSARY_V1
BEN-017219,Barabanki,AID-2026-DR-114,food and agriculture,group,TRUE,SYNTH_ADVERSARY_V1
BEN-024363,Kassala,AID-2026-SH-455,disaster relief,individual,TRUE,SYNTH_ADVERSARY_V1
BEN-020683,Khan Yunis,AID-2026-WS-618,disaster relief,household,TRUE,SYNTH_ADVERSARY_V1
BEN-012201,Khan Yunis,AID-2026-WS-618,food and agriculture,household,TRUE,SYNTH_ADVERSARY_V1
BEN-025947,Khan Yunis,AID-2026-WS-618,food and agriculture,individual,TRUE,SYNTH_ADVERSARY_V1
BEN-000963,Khan Yunis,AID-2026-FS-207,international development,household,TRUE,SYNTH_ADVERSARY_V1
BEN-012736,Khan Yunis,AID-2026-DR-114,disaster relief,individual,TRUE,SYNTH_ADVERSARY_V1
BEN-000250,Khan Yunis,AID-2026-WS-618,disaster relief,group,TRUE,SYNTH_ADVERSARY_V1
BEN-002650,Maradi,AID-2026-ED-512,environment,individual,TRUE,SYNTH_ADVERSARY_V1
BEN-008451,Khan Yunis,AID-2026-WS-618,civil rights,individual,TRUE,SYNTH_ADVERSARY_V1
BEN-015338,Khan Yunis,AID-2026-ED-512,food and agriculture,individual,TRUE,SYNTH_ADVERSARY_V1
BEN-023458,Khan Yunis,AID-2026-DR-114,food and agriculture,household,TRUE,SYNTH_ADVERSARY_V1
BEN-006445,Kutupalong,AID-2026-SH-455,environment,household,TRUE,SYNTH_ADVERSARY_V1
BEN-007954,Kutupalong,AID-2026-HL-330,environment,individual,TRUE,SYNTH_ADVERSARY_V1
BEN-011952,Kutupalong,AID-2026-DR-114,medical,individual,TRUE,SYNTH_ADVERSARY_V1
BEN-015389,Kutupalong,AID-2026-FS-207,food and agriculture,individual,TRUE,SYNTH_ADVERSARY_V1
BEN-012400,Kutupalong,AID-2026-DR-114,disaster relief,household,TRUE,SYNTH_ADVERSARY_V1
BEN-019964,Kutupalong,AID-2026-FS-207,international development,household,TRUE,SYNTH_ADVERSARY_V1
BEN-003482,Kutupalong,AID-2026-FS-207,medical,individual,TRUE,SYNTH_ADVERSARY_V1
BEN-018368,Kutupalong,AID-2026-HL-330,food and agriculture,group,TRUE,SYNTH_ADVERSARY_V1
BEN-020457,Kutupalong,AID-2026-FS-207,youth development,individual,TRUE,SYNTH_ADVERSARY_V1
BEN-010486,Khan Yunis,AID-2026-ED-512,civil rights,individual,TRUE,SYNTH_ADVERSARY_V1
BEN-014035,Chitrakoot,AID-2026-ED-512,youth development,individual,TRUE,SYNTH_ADVERSARY_V1
BEN-022473,Khan Yunis,AID-2026-ED-512,international development,household,TRUE,SYNTH_ADVERSARY_V1
BEN-024558,Khan Yunis,AID-2026-FS-207,disaster relief,individual,TRUE,SYNTH_ADVERSARY_V1
BEN-021217,Khan Yunis,AID-2026-ED-512,education,individual,TRUE,SYNTH_ADVERSARY_V1
BEN-004661,Khan Yunis,AID-2026-ED-512,human services,group,TRUE,SYNTH_ADVERSARY_V1
BEN-017323,Khan Yunis,AID-2026-FS-207,youth development,household,TRUE,SYNTH_ADVERSARY_V1
BEN-021378,Khan Yunis,AID-2026-DR-114,youth development,household,TRUE,SYNTH_ADVERSARY_V1
BEN-002283,Khan Yunis,AID-2026-HL-330,international development,household,TRUE,SYNTH_ADVERSARY_V1
BEN-008182,Khan Yunis,AID-2026-WS-618,medical,household,TRUE,SYNTH_ADVERSARY_V1
BEN-009640,El Obeid,AID-2026-DR-114,education,individual,TRUE,SYNTH_ADVERSARY_V1
BEN-012755,Khan Yunis,AID-2026-SH-455,environment,group,TRUE,SYNTH_ADVERSARY_V1
BEN-013948,Khan Yunis,AID-2026-HL-330,youth development,individual,TRUE,SYNTH_ADVERSARY_V1
BEN-017329,Cox's Bazar,AID-2026-HL-330,international development,individual,TRUE,SYNTH_ADVERSARY_V1
BEN-005193,Sitapur,AID-2026-WS-618,international development,household,TRUE,SYNTH_ADVERSARY_V1
BEN-013837,Khan Yunis,AID-2026-WS-618,international development,group,TRUE,SYNTH_ADVERSARY_V1
BEN-011521,El Obeid,AID-2026-ED-512,food and agriculture,household,TRUE,SYNTH_ADVERSARY_V1
BEN-014084,El Obeid,AID-2026-ED-512,environment,household,TRUE,SYNTH_ADVERSARY_V1
BEN-013140,El Obeid,AID-2026-DR-114,human services,household,TRUE,SYNTH_ADVERSARY_V1
BEN-015703,El Obeid,AID-2026-SH-455,medical,household,TRUE,SYNTH_ADVERSARY_V1
BEN-015789,El Obeid,AID-2026-DR-114,international development,household,TRUE,SYNTH_ADVERSARY_V1
BEN-010047,El Obeid,AID-2026-ED-512,youth development,household,TRUE,SYNTH_ADVERSARY_V1
BEN-007804,Barabanki,AID-2026-WS-618,human services,individual,TRUE,SYNTH_ADVERSARY_V1
BEN-005725,Maradi,AID-2026-WS-618,education,individual,TRUE,SYNTH_ADVERSARY_V1
BEN-006547,Maradi,AID-2026-FS-207,medical,household,TRUE,SYNTH_ADVERSARY_V1
BEN-017645,Maradi,AID-2026-DR-114,education,group,TRUE,SYNTH_ADVERSARY_V1
BEN-001718,Maradi,AID-2026-HL-330,civil rights,individual,TRUE,SYNTH_ADVERSARY_V1
BEN-014979,Maradi,AID-2026-FS-207,environment,individual,TRUE,SYNTH_ADVERSARY_V1
BEN-005319,Wad Madani,AID-2026-HL-330,environment,individual,TRUE,SYNTH_ADVERSARY_V1
BEN-020584,Sitapur,AID-2026-FS-207,civil rights,household,TRUE,SYNTH_ADVERSARY_V1
BEN-021900,Sitapur,AID-2026-SH-455,environment,household,TRUE,SYNTH_ADVERSARY_V1
BEN-012512,Sitapur,AID-2026-FS-207,youth development,group,TRUE,SYNTH_ADVERSARY_V1
BEN-010975,Sitapur,AID-2026-ED-512,human services,group,TRUE,SYNTH_ADVERSARY_V1
BEN-016481,Sitapur,AID-2026-FS-207,disaster relief,individual,TRUE,SYNTH_ADVERSARY_V1
BEN-017713,Barabanki,AID-2026-ED-512,youth development,household,TRUE,SYNTH_ADVERSARY_V1
BEN-022144,Sitapur,AID-2026-DR-114,education,household,TRUE,SYNTH_ADVERSARY_V1
BEN-009266,Sitapur,AID-2026-DR-114,medical,group,TRUE,SYNTH_ADVERSARY_V1
BEN-002355,Nyala,AID-2026-SH-455,food and agriculture,household,TRUE,SYNTH_ADVERSARY_V1
BEN-004323,Nyala,AID-2026-ED-512,human services,household,TRUE,SYNTH_ADVERSARY_V1
BEN-025958,Nyala,AID-2026-WS-618,disaster relief,individual,TRUE,SYNTH_ADVERSARY_V1
BEN-014592,Kassala,AID-2026-WS-618,civil rights,household,TRUE,SYNTH_ADVERSARY_V1
BEN-024371,Nyala,AID-2026-SH-455,environment,group,TRUE,SYNTH_ADVERSARY_V1
BEN-002313,El Obeid,AID-2026-SH-455,environment,group,TRUE,SYNTH_ADVERSARY_V1
BEN-001296,Nyala,AID-2026-SH-455,education,group,TRUE,SYNTH_ADVERSARY_V1
BEN-000658,Nyala,AID-2026-ED-512,international development,household,TRUE,SYNTH_ADVERSARY_V1
BEN-003095,Nyala,AID-2026-SH-455,international development,individual,TRUE,SYNTH_ADVERSARY_V1
BEN-021647,Maradi,AID-2026-SH-455,food and agriculture,individual,TRUE,SYNTH_ADVERSARY_V1
BEN-016636,Maradi,AID-2026-HL-330,food and agriculture,group,TRUE,SYNTH_ADVERSARY_V1
BEN-006956,Maradi,AID-2026-SH-455,education,individual,TRUE,SYNTH_ADVERSARY_V1
BEN-025470,El Obeid,AID-2026-DR-114,environment,individual,TRUE,SYNTH_ADVERSARY_V1
BEN-016979,Khan Yunis,AID-2026-DR-114,food and agriculture,household,TRUE,SYNTH_ADVERSARY_V1
BEN-021171,Khan Yunis,AID-2026-WS-618,environment,household,TRUE,SYNTH_ADVERSARY_V1
BEN-008150,Khan Yunis,AID-2026-ED-512,international development,household,TRUE,SYNTH_ADVERSARY_V1
BEN-006052,Khan Yunis,AID-2026-WS-618,food and agriculture,household,TRUE,SYNTH_ADVERSARY_V1
BEN-004638,Khan Yunis,AID-2026-WS-618,food and agriculture,group,TRUE,SYNTH_ADVERSARY_V1
BEN-013301,Khan Yunis,AID-2026-FS-207,medical,household,TRUE,SYNTH_ADVERSARY_V1
BEN-003270,Khan Yunis,AID-2026-FS-207,environment,household,TRUE,SYNTH_ADVERSARY_V1
BEN-022084,Khan Yunis,AID-2026-HL-330,food and agriculture,household,TRUE,SYNTH_ADVERSARY_V1
BEN-003349,Khan Yunis,AID-2026-WS-618,food and agriculture,household,TRUE,SYNTH_ADVERSARY_V1
BEN-022052,Khan Yunis,AID-2026-FS-207,international development,household,TRUE,SYNTH_ADVERSARY_V1
BEN-005232,Khan Yunis,AID-2026-ED-512,youth development,household,TRUE,SYNTH_ADVERSARY_V1
BEN-021742,Diffa,AID-2026-FS-207,medical,household,TRUE,SYNTH_ADVERSARY_V1
BEN-005324,Diffa,AID-2026-ED-512,international development,group,TRUE,SYNTH_ADVERSARY_V1
BEN-011809,Nyala,AID-2026-WS-618,medical,individual,TRUE,SYNTH_ADVERSARY_V1
BEN-011897,Barabanki,AID-2026-HL-330,human services,group,TRUE,SYNTH_ADVERSARY_V1
BEN-022237,Diffa,AID-2026-ED-512,medical,household,TRUE,SYNTH_ADVERSARY_V1
BEN-020576,Diffa,AID-2026-DR-114,education,household,TRUE,SYNTH_ADVERSARY_V1
BEN-019177,Diffa,AID-2026-WS-618,international development,individual,TRUE,SYNTH_ADVERSARY_V1
BEN-000259,Kassala,AID-2026-HL-330,environment,household,TRUE,SYNTH_ADVERSARY_V1
BEN-005306,Kassala,AID-2026-WS-618,food and agriculture,group,TRUE,SYNTH_ADVERSARY_V1
BEN-021292,Kassala,AID-2026-ED-512,human services,household,TRUE,SYNTH_ADVERSARY_V1
BEN-022971,Kassala,AID-2026-ED-512,youth development,individual,TRUE,SYNTH_ADVERSARY_V1
BEN-014742,Kassala,AID-2026-ED-512,international development,household,TRUE,SYNTH_ADVERSARY_V1
BEN-025000,Kassala,AID-2026-FS-207,medical,household,TRUE,SYNTH_ADVERSARY_V1
BEN-018781,Kassala,AID-2026-FS-207,education,individual,TRUE,SYNTH_ADVERSARY_V1
BEN-016075,Kassala,AID-2026-WS-618,disaster relief,group,TRUE,SYNTH_ADVERSARY_V1
BEN-005488,Kassala,AID-2026-HL-330,international development,group,TRUE,SYNTH_ADVERSARY_V1
BEN-009613,Kassala,AID-2026-WS-618,civil rights,individual,TRUE,SYNTH_ADVERSARY_V1
BEN-020460,Gaza North,AID-2026-HL-330,environment,individual,TRUE,SYNTH_ADVERSARY_V1
BEN-002131,Gaza North,AID-2026-ED-512,civil rights,household,TRUE,SYNTH_ADVERSARY_V1
BEN-006973,Gaza North,AID-2026-DR-114,medical,individual,TRUE,SYNTH_ADVERSARY_V1
BEN-020675,Wad Madani,AID-2026-ED-512,human services,household,TRUE,SYNTH_ADVERSARY_V1
BEN-010685,Gaza North,AID-2026-SH-455,environment,household,TRUE,SYNTH_ADVERSARY_V1
BEN-019614,Gaza North,AID-2026-SH-455,international development,household,TRUE,SYNTH_ADVERSARY_V1
BEN-008715,Gaza North,AID-2026-ED-512,education,household,TRUE,SYNTH_ADVERSARY_V1
BEN-011076,Gaza North,AID-2026-SH-455,youth development,household,TRUE,SYNTH_ADVERSARY_V1
BEN-022463,Balrampur,AID-2026-WS-618,disaster relief,individual,TRUE,SYNTH_ADVERSARY_V1
BEN-023324,Balrampur,AID-2026-DR-114,international development,group,TRUE,SYNTH_ADVERSARY_V1
BEN-014074,Balrampur,AID-2026-HL-330,education,household,TRUE,SYNTH_ADVERSARY_V1
BEN-023060,Balrampur,AID-2026-SH-455,environment,household,TRUE,SYNTH_ADVERSARY_V1
BEN-009481,Kutupalong,AID-2026-ED-512,food and agriculture,group,TRUE,SYNTH_ADVERSARY_V1
BEN-014000,Balrampur,AID-2026-ED-512,international development,household,TRUE,SYNTH_ADVERSARY_V1
BEN-008722,Balrampur,AID-2026-HL-330,food and agriculture,household,TRUE,SYNTH_ADVERSARY_V1
BEN-004462,Balrampur,AID-2026-DR-114,education,individual,TRUE,SYNTH_ADVERSARY_V1
BEN-002155,Balrampur,AID-2026-FS-207,environment,individual,TRUE,SYNTH_ADVERSARY_V1
BEN-008010,Balrampur,AID-2026-DR-114,food and agriculture,household,TRUE,SYNTH_ADVERSARY_V1
BEN-023214,Kassala,AID-2026-FS-207,education,group,TRUE,SYNTH_ADVERSARY_V1
BEN-007480,Kassala,AID-2026-FS-207,disaster relief,individual,TRUE,SYNTH_ADVERSARY_V1
BEN-007037,Kassala,AID-2026-HL-330,human services,household,TRUE,SYNTH_ADVERSARY_V1
BEN-019598,Khan Yunis,AID-2026-ED-512,human services,household,TRUE,SYNTH_ADVERSARY_V1
BEN-019544,Kassala,AID-2026-DR-114,international development,household,TRUE,SYNTH_ADVERSARY_V1
BEN-024857,Kassala,AID-2026-SH-455,food and agriculture,individual,TRUE,SYNTH_ADVERSARY_V1
BEN-020964,Kassala,AID-2026-HL-330,youth development,group,TRUE,SYNTH_ADVERSARY_V1
BEN-014972,Kassala,AID-2026-WS-618,civil rights,individual,TRUE,SYNTH_ADVERSARY_V1
BEN-018291,Kassala,AID-2026-HL-330,medical,individual,TRUE,SYNTH_ADVERSARY_V1
BEN-013753,Kassala,AID-2026-ED-512,food and agriculture,group,TRUE,SYNTH_ADVERSARY_V1
BEN-022682,Deir al-Balah,AID-2026-HL-330,environment,individual,TRUE,SYNTH_ADVERSARY_V1
BEN-024110,Diffa,AID-2026-HL-330,medical,household,TRUE,SYNTH_ADVERSARY_V1
BEN-005949,Deir al-Balah,AID-2026-FS-207,youth development,household,TRUE,SYNTH_ADVERSARY_V1
BEN-016052,Deir al-Balah,AID-2026-HL-330,international development,household,TRUE,SYNTH_ADVERSARY_V1
BEN-018970,Deir al-Balah,AID-2026-ED-512,food and agriculture,household,TRUE,SYNTH_ADVERSARY_V1
BEN-018415,Chitrakoot,AID-2026-SH-455,education,household,TRUE,SYNTH_ADVERSARY_V1
BEN-000366,Sitapur,AID-2026-ED-512,civil rights,group,TRUE,SYNTH_ADVERSARY_V1
BEN-009628,Sitapur,AID-2026-HL-330,medical,household,TRUE,SYNTH_ADVERSARY_V1
BEN-006849,Gaza North,AID-2026-DR-114,youth development,household,TRUE,SYNTH_ADVERSARY_V1
BEN-011382,Nyala,AID-2026-SH-455,environment,household,TRUE,SYNTH_ADVERSARY_V1
BEN-018753,Khan Yunis,AID-2026-SH-455,international development,group,TRUE,SYNTH_ADVERSARY_V1
BEN-017062,Nyala,AID-2026-ED-512,environment,household,TRUE,SYNTH_ADVERSARY_V1
BEN-024625,Nyala,AID-2026-SH-455,disaster relief,household,TRUE,SYNTH_ADVERSARY_V1
BEN-009361,Nyala,AID-2026-WS-618,food and agriculture,group,TRUE,SYNTH_ADVERSARY_V1
BEN-014626,Nyala,AID-2026-FS-207,medical,group,TRUE,SYNTH_ADVERSARY_V1
BEN-009787,Nyala,AID-2026-ED-512,youth development,household,TRUE,SYNTH_ADVERSARY_V1
BEN-011983,Cox's Bazar,AID-2026-DR-114,civil rights,household,TRUE,SYNTH_ADVERSARY_V1
BEN-008692,Nyala,AID-2026-SH-455,food and agriculture,household,TRUE,SYNTH_ADVERSARY_V1
BEN-007547,Maradi,AID-2026-SH-455,environment,household,TRUE,SYNTH_ADVERSARY_V1
BEN-024589,Maradi,AID-2026-SH-455,civil rights,individual,TRUE,SYNTH_ADVERSARY_V1
BEN-018354,Maradi,AID-2026-HL-330,civil rights,household,TRUE,SYNTH_ADVERSARY_V1
BEN-012783,Maradi,AID-2026-ED-512,human services,group,TRUE,SYNTH_ADVERSARY_V1
BEN-002415,Maradi,AID-2026-HL-330,medical,household,TRUE,SYNTH_ADVERSARY_V1
BEN-003143,Barabanki,AID-2026-DR-114,medical,household,TRUE,SYNTH_ADVERSARY_V1
BEN-015287,Sitapur,AID-2026-HL-330,education,household,TRUE,SYNTH_ADVERSARY_V1
BEN-021869,Khan Yunis,AID-2026-HL-330,food and agriculture,household,TRUE,SYNTH_ADVERSARY_V1
BEN-023461,Balrampur,AID-2026-DR-114,housing,household,TRUE,SYNTH_ADVERSARY_V1
BEN-006008,Wad Madani,AID-2026-DR-114,civil rights,household,TRUE,SYNTH_ADVERSARY_V1
BEN-006989,Sitapur,AID-2026-SH-455,civil rights,individual,TRUE,SYNTH_ADVERSARY_V1
BEN-013147,Sitapur,AID-2026-WS-618,disaster relief,household,TRUE,SYNTH_ADVERSARY_V1
BEN-018403,Sitapur,AID-2026-SH-455,international development,individual,TRUE,SYNTH_ADVERSARY_V1
BEN-008607,Sitapur,AID-2026-WS-618,housing,group,TRUE,SYNTH_ADVERSARY_V1
BEN-016582,Sitapur,AID-2026-ED-512,human services,household,TRUE,SYNTH_ADVERSARY_V1
BEN-007152,Sitapur,AID-2026-WS-618,civil rights,individual,TRUE,SYNTH_ADVERSARY_V1
BEN-006856,Khan Yunis,AID-2026-ED-512,food and agriculture,household,TRUE,SYNTH_ADVERSARY_V1
BEN-006636,Khan Yunis,AID-2026-WS-618,medical,household,TRUE,SYNTH_ADVERSARY_V1
BEN-017120,Khan Yunis,AID-2026-ED-512,environment,household,TRUE,SYNTH_ADVERSARY_V1
BEN-009681,Khan Yunis,AID-2026-ED-512,youth development,individual,TRUE,SYNTH_ADVERSARY_V1
BEN-012208,Khan Yunis,AID-2026-DR-114,youth development,household,TRUE,SYNTH_ADVERSARY_V1
BEN-012857,Khan Yunis,AID-2026-SH-455,human services,household,TRUE,SYNTH_ADVERSARY_V1
BEN-005554,Khan Yunis,AID-2026-WS-618,education,group,TRUE,SYNTH_ADVERSARY_V1
BEN-016711,Khan Yunis,AID-2026-HL-330,medical,group,TRUE,SYNTH_ADVERSARY_V1
BEN-008324,Khan Yunis,AID-2026-WS-618,food and agriculture,individual,TRUE,SYNTH_ADVERSARY_V1
BEN-001012,Kassala,AID-2026-ED-512,food and agriculture,group,TRUE,SYNTH_ADVERSARY_V1
BEN-008195,Khan Yunis,AID-2026-SH-455,youth development,household,TRUE,SYNTH_ADVERSARY_V1
BEN-005648,Wad Madani,AID-2026-ED-512,international development,household,TRUE,SYNTH_ADVERSARY_V1
BEN-017571,Wad Madani,AID-2026-DR-114,youth development,household,TRUE,SYNTH_ADVERSARY_V1
BEN-013708,Deir al-Balah,AID-2026-HL-330,housing,household,TRUE,SYNTH_ADVERSARY_V1
BEN-009549,Wad Madani,AID-2026-WS-618,international development,individual,TRUE,SYNTH_ADVERSARY_V1
BEN-014767,Chitrakoot,AID-2026-WS-618,housing,individual,TRUE,SYNTH_ADVERSARY_V1
BEN-001609,Chitrakoot,AID-2026-FS-207,human services,individual,TRUE,SYNTH_ADVERSARY_V1
BEN-004558,Chitrakoot,AID-2026-ED-512,environment,household,TRUE,SYNTH_ADVERSARY_V1
BEN-019028,Chitrakoot,AID-2026-HL-330,human services,individual,TRUE,SYNTH_ADVERSARY_V1
BEN-011605,Maradi,AID-2026-WS-618,civil rights,group,TRUE,SYNTH_ADVERSARY_V1
BEN-000804,Chitrakoot,AID-2026-HL-330,youth development,individual,TRUE,SYNTH_ADVERSARY_V1
BEN-016134,Chitrakoot,AID-2026-DR-114,human services,household,TRUE,SYNTH_ADVERSARY_V1
BEN-002346,Gaza North,AID-2026-FS-207,environment,household,TRUE,SYNTH_ADVERSARY_V1
BEN-021470,Chitrakoot,AID-2026-HL-330,civil rights,household,TRUE,SYNTH_ADVERSARY_V1
BEN-017792,Gaza North,AID-2026-HL-330,medical,group,TRUE,SYNTH_ADVERSARY_V1
BEN-012767,Gaza North,AID-2026-HL-330,civil rights,household,TRUE,SYNTH_ADVERSARY_V1
BEN-005138,Gaza North,AID-2026-WS-618,civil rights,household,TRUE,SYNTH_ADVERSARY_V1
BEN-003759,Gaza North,AID-2026-WS-618,housing,individual,TRUE,SYNTH_ADVERSARY_V1
BEN-019603,Gaza North,AID-2026-SH-455,education,individual,TRUE,SYNTH_ADVERSARY_V1
BEN-024563,Gaza North,AID-2026-WS-618,food and agriculture,household,TRUE,SYNTH_ADVERSARY_V1
BEN-012288,Gaza North,AID-2026-SH-455,housing,group,TRUE,SYNTH_ADVERSARY_V1
BEN-006493,Gaza North,AID-2026-FS-207,housing,individual,TRUE,SYNTH_ADVERSARY_V1
BEN-015079,Chitrakoot,AID-2026-SH-455,education,household,TRUE,SYNTH_ADVERSARY_V1
BEN-023796,Chitrakoot,AID-2026-WS-618,disaster relief,household,TRUE,SYNTH_ADVERSARY_V1
BEN-001357,Chitrakoot,AID-2026-HL-330,education,individual,TRUE,SYNTH_ADVERSARY_V1
BEN-013482,Chitrakoot,AID-2026-FS-207,housing,individual,TRUE,SYNTH_ADVERSARY_V1
BEN-002772,Chitrakoot,AID-2026-SH-455,education,individual,TRUE,SYNTH_ADVERSARY_V1
BEN-016115,Chitrakoot,AID-2026-ED-512,human services,individual,TRUE,SYNTH_ADVERSARY_V1
BEN-006503,Chitrakoot,AID-2026-SH-455,human services,household,TRUE,SYNTH_ADVERSARY_V1
BEN-009478,Chitrakoot,AID-2026-DR-114,environment,household,TRUE,SYNTH_ADVERSARY_V1
BEN-014966,Chitrakoot,AID-2026-WS-618,education,individual,TRUE,SYNTH_ADVERSARY_V1
BEN-025972,Diffa,AID-2026-WS-618,education,household,TRUE,SYNTH_ADVERSARY_V1
BEN-009659,Diffa,AID-2026-ED-512,education,household,TRUE,SYNTH_ADVERSARY_V1
BEN-025268,Diffa,AID-2026-FS-207,youth development,household,TRUE,SYNTH_ADVERSARY_V1
BEN-007076,Diffa,AID-2026-FS-207,international development,household,TRUE,SYNTH_ADVERSARY_V1
BEN-001697,Diffa,AID-2026-ED-512,international development,household,TRUE,SYNTH_ADVERSARY_V1
BEN-020320,Diffa,AID-2026-HL-330,civil rights,household,TRUE,SYNTH_ADVERSARY_V1
BEN-000521,Diffa,AID-2026-WS-618,youth development,group,TRUE,SYNTH_ADVERSARY_V1
BEN-008784,Diffa,AID-2026-WS-618,environment,household,TRUE,SYNTH_ADVERSARY_V1
BEN-008531,Kutupalong,AID-2026-ED-512,human services,household,TRUE,SYNTH_ADVERSARY_V1
BEN-009175,Kutupalong,AID-2026-FS-207,housing,household,TRUE,SYNTH_ADVERSARY_V1
BEN-017848,Kutupalong,AID-2026-ED-512,housing,group,TRUE,SYNTH_ADVERSARY_V1
BEN-020252,Kutupalong,AID-2026-ED-512,disaster relief,group,TRUE,SYNTH_ADVERSARY_V1
BEN-024937,Balrampur,AID-2026-HL-330,international development,household,TRUE,SYNTH_ADVERSARY_V1
BEN-006393,Kassala,AID-2026-DR-114,education,individual,TRUE,SYNTH_ADVERSARY_V1
BEN-011980,Kassala,AID-2026-HL-330,disaster relief,household,TRUE,SYNTH_ADVERSARY_V1
BEN-025419,Kassala,AID-2026-ED-512,education,household,TRUE,SYNTH_ADVERSARY_V1
BEN-008932,Rafah,AID-2026-ED-512,environment,household,TRUE,SYNTH_ADVERSARY_V1
BEN-017341,Kassala,AID-2026-DR-114,environment,individual,TRUE,SYNTH_ADVERSARY_V1
BEN-013367,Kassala,AID-2026-ED-512,youth development,group,TRUE,SYNTH_ADVERSARY_V1
BEN-000738,Kassala,AID-2026-WS-618,food and agriculture,household,TRUE,SYNTH_ADVERSARY_V1
BEN-000653,Wad Madani,AID-2026-ED-512,housing,household,TRUE,SYNTH_ADVERSARY_V1
BEN-010856,Kassala,AID-2026-DR-114,disaster relief,group,TRUE,SYNTH_ADVERSARY_V1
BEN-011658,Kassala,AID-2026-HL-330,youth development,individual,TRUE,SYNTH_ADVERSARY_V1
BEN-016302,Balrampur,AID-2026-WS-618,medical,individual,TRUE,SYNTH_ADVERSARY_V1
BEN-015914,Balrampur,AID-2026-DR-114,medical,group,TRUE,SYNTH_ADVERSARY_V1
BEN-003641,Diffa,AID-2026-ED-512,medical,household,TRUE,SYNTH_ADVERSARY_V1
BEN-007722,Chitrakoot,AID-2026-HL-330,food and agriculture,individual,TRUE,SYNTH_ADVERSARY_V1
BEN-016194,Balrampur,AID-2026-DR-114,housing,household,TRUE,SYNTH_ADVERSARY_V1
BEN-018538,Balrampur,AID-2026-HL-330,food and agriculture,individual,TRUE,SYNTH_ADVERSARY_V1
BEN-014404,Cox's Bazar,AID-2026-ED-512,medical,group,TRUE,SYNTH_ADVERSARY_V1
BEN-012197,Maradi,AID-2026-SH-455,environment,individual,TRUE,SYNTH_ADVERSARY_V1
BEN-023484,Balrampur,AID-2026-ED-512,human services,household,TRUE,SYNTH_ADVERSARY_V1
BEN-022492,Balrampur,AID-2026-FS-207,civil rights,individual,TRUE,SYNTH_ADVERSARY_V1
BEN-021994,Sitapur,AID-2026-DR-114,international development,group,TRUE,SYNTH_ADVERSARY_V1
BEN-015551,Sitapur,AID-2026-SH-455,education,household,TRUE,SYNTH_ADVERSARY_V1
BEN-009763,Sitapur,AID-2026-ED-512,civil rights,group,TRUE,SYNTH_ADVERSARY_V1
BEN-000408,Sitapur,AID-2026-DR-114,human services,household,TRUE,SYNTH_ADVERSARY_V1
BEN-021772,Nyala,AID-2026-HL-330,international development,individual,TRUE,SYNTH_ADVERSARY_V1
BEN-000445,Sitapur,AID-2026-HL-330,medical,individual,TRUE,SYNTH_ADVERSARY_V1
BEN-013595,Sitapur,AID-2026-DR-114,civil rights,individual,TRUE,SYNTH_ADVERSARY_V1
BEN-022424,Chitrakoot,AID-2026-SH-455,youth development,individual,TRUE,SYNTH_ADVERSARY_V1
BEN-025892,Nyala,AID-2026-WS-618,medical,individual,TRUE,SYNTH_ADVERSARY_V1
BEN-002824,Nyala,AID-2026-ED-512,youth development,household,TRUE,SYNTH_ADVERSARY_V1
BEN-007113,Nyala,AID-2026-SH-455,disaster relief,household,TRUE,SYNTH_ADVERSARY_V1
BEN-004835,Nyala,AID-2026-HL-330,civil rights,household,TRUE,SYNTH_ADVERSARY_V1
BEN-001864,Diffa,AID-2026-FS-207,medical,household,TRUE,SYNTH_ADVERSARY_V1
BEN-021161,Nyala,AID-2026-HL-330,human services,individual,TRUE,SYNTH_ADVERSARY_V1
BEN-002726,Nyala,AID-2026-HL-330,human services,individual,TRUE,SYNTH_ADVERSARY_V1
BEN-000187,Nyala,AID-2026-DR-114,civil rights,individual,TRUE,SYNTH_ADVERSARY_V1
BEN-020342,Chitrakoot,AID-2026-DR-114,civil rights,household,TRUE,SYNTH_ADVERSARY_V1
BEN-017706,Chitrakoot,AID-2026-WS-618,medical,household,TRUE,SYNTH_ADVERSARY_V1
BEN-000952,Chitrakoot,AID-2026-SH-455,youth development,household,TRUE,SYNTH_ADVERSARY_V1
BEN-010722,Chitrakoot,AID-2026-ED-512,medical,household,TRUE,SYNTH_ADVERSARY_V1
BEN-011812,Chitrakoot,AID-2026-DR-114,human services,household,TRUE,SYNTH_ADVERSARY_V1
BEN-023774,Chitrakoot,AID-2026-FS-207,youth development,household,TRUE,SYNTH_ADVERSARY_V1
BEN-022526,El Obeid,AID-2026-WS-618,housing,group,TRUE,SYNTH_ADVERSARY_V1
BEN-019999,El Obeid,AID-2026-HL-330,housing,individual,TRUE,SYNTH_ADVERSARY_V1
BEN-024675,El Obeid,AID-2026-WS-618,civil rights,household,TRUE,SYNTH_ADVERSARY_V1
BEN-006869,El Obeid,AID-2026-WS-618,international development,individual,TRUE,SYNTH_ADVERSARY_V1
BEN-021061,Diffa,AID-2026-DR-114,education,household,TRUE,SYNTH_ADVERSARY_V1
BEN-008810,El Obeid,AID-2026-DR-114,housing,individual,TRUE,SYNTH_ADVERSARY_V1
BEN-019151,El Obeid,AID-2026-FS-207,disaster relief,household,TRUE,SYNTH_ADVERSARY_V1
BEN-022889,Wad Madani,AID-2026-WS-618,housing,individual,TRUE,SYNTH_ADVERSARY_V1
BEN-004954,Rafah,AID-2026-FS-207,disaster relief,group,TRUE,SYNTH_ADVERSARY_V1
BEN-016240,Nyala,AID-2026-SH-455,disaster relief,individual,TRUE,SYNTH_ADVERSARY_V1
BEN-006102,Diffa,AID-2026-ED-512,disaster relief,household,TRUE,SYNTH_ADVERSARY_V1
BEN-021655,Cox's Bazar,AID-2026-SH-455,education,group,TRUE,SYNTH_ADVERSARY_V1
BEN-020432,Diffa,AID-2026-FS-207,civil rights,household,TRUE,SYNTH_ADVERSARY_V1
BEN-022576,Diffa,AID-2026-ED-512,housing,household,TRUE,SYNTH_ADVERSARY_V1
BEN-010554,Diffa,AID-2026-WS-618,youth development,individual,TRUE,SYNTH_ADVERSARY_V1
BEN-002301,Diffa,AID-2026-WS-618,education,individual,TRUE,SYNTH_ADVERSARY_V1
BEN-004036,Diffa,AID-2026-WS-618,environment,household,TRUE,SYNTH_ADVERSARY_V1
BEN-013509,El Obeid,AID-2026-SH-455,international development,household,TRUE,SYNTH_ADVERSARY_V1
BEN-015404,Diffa,AID-2026-WS-618,environment,individual,TRUE,SYNTH_ADVERSARY_V1
BEN-006546,Balrampur,AID-2026-ED-512,human services,household,TRUE,SYNTH_ADVERSARY_V1
BEN-006794,Diffa,AID-2026-HL-330,youth development,individual,TRUE,SYNTH_ADVERSARY_V1
BEN-003422,Wad Madani,AID-2026-HL-330,education,household,TRUE,SYNTH_ADVERSARY_V1
BEN-006484,Wad Madani,AID-2026-SH-455,human services,individual,TRUE,SYNTH_ADVERSARY_V1
BEN-012548,Wad Madani,AID-2026-WS-618,human services,individual,TRUE,SYNTH_ADVERSARY_V1
BEN-015432,Wad Madani,AID-2026-SH-455,food and agriculture,household,TRUE,SYNTH_ADVERSARY_V1
BEN-013281,Wad Madani,AID-2026-DR-114,education,household,TRUE,SYNTH_ADVERSARY_V1
BEN-011073,Gaza North,AID-2026-SH-455,food and agriculture,household,TRUE,SYNTH_ADVERSARY_V1
BEN-019930,Kassala,AID-2026-ED-512,housing,household,TRUE,SYNTH_ADVERSARY_V1
BEN-009534,Gaza North,AID-2026-FS-207,human services,household,TRUE,SYNTH_ADVERSARY_V1
BEN-009345,Gaza North,AID-2026-DR-114,civil rights,group,TRUE,SYNTH_ADVERSARY_V1
BEN-024168,Gaza North,AID-2026-FS-207,education,individual,TRUE,SYNTH_ADVERSARY_V1
BEN-013435,Khan Yunis,AID-2026-SH-455,international development,household,TRUE,SYNTH_ADVERSARY_V1
BEN-005931,Khan Yunis,AID-2026-ED-512,education,household,TRUE,SYNTH_ADVERSARY_V1
BEN-000718,Nyala,AID-2026-DR-114,education,household,TRUE,SYNTH_ADVERSARY_V1
BEN-014855,Kassala,AID-2026-ED-512,education,household,TRUE,SYNTH_ADVERSARY_V1
BEN-013852,Maradi,AID-2026-DR-114,human services,household,TRUE,SYNTH_ADVERSARY_V1
BEN-021740,Kassala,AID-2026-ED-512,food and agriculture,group,TRUE,SYNTH_ADVERSARY_V1
BEN-023591,Rafah,AID-2026-WS-618,youth development,household,TRUE,SYNTH_ADVERSARY_V1
BEN-021092,Balrampur,AID-2026-WS-618,youth development,household,TRUE,SYNTH_ADVERSARY_V1
BEN-009849,Maradi,AID-2026-HL-330,human services,household,TRUE,SYNTH_ADVERSARY_V1
BEN-003309,Maradi,AID-2026-HL-330,food and agriculture,household,TRUE,SYNTH_ADVERSARY_V1
BEN-009940,El Obeid,AID-2026-FS-207,food and agriculture,household,TRUE,SYNTH_ADVERSARY_V1
BEN-005753,Chitrakoot,AID-2026-FS-207,human services,household,TRUE,SYNTH_ADVERSARY_V1
BEN-014601,Gaza North,AID-2026-HL-330,housing,group,TRUE,SYNTH_ADVERSARY_V1
BEN-025546,Maradi,AID-2026-HL-330,civil rights,household,TRUE,SYNTH_ADVERSARY_V1
BEN-009429,Gaza North,AID-2026-FS-207,food and agriculture,household,TRUE,SYNTH_ADVERSARY_V1
BEN-016762,Rafah,AID-2026-FS-207,education,household,TRUE,SYNTH_ADVERSARY_V1
BEN-020795,Rafah,AID-2026-DR-114,environment,household,TRUE,SYNTH_ADVERSARY_V1
BEN-004719,Rafah,AID-2026-FS-207,international development,household,TRUE,SYNTH_ADVERSARY_V1
BEN-016853,Rafah,AID-2026-ED-512,disaster relief,individual,TRUE,SYNTH_ADVERSARY_V1
BEN-014753,Sitapur,AID-2026-DR-114,civil rights,household,TRUE,SYNTH_ADVERSARY_V1
BEN-005745,Rafah,AID-2026-HL-330,human services,household,TRUE,SYNTH_ADVERSARY_V1
BEN-006476,Cox's Bazar,AID-2026-WS-618,disaster relief,household,TRUE,SYNTH_ADVERSARY_V1
BEN-010293,Kassala,AID-2026-FS-207,food and agriculture,household,TRUE,SYNTH_ADVERSARY_V1
BEN-013246,Barabanki,AID-2026-FS-207,youth development,household,TRUE,SYNTH_ADVERSARY_V1
BEN-010050,Kassala,AID-2026-HL-330,environment,household,TRUE,SYNTH_ADVERSARY_V1
BEN-008803,Kassala,AID-2026-SH-455,medical,household,TRUE,SYNTH_ADVERSARY_V1
BEN-007465,Kassala,AID-2026-DR-114,environment,household,TRUE,SYNTH_ADVERSARY_V1
BEN-022701,Kassala,AID-2026-ED-512,environment,group,TRUE,SYNTH_ADVERSARY_V1
BEN-015522,Khan Yunis,AID-2026-WS-618,disaster relief,individual,TRUE,SYNTH_ADVERSARY_V1
BEN-009558,Kassala,AID-2026-SH-455,food and agriculture,household,TRUE,SYNTH_ADVERSARY_V1
BEN-020873,Wad Madani,AID-2026-HL-330,disaster relief,group,TRUE,SYNTH_ADVERSARY_V1
BEN-012435,Cox's Bazar,AID-2026-HL-330,medical,household,TRUE,SYNTH_ADVERSARY_V1
BEN-017428,Nyala,AID-2026-ED-512,human services,group,TRUE,SYNTH_ADVERSARY_V1
BEN-017667,Cox's Bazar,AID-2026-WS-618,international development,household,TRUE,SYNTH_ADVERSARY_V1
BEN-023308,Cox's Bazar,AID-2026-WS-618,international development,household,TRUE,SYNTH_ADVERSARY_V1
BEN-001328,Cox's Bazar,AID-2026-SH-455,civil rights,household,TRUE,SYNTH_ADVERSARY_V1
BEN-003637,Cox's Bazar,AID-2026-DR-114,international development,individual,TRUE,SYNTH_ADVERSARY_V1
BEN-012972,Cox's Bazar,AID-2026-SH-455,medical,individual,TRUE,SYNTH_ADVERSARY_V1
BEN-014254,Cox's Bazar,AID-2026-FS-207,youth development,individual,TRUE,SYNTH_ADVERSARY_V1
BEN-018906,Khan Yunis,AID-2026-HL-330,human services,household,TRUE,SYNTH_ADVERSARY_V1
BEN-000425,Gaza North,AID-2026-HL-330,housing,individual,TRUE,SYNTH_ADVERSARY_V1
BEN-021232,Deir al-Balah,AID-2026-FS-207,civil rights,individual,TRUE,SYNTH_ADVERSARY_V1
BEN-013645,Khan Yunis,AID-2026-WS-618,human services,individual,TRUE,SYNTH_ADVERSARY_V1
BEN-007735,Gaza North,AID-2026-ED-512,environment,household,TRUE,SYNTH_ADVERSARY_V1
BEN-008153,Gaza North,AID-2026-WS-618,food and agriculture,household,TRUE,SYNTH_ADVERSARY_V1
BEN-005627,Barabanki,AID-2026-WS-618,housing,household,TRUE,SYNTH_ADVERSARY_V1
BEN-014027,Gaza North,AID-2026-FS-207,food and agriculture,group,TRUE,SYNTH_ADVERSARY_V1
BEN-017429,Rafah,AID-2026-ED-512,human services,household,TRUE,SYNTH_ADVERSARY_V1
BEN-019113,Rafah,AID-2026-ED-512,housing,household,TRUE,SYNTH_ADVERSARY_V1
BEN-019820,Rafah,AID-2026-DR-114,youth development,group,TRUE,SYNTH_ADVERSARY_V1
BEN-019299,Rafah,AID-2026-ED-512,education,individual,TRUE,SYNTH_ADVERSARY_V1
BEN-011362,Rafah,AID-2026-SH-455,education,individual,TRUE,SYNTH_ADVERSARY_V1
BEN-009945,Diffa,AID-2026-SH-455,international development,household,TRUE,SYNTH_ADVERSARY_V1
BEN-021588,Rafah,AID-2026-SH-455,international development,individual,TRUE,SYNTH_ADVERSARY_V1
BEN-024747,Rafah,AID-2026-WS-618,medical,individual,TRUE,SYNTH_ADVERSARY_V1
BEN-008340,Rafah,AID-2026-HL-330,housing,household,TRUE,SYNTH_ADVERSARY_V1
BEN-002812,Rafah,AID-2026-FS-207,civil rights,household,TRUE,SYNTH_ADVERSARY_V1
BEN-023223,Khan Yunis,AID-2026-ED-512,disaster relief,household,TRUE,SYNTH_ADVERSARY_V1
BEN-006273,Khan Yunis,AID-2026-DR-114,food and agriculture,individual,TRUE,SYNTH_ADVERSARY_V1
BEN-012425,Khan Yunis,AID-2026-SH-455,human services,individual,TRUE,SYNTH_ADVERSARY_V1
BEN-007449,Khan Yunis,AID-2026-FS-207,youth development,group,TRUE,SYNTH_ADVERSARY_V1
BEN-007802,Khan Yunis,AID-2026-DR-114,environment,individual,TRUE,SYNTH_ADVERSARY_V1
BEN-023230,Khan Yunis,AID-2026-SH-455,housing,household,TRUE,SYNTH_ADVERSARY_V1
BEN-021848,Khan Yunis,AID-2026-SH-455,food and agriculture,household,TRUE,SYNTH_ADVERSARY_V1
BEN-007902,Khan Yunis,AID-2026-DR-114,youth development,household,TRUE,SYNTH_ADVERSARY_V1
BEN-020065,Nyala,AID-2026-SH-455,environment,individual,TRUE,SYNTH_ADVERSARY_V1
BEN-013129,Khan Yunis,AID-2026-HL-330,medical,group,TRUE,SYNTH_ADVERSARY_V1
BEN-010649,Chitrakoot,AID-2026-WS-618,international development,household,TRUE,SYNTH_ADVERSARY_V1
BEN-000424,Khan Yunis,AID-2026-FS-207,food and agriculture,household,TRUE,SYNTH_ADVERSARY_V1
BEN-016943,Rafah,AID-2026-WS-618,food and agriculture,household,TRUE,SYNTH_ADVERSARY_V1
BEN-017582,Khan Yunis,AID-2026-DR-114,education,group,TRUE,SYNTH_ADVERSARY_V1
BEN-024583,Khan Yunis,AID-2026-FS-207,education,household,TRUE,SYNTH_ADVERSARY_V1
BEN-023592,Sitapur,AID-2026-DR-114,education,individual,TRUE,SYNTH_ADVERSARY_V1
BEN-007963,Sitapur,AID-2026-HL-330,food and agriculture,individual,TRUE,SYNTH_ADVERSARY_V1
BEN-001714,Cox's Bazar,AID-2026-WS-618,youth development,group,TRUE,SYNTH_ADVERSARY_V1
BEN-023852,Sitapur,AID-2026-SH-455,international development,group,TRUE,SYNTH_ADVERSARY_V1
BEN-017881,Sitapur,AID-2026-FS-207,youth development,household,TRUE,SYNTH_ADVERSARY_V1
BEN-015835,Sitapur,AID-2026-HL-330,youth development,individual,TRUE,SYNTH_ADVERSARY_V1
BEN-002190,Sitapur,AID-2026-SH-455,food and agriculture,household,TRUE,SYNTH_ADVERSARY_V1
BEN-014178,Sitapur,AID-2026-DR-114,youth development,household,TRUE,SYNTH_ADVERSARY_V1
BEN-006912,Sitapur,AID-2026-HL-330,housing,individual,TRUE,SYNTH_ADVERSARY_V1
BEN-019072,Sitapur,AID-2026-FS-207,human services,individual,TRUE,SYNTH_ADVERSARY_V1
BEN-018510,Sitapur,AID-2026-FS-207,education,group,TRUE,SYNTH_ADVERSARY_V1
BEN-022427,Chitrakoot,AID-2026-ED-512,civil rights,household,TRUE,SYNTH_ADVERSARY_V1
BEN-000155,Chitrakoot,AID-2026-ED-512,food and agriculture,household,TRUE,SYNTH_ADVERSARY_V1
BEN-008143,Chitrakoot,AID-2026-HL-330,medical,household,TRUE,SYNTH_ADVERSARY_V1
BEN-013368,Chitrakoot,AID-2026-DR-114,youth development,individual,TRUE,SYNTH_ADVERSARY_V1
BEN-022632,Chitrakoot,AID-2026-SH-455,medical,household,TRUE,SYNTH_ADVERSARY_V1
BEN-021810,Chitrakoot,AID-2026-SH-455,environment,group,TRUE,SYNTH_ADVERSARY_V1
BEN-014320,Chitrakoot,AID-2026-DR-114,youth development,household,TRUE,SYNTH_ADVERSARY_V1
BEN-009383,Chitrakoot,AID-2026-FS-207,medical,individual,TRUE,SYNTH_ADVERSARY_V1
BEN-016701,Sitapur,AID-2026-SH-455,civil rights,individual,TRUE,SYNTH_ADVERSARY_V1
BEN-024756,Chitrakoot,AID-2026-FS-207,human services,individual,TRUE,SYNTH_ADVERSARY_V1
BEN-003951,Chitrakoot,AID-2026-ED-512,civil rights,group,TRUE,SYNTH_ADVERSARY_V1
BEN-014324,Chitrakoot,AID-2026-HL-330,disaster relief,household,TRUE,SYNTH_ADVERSARY_V1
BEN-013926,Chitrakoot,AID-2026-WS-618,international development,household,TRUE,SYNTH_ADVERSARY_V1
BEN-002284,Nyala,AID-2026-ED-512,civil rights,individual,TRUE,SYNTH_ADVERSARY_V1
BEN-011622,Gaza North,AID-2026-FS-207,environment,individual,TRUE,SYNTH_ADVERSARY_V1
BEN-000701,Chitrakoot,AID-2026-HL-330,environment,household,TRUE,SYNTH_ADVERSARY_V1
BEN-024439,Chitrakoot,AID-2026-DR-114,civil rights,household,TRUE,SYNTH_ADVERSARY_V1
BEN-005066,Chitrakoot,AID-2026-DR-114,disaster relief,individual,TRUE,SYNTH_ADVERSARY_V1
BEN-024590,Chitrakoot,AID-2026-ED-512,environment,individual,TRUE,SYNTH_ADVERSARY_V1
BEN-008766,Chitrakoot,AID-2026-FS-207,youth development,group,TRUE,SYNTH_ADVERSARY_V1
BEN-011458,Chitrakoot,AID-2026-SH-455,international development,household,TRUE,SYNTH_ADVERSARY_V1
BEN-003016,Chitrakoot,AID-2026-HL-330,disaster relief,individual,TRUE,SYNTH_ADVERSARY_V1
BEN-019660,Chitrakoot,AID-2026-SH-455,education,group,TRUE,SYNTH_ADVERSARY_V1
BEN-022238,Nyala,AID-2026-DR-114,youth development,household,TRUE,SYNTH_ADVERSARY_V1
BEN-019189,Nyala,AID-2026-FS-207,housing,individual,TRUE,SYNTH_ADVERSARY_V1
BEN-011765,Nyala,AID-2026-DR-114,civil rights,household,TRUE,SYNTH_ADVERSARY_V1
BEN-022881,Nyala,AID-2026-FS-207,civil rights,individual,TRUE,SYNTH_ADVERSARY_V1
BEN-020826,Nyala,AID-2026-WS-618,housing,household,TRUE,SYNTH_ADVERSARY_V1
BEN-021442,Kutupalong,AID-2026-ED-512,human services,group,TRUE,SYNTH_ADVERSARY_V1
BEN-000352,El Obeid,AID-2026-WS-618,international development,household,TRUE,SYNTH_ADVERSARY_V1
BEN-005432,Nyala,AID-2026-HL-330,international development,household,TRUE,SYNTH_ADVERSARY_V1
BEN-000928,Nyala,AID-2026-DR-114,housing,household,TRUE,SYNTH_ADVERSARY_V1
BEN-003327,Nyala,AID-2026-HL-330,education,group,TRUE,SYNTH_ADVERSARY_V1
BEN-001014,El Obeid,AID-2026-FS-207,human services,household,TRUE,SYNTH_ADVERSARY_V1
BEN-017621,Nyala,AID-2026-WS-618,youth development,household,TRUE,SYNTH_ADVERSARY_V1
BEN-022258,Nyala,AID-2026-WS-618,civil rights,individual,TRUE,SYNTH_ADVERSARY_V1
BEN-007006,Deir al-Balah,AID-2026-DR-114,food and agriculture,household,TRUE,SYNTH_ADVERSARY_V1
BEN-014743,Deir al-Balah,AID-2026-FS-207,environment,individual,TRUE,SYNTH_ADVERSARY_V1
BEN-018012,Deir al-Balah,AID-2026-SH-455,environment,household,TRUE,SYNTH_ADVERSARY_V1
BEN-022549,Deir al-Balah,AID-2026-WS-618,medical,individual,TRUE,SYNTH_ADVERSARY_V1
BEN-001166,Deir al-Balah,AID-2026-WS-618,food and agriculture,individual,TRUE,SYNTH_ADVERSARY_V1
BEN-011473,Khan Yunis,AID-2026-HL-330,human services,household,TRUE,SYNTH_ADVERSARY_V1
BEN-024745,Deir al-Balah,AID-2026-SH-455,medical,household,TRUE,SYNTH_ADVERSARY_V1
BEN-023519,Deir al-Balah,AID-2026-HL-330,human services,household,TRUE,SYNTH_ADVERSARY_V1
BEN-018774,Nyala,AID-2026-FS-207,food and agriculture,household,TRUE,SYNTH_ADVERSARY_V1
BEN-019582,Nyala,AID-2026-WS-618,medical,household,TRUE,SYNTH_ADVERSARY_V1
BEN-009045,Nyala,AID-2026-WS-618,food and agriculture,household,TRUE,SYNTH_ADVERSARY_V1
BEN-013844,Nyala,AID-2026-SH-455,environment,individual,TRUE,SYNTH_ADVERSARY_V1
BEN-005523,Wad Madani,AID-2026-DR-114,human services,individual,TRUE,SYNTH_ADVERSARY_V1
BEN-019959,Cox's Bazar,AID-2026-DR-114,international development,group,TRUE,SYNTH_ADVERSARY_V1
BEN-023048,El Obeid,AID-2026-ED-512,youth development,household,TRUE,SYNTH_ADVERSARY_V1
BEN-008504,Cox's Bazar,AID-2026-WS-618,medical,group,TRUE,SYNTH_ADVERSARY_V1
BEN-015152,Cox's Bazar,AID-2026-DR-114,disaster relief,household,TRUE,SYNTH_ADVERSARY_V1
BEN-005280,Cox's Bazar,AID-2026-FS-207,housing,household,TRUE,SYNTH_ADVERSARY_V1
BEN-022665,Khan Yunis,AID-2026-FS-207,civil rights,individual,TRUE,SYNTH_ADVERSARY_V1
BEN-004676,Cox's Bazar,AID-2026-FS-207,education,household,TRUE,SYNTH_ADVERSARY_V1
BEN-025049,Cox's Bazar,AID-2026-ED-512,human services,individual,TRUE,SYNTH_ADVERSARY_V1
BEN-010692,Cox's Bazar,AID-2026-WS-618,food and agriculture,group,TRUE,SYNTH_ADVERSARY_V1
BEN-008388,Cox's Bazar,AID-2026-FS-207,food and agriculture,household,TRUE,SYNTH_ADVERSARY_V1
BEN-022414,Chitrakoot,AID-2026-ED-512,disaster relief,individual,TRUE,SYNTH_ADVERSARY_V1
BEN-019250,Chitrakoot,AID-2026-ED-512,human services,household,TRUE,SYNTH_ADVERSARY_V1
BEN-017868,Chitrakoot,AID-2026-DR-114,education,household,TRUE,SYNTH_ADVERSARY_V1
BEN-005168,Chitrakoot,AID-2026-WS-618,human services,household,TRUE,SYNTH_ADVERSARY_V1
BEN-015684,Diffa,AID-2026-WS-618,civil rights,household,TRUE,SYNTH_ADVERSARY_V1
BEN-024811,Barabanki,AID-2026-ED-512,youth development,household,TRUE,SYNTH_ADVERSARY_V1
BEN-018314,Chitrakoot,AID-2026-SH-455,food and agriculture,individual,TRUE,SYNTH_ADVERSARY_V1
BEN-002907,Chitrakoot,AID-2026-FS-207,youth development,individual,TRUE,SYNTH_ADVERSARY_V1
BEN-014858,Chitrakoot,AID-2026-FS-207,human services,group,TRUE,SYNTH_ADVERSARY_V1
BEN-000702,Chitrakoot,AID-2026-FS-207,housing,individual,TRUE,SYNTH_ADVERSARY_V1
BEN-023858,Kutupalong,AID-2026-DR-114,environment,individual,TRUE,SYNTH_ADVERSARY_V1
BEN-002567,Kutupalong,AID-2026-ED-512,human services,household,TRUE,SYNTH_ADVERSARY_V1
BEN-022696,Kutupalong,AID-2026-SH-455,education,group,TRUE,SYNTH_ADVERSARY_V1
BEN-020587,Kutupalong,AID-2026-SH-455,environment,individual,TRUE,SYNTH_ADVERSARY_V1
BEN-001984,Gaza North,AID-2026-FS-207,international development,individual,TRUE,SYNTH_ADVERSARY_V1
BEN-025275,Kutupalong,AID-2026-SH-455,human services,household,TRUE,SYNTH_ADVERSARY_V1
BEN-017020,Kutupalong,AID-2026-HL-330,food and agriculture,household,TRUE,SYNTH_ADVERSARY_V1
BEN-013911,El Obeid,AID-2026-WS-618,youth development,group,TRUE,SYNTH_ADVERSARY_V1
BEN-011010,Diffa,AID-2026-ED-512,international development,household,TRUE,SYNTH_ADVERSARY_V1
BEN-006203,Kutupalong,AID-2026-FS-207,disaster relief,household,TRUE,SYNTH_ADVERSARY_V1
BEN-003272,El Obeid,AID-2026-WS-618,civil rights,group,TRUE,SYNTH_ADVERSARY_V1
BEN-002603,El Obeid,AID-2026-DR-114,housing,household,TRUE,SYNTH_ADVERSARY_V1
BEN-021274,El Obeid,AID-2026-HL-330,youth development,household,TRUE,SYNTH_ADVERSARY_V1
BEN-009046,Sitapur,AID-2026-HL-330,human services,household,TRUE,SYNTH_ADVERSARY_V1
BEN-013450,Sitapur,AID-2026-FS-207,civil rights,household,TRUE,SYNTH_ADVERSARY_V1
BEN-012898,Rafah,AID-2026-FS-207,housing,household,TRUE,SYNTH_ADVERSARY_V1
BEN-004893,Sitapur,AID-2026-ED-512,food and agriculture,household,TRUE,SYNTH_ADVERSARY_V1
BEN-013035,Sitapur,AID-2026-FS-207,human services,household,TRUE,SYNTH_ADVERSARY_V1
BEN-020628,Sitapur,AID-2026-ED-512,education,individual,TRUE,SYNTH_ADVERSARY_V1
BEN-005027,Sitapur,AID-2026-ED-512,human services,household,TRUE,SYNTH_ADVERSARY_V1
BEN-009927,Sitapur,AID-2026-SH-455,human services,household,TRUE,SYNTH_ADVERSARY_V1
BEN-015453,Sitapur,AID-2026-ED-512,civil rights,household,TRUE,SYNTH_ADVERSARY_V1
BEN-009276,Kassala,AID-2026-HL-330,disaster relief,household,TRUE,SYNTH_ADVERSARY_V1
BEN-013121,Gaza North,AID-2026-DR-114,housing,household,TRUE,SYNTH_ADVERSARY_V1
BEN-003354,Kassala,AID-2026-FS-207,civil rights,group,TRUE,SYNTH_ADVERSARY_V1
BEN-018824,Gaza North,AID-2026-SH-455,education,individual,TRUE,SYNTH_ADVERSARY_V1
BEN-022514,Kassala,AID-2026-WS-618,human services,household,TRUE,SYNTH_ADVERSARY_V1
BEN-016215,Kassala,AID-2026-HL-330,civil rights,household,TRUE,SYNTH_ADVERSARY_V1
BEN-001264,Kassala,AID-2026-SH-455,disaster relief,group,TRUE,SYNTH_ADVERSARY_V1
BEN-020327,Khan Yunis,AID-2026-WS-618,environment,household,TRUE,SYNTH_ADVERSARY_V1
BEN-024724,Kassala,AID-2026-HL-330,youth development,individual,TRUE,SYNTH_ADVERSARY_V1
BEN-013202,Kassala,AID-2026-DR-114,medical,household,TRUE,SYNTH_ADVERSARY_V1
BEN-022294,Cox's Bazar,AID-2026-HL-330,disaster relief,group,TRUE,SYNTH_ADVERSARY_V1
BEN-003056,Kassala,AID-2026-WS-618,environment,household,TRUE,SYNTH_ADVERSARY_V1
BEN-025643,Kassala,AID-2026-ED-512,youth development,group,TRUE,SYNTH_ADVERSARY_V1
BEN-019070,Kassala,AID-2026-WS-618,education,household,TRUE,SYNTH_ADVERSARY_V1
BEN-003160,Kassala,AID-2026-HL-330,environment,individual,TRUE,SYNTH_ADVERSARY_V1
BEN-021581,Kassala,AID-2026-SH-455,medical,group,TRUE,SYNTH_ADVERSARY_V1
BEN-013777,Khan Yunis,AID-2026-WS-618,education,household,TRUE,SYNTH_ADVERSARY_V1
BEN-013731,Kassala,AID-2026-FS-207,youth development,group,TRUE,SYNTH_ADVERSARY_V1
BEN-004048,Kassala,AID-2026-DR-114,medical,household,TRUE,SYNTH_ADVERSARY_V1
BEN-012808,Wad Madani,AID-2026-FS-207,food and agriculture,household,TRUE,SYNTH_ADVERSARY_V1
BEN-005108,Wad Madani,AID-2026-WS-618,housing,individual,TRUE,SYNTH_ADVERSARY_V1
BEN-023775,Wad Madani,AID-2026-SH-455,international development,household,TRUE,SYNTH_ADVERSARY_V1
BEN-007294,Wad Madani,AID-2026-ED-512,medical,individual,TRUE,SYNTH_ADVERSARY_V1
BEN-003920,Kassala,AID-2026-WS-618,food and agriculture,group,TRUE,SYNTH_ADVERSARY_V1
BEN-011286,Diffa,AID-2026-SH-455,education,household,TRUE,SYNTH_ADVERSARY_V1
BEN-010535,Maradi,AID-2026-HL-330,environment,household,TRUE,SYNTH_ADVERSARY_V1
BEN-017800,Kassala,AID-2026-FS-207,human services,household,TRUE,SYNTH_ADVERSARY_V1
BEN-011338,Kassala,AID-2026-ED-512,environment,individual,TRUE,SYNTH_ADVERSARY_V1
BEN-019291,Kassala,AID-2026-DR-114,environment,household,TRUE,SYNTH_ADVERSARY_V1
BEN-008771,Balrampur,AID-2026-WS-618,human services,household,TRUE,SYNTH_ADVERSARY_V1
BEN-012943,Nyala,AID-2026-WS-618,education,group,TRUE,SYNTH_ADVERSARY_V1
BEN-009654,Kassala,AID-2026-HL-330,disaster relief,household,TRUE,SYNTH_ADVERSARY_V1
BEN-006919,Kassala,AID-2026-ED-512,disaster relief,household,TRUE,SYNTH_ADVERSARY_V1
BEN-018869,Chitrakoot,AID-2026-HL-330,disaster relief,household,TRUE,SYNTH_ADVERSARY_V1
BEN-021598,Chitrakoot,AID-2026-WS-618,civil rights,group,TRUE,SYNTH_ADVERSARY_V1
BEN-012404,Chitrakoot,AID-2026-HL-330,international development,individual,TRUE,SYNTH_ADVERSARY_V1
BEN-018340,Chitrakoot,AID-2026-WS-618,civil rights,household,TRUE,SYNTH_ADVERSARY_V1
BEN-008401,Chitrakoot,AID-2026-SH-455,human services,household,TRUE,SYNTH_ADVERSARY_V1
BEN-001319,Chitrakoot,AID-2026-HL-330,youth development,individual,TRUE,SYNTH_ADVERSARY_V1
BEN-002316,Chitrakoot,AID-2026-HL-330,civil rights,individual,TRUE,SYNTH_ADVERSARY_V1
BEN-019265,Chitrakoot,AID-2026-FS-207,education,household,TRUE,SYNTH_ADVERSARY_V1
BEN-020636,Maradi,AID-2026-FS-207,youth development,individual,TRUE,SYNTH_ADVERSARY_V1
BEN-020186,Chitrakoot,AID-2026-FS-207,education,household,TRUE,SYNTH_ADVERSARY_V1
BEN-008847,Chitrakoot,AID-2026-SH-455,environment,individual,TRUE,SYNTH_ADVERSARY_V1
BEN-000988,Chitrakoot,AID-2026-ED-512,medical,household,TRUE,SYNTH_ADVERSARY_V1
BEN-004010,Chitrakoot,AID-2026-FS-207,education,household,TRUE,SYNTH_ADVERSARY_V1
BEN-012247,Chitrakoot,AID-2026-WS-618,human services,household,TRUE,SYNTH_ADVERSARY_V1
BEN-002276,Kassala,AID-2026-FS-207,human services,individual,TRUE,SYNTH_ADVERSARY_V1
BEN-004625,Kassala,AID-2026-ED-512,international development,household,TRUE,SYNTH_ADVERSARY_V1
BEN-012525,Sitapur,AID-2026-HL-330,youth development,individual,TRUE,SYNTH_ADVERSARY_V1
BEN-008435,Kassala,AID-2026-ED-512,international development,group,TRUE,SYNTH_ADVERSARY_V1
BEN-001532,Kassala,AID-2026-WS-618,disaster relief,individual,TRUE,SYNTH_ADVERSARY_V1
BEN-019715,Kassala,AID-2026-FS-207,education,individual,TRUE,SYNTH_ADVERSARY_V1
BEN-021652,Kassala,AID-2026-DR-114,education,household,TRUE,SYNTH_ADVERSARY_V1
BEN-006925,Cox's Bazar,AID-2026-SH-455,food and agriculture,household,TRUE,SYNTH_ADVERSARY_V1
BEN-000492,Kutupalong,AID-2026-WS-618,education,household,TRUE,SYNTH_ADVERSARY_V1
BEN-005205,Sitapur,AID-2026-SH-455,civil rights,household,TRUE,SYNTH_ADVERSARY_V1
BEN-006686,Kutupalong,AID-2026-ED-512,international development,household,TRUE,SYNTH_ADVERSARY_V1
BEN-009453,Kutupalong,AID-2026-HL-330,civil rights,individual,TRUE,SYNTH_ADVERSARY_V1
BEN-009965,Kutupalong,AID-2026-SH-455,housing,household,TRUE,SYNTH_ADVERSARY_V1
BEN-013061,Kutupalong,AID-2026-SH-455,housing,group,TRUE,SYNTH_ADVERSARY_V1
BEN-023615,Chitrakoot,AID-2026-WS-618,human services,household,TRUE,SYNTH_ADVERSARY_V1
BEN-001616,Gaza North,AID-2026-FS-207,civil rights,household,TRUE,SYNTH_ADVERSARY_V1
BEN-005961,Balrampur,AID-2026-DR-114,housing,household,TRUE,SYNTH_ADVERSARY_V1
BEN-012214,Balrampur,AID-2026-DR-114,international development,group,TRUE,SYNTH_ADVERSARY_V1
BEN-000174,Balrampur,AID-2026-DR-114,education,household,TRUE,SYNTH_ADVERSARY_V1
BEN-007332,Rafah,AID-2026-SH-455,housing,household,TRUE,SYNTH_ADVERSARY_V1
BEN-013042,Kutupalong,AID-2026-DR-114,medical,household,TRUE,SYNTH_ADVERSARY_V1
BEN-010928,Kutupalong,AID-2026-DR-114,medical,household,TRUE,SYNTH_ADVERSARY_V1
BEN-020734,Kutupalong,AID-2026-FS-207,medical,individual,TRUE,SYNTH_ADVERSARY_V1
BEN-004824,Kutupalong,AID-2026-HL-330,human services,household,TRUE,SYNTH_ADVERSARY_V1
BEN-020405,Kutupalong,AID-2026-SH-455,international development,individual,TRUE,SYNTH_ADVERSARY_V1
BEN-018524,Kutupalong,AID-2026-HL-330,environment,individual,TRUE,SYNTH_ADVERSARY_V1
BEN-018128,Cox's Bazar,AID-2026-WS-618,civil rights,group,TRUE,SYNTH_ADVERSARY_V1
BEN-011019,Balrampur,AID-2026-FS-207,civil rights,household,TRUE,SYNTH_ADVERSARY_V1
BEN-016367,Balrampur,AID-2026-SH-455,housing,group,TRUE,SYNTH_ADVERSARY_V1
BEN-017489,Balrampur,AID-2026-HL-330,food and agriculture,individual,TRUE,SYNTH_ADVERSARY_V1
BEN-011852,Balrampur,AID-2026-HL-330,medical,household,TRUE,SYNTH_ADVERSARY_V1
BEN-021766,Balrampur,AID-2026-FS-207,international development,household,TRUE,SYNTH_ADVERSARY_V1
BEN-023430,Balrampur,AID-2026-WS-618,housing,household,TRUE,SYNTH_ADVERSARY_V1
BEN-021148,Rafah,AID-2026-SH-455,international development,household,TRUE,SYNTH_ADVERSARY_V1
BEN-011951,Wad Madani,AID-2026-WS-618,civil rights,household,TRUE,SYNTH_ADVERSARY_V1
BEN-004735,Balrampur,AID-2026-DR-114,human services,household,TRUE,SYNTH_ADVERSARY_V1
BEN-012520,Balrampur,AID-2026-ED-512,youth development,individual,TRUE,SYNTH_ADVERSARY_V1
BEN-004247,Sitapur,AID-2026-DR-114,civil rights,individual,TRUE,SYNTH_ADVERSARY_V1
BEN-008232,Sitapur,AID-2026-ED-512,disaster relief,household,TRUE,SYNTH_ADVERSARY_V1
BEN-010199,Sitapur,AID-2026-SH-455,medical,household,TRUE,SYNTH_ADVERSARY_V1
BEN-022054,Sitapur,AID-2026-ED-512,education,individual,TRUE,SYNTH_ADVERSARY_V1
BEN-010409,Sitapur,AID-2026-HL-330,international development,household,TRUE,SYNTH_ADVERSARY_V1
BEN-025383,Sitapur,AID-2026-DR-114,food and agriculture,household,TRUE,SYNTH_ADVERSARY_V1
BEN-004240,Sitapur,AID-2026-ED-512,housing,individual,TRUE,SYNTH_ADVERSARY_V1
BEN-009154,Sitapur,AID-2026-FS-207,civil rights,household,TRUE,SYNTH_ADVERSARY_V1
BEN-009028,Sitapur,AID-2026-DR-114,disaster relief,individual,TRUE,SYNTH_ADVERSARY_V1
BEN-012187,Diffa,AID-2026-ED-512,disaster relief,individual,TRUE,SYNTH_ADVERSARY_V1
BEN-008259,Sitapur,AID-2026-WS-618,international development,individual,TRUE,SYNTH_ADVERSARY_V1
BEN-010319,Sitapur,AID-2026-SH-455,education,individual,TRUE,SYNTH_ADVERSARY_V1
BEN-025709,Nyala,AID-2026-DR-114,international development,individual,TRUE,SYNTH_ADVERSARY_V1
BEN-024551,Sitapur,AID-2026-DR-114,disaster relief,household,TRUE,SYNTH_ADVERSARY_V1
BEN-006789,Sitapur,AID-2026-ED-512,education,household,TRUE,SYNTH_ADVERSARY_V1
BEN-008196,Sitapur,AID-2026-WS-618,civil rights,household,TRUE,SYNTH_ADVERSARY_V1
BEN-014871,Sitapur,AID-2026-SH-455,disaster relief,individual,TRUE,SYNTH_ADVERSARY_V1
BEN-024028,Kassala,AID-2026-FS-207,international development,group,TRUE,SYNTH_ADVERSARY_V1
BEN-007881,Kassala,AID-2026-SH-455,food and agriculture,individual,TRUE,SYNTH_ADVERSARY_V1
BEN-005358,Sitapur,AID-2026-ED-512,food and agriculture,household,TRUE,SYNTH_ADVERSARY_V1
BEN-013485,Maradi,AID-2026-ED-512,education,household,TRUE,SYNTH_ADVERSARY_V1
BEN-005609,Kassala,AID-2026-HL-330,environment,household,TRUE,SYNTH_ADVERSARY_V1
BEN-022829,Kassala,AID-2026-ED-512,food and agriculture,household,TRUE,SYNTH_ADVERSARY_V1
BEN-021992,Balrampur,AID-2026-FS-207,food and agriculture,group,TRUE,SYNTH_ADVERSARY_V1
BEN-001058,Cox's Bazar,AID-2026-HL-330,international development,household,TRUE,SYNTH_ADVERSARY_V1
BEN-006921,Balrampur,AID-2026-HL-330,civil rights,household,TRUE,SYNTH_ADVERSARY_V1
BEN-010865,Balrampur,AID-2026-WS-618,disaster relief,individual,TRUE,SYNTH_ADVERSARY_V1
BEN-023940,Balrampur,AID-2026-ED-512,environment,household,TRUE,SYNTH_ADVERSARY_V1
BEN-017278,Balrampur,AID-2026-SH-455,international development,group,TRUE,SYNTH_ADVERSARY_V1
BEN-003902,Wad Madani,AID-2026-HL-330,education,household,TRUE,SYNTH_ADVERSARY_V1
BEN-011244,Chitrakoot,AID-2026-FS-207,international development,individual,TRUE,SYNTH_ADVERSARY_V1
BEN-014179,Deir al-Balah,AID-2026-DR-114,international development,household,TRUE,SYNTH_ADVERSARY_V1
BEN-005812,Chitrakoot,AID-2026-WS-618,environment,household,TRUE,SYNTH_ADVERSARY_V1
BEN-004430,Chitrakoot,AID-2026-ED-512,human services,household,TRUE,SYNTH_ADVERSARY_V1
BEN-007876,Chitrakoot,AID-2026-HL-330,youth development,household,TRUE,SYNTH_ADVERSARY_V1
BEN-000122,Rafah,AID-2026-SH-455,civil rights,household,TRUE,SYNTH_ADVERSARY_V1
BEN-018360,Cox's Bazar,AID-2026-SH-455,education,household,TRUE,SYNTH_ADVERSARY_V1
BEN-004262,Chitrakoot,AID-2026-DR-114,international development,individual,TRUE,SYNTH_ADVERSARY_V1
BEN-022975,Rafah,AID-2026-HL-330,environment,group,TRUE,SYNTH_ADVERSARY_V1
BEN-005875,Maradi,AID-2026-HL-330,medical,individual,TRUE,SYNTH_ADVERSARY_V1
BEN-024870,Rafah,AID-2026-WS-618,environment,household,TRUE,SYNTH_ADVERSARY_V1
BEN-013154,Rafah,AID-2026-DR-114,civil rights,household,TRUE,SYNTH_ADVERSARY_V1
BEN-000452,Khan Yunis,AID-2026-DR-114,education,individual,TRUE,SYNTH_ADVERSARY_V1
BEN-002538,Rafah,AID-2026-HL-330,medical,group,TRUE,SYNTH_ADVERSARY_V1
BEN-025211,Rafah,AID-2026-WS-618,disaster relief,household,TRUE,SYNTH_ADVERSARY_V1
BEN-000359,Wad Madani,AID-2026-SH-455,disaster relief,household,TRUE,SYNTH_ADVERSARY_V1
BEN-021306,Rafah,AID-2026-DR-114,human services,individual,TRUE,SYNTH_ADVERSARY_V1
BEN-022095,Rafah,AID-2026-FS-207,housing,household,TRUE,SYNTH_ADVERSARY_V1
BEN-016883,Rafah,AID-2026-WS-618,youth development,household,TRUE,SYNTH_ADVERSARY_V1
BEN-009744,Kutupalong,AID-2026-ED-512,medical,group,TRUE,SYNTH_ADVERSARY_V1
BEN-017782,Kutupalong,AID-2026-SH-455,food and agriculture,household,TRUE,SYNTH_ADVERSARY_V1
BEN-025721,Kutupalong,AID-2026-ED-512,human services,household,TRUE,SYNTH_ADVERSARY_V1
BEN-007077,Sitapur,AID-2026-WS-618,human services,household,TRUE,SYNTH_ADVERSARY_V1
BEN-018748,Kassala,AID-2026-FS-207,human services,group,TRUE,SYNTH_ADVERSARY_V1
BEN-005165,Deir al-Balah,AID-2026-WS-618,housing,individual,TRUE,SYNTH_ADVERSARY_V1
BEN-010588,Deir al-Balah,AID-2026-HL-330,environment,household,TRUE,SYNTH_ADVERSARY_V1
BEN-010200,Deir al-Balah,AID-2026-FS-207,disaster relief,group,TRUE,SYNTH_ADVERSARY_V1
BEN-005351,Deir al-Balah,AID-2026-SH-455,international development,individual,TRUE,SYNTH_ADVERSARY_V1
BEN-014204,Deir al-Balah,AID-2026-SH-455,youth development,household,TRUE,SYNTH_ADVERSARY_V1
BEN-011364,Deir al-Balah,AID-2026-FS-207,human services,individual,TRUE,SYNTH_ADVERSARY_V1
BEN-009073,Diffa,AID-2026-WS-618,education,group,TRUE,SYNTH_ADVERSARY_V1
BEN-011657,Kutupalong,AID-2026-ED-512,disaster relief,household,TRUE,SYNTH_ADVERSARY_V1
BEN-015013,Kutupalong,AID-2026-HL-330,education,group,TRUE,SYNTH_ADVERSARY_V1
BEN-005253,Kutupalong,AID-2026-HL-330,food and agriculture,household,TRUE,SYNTH_ADVERSARY_V1
BEN-015449,Kutupalong,AID-2026-FS-207,youth development,individual,TRUE,SYNTH_ADVERSARY_V1
BEN-002398,Kutupalong,AID-2026-SH-455,education,household,TRUE,SYNTH_ADVERSARY_V1
BEN-023047,Kutupalong,AID-2026-WS-618,international development,household,TRUE,SYNTH_ADVERSARY_V1
BEN-015242,Kutupalong,AID-2026-FS-207,international development,group,TRUE,SYNTH_ADVERSARY_V1
BEN-004162,Kutupalong,AID-2026-SH-455,youth development,individual,TRUE,SYNTH_ADVERSARY_V1
BEN-000282,Kutupalong,AID-2026-ED-512,disaster relief,household,TRUE,SYNTH_ADVERSARY_V1
BEN-006029,Khan Yunis,AID-2026-SH-455,education,household,TRUE,SYNTH_ADVERSARY_V1
BEN-017078,Nyala,AID-2026-DR-114,medical,household,TRUE,SYNTH_ADVERSARY_V1
BEN-000719,Nyala,AID-2026-FS-207,education,household,TRUE,SYNTH_ADVERSARY_V1
BEN-023307,Nyala,AID-2026-WS-618,education,group,TRUE,SYNTH_ADVERSARY_V1
BEN-018843,Nyala,AID-2026-HL-330,housing,household,TRUE,SYNTH_ADVERSARY_V1
BEN-004238,Nyala,AID-2026-WS-618,environment,household,TRUE,SYNTH_ADVERSARY_V1
BEN-003295,Kassala,AID-2026-WS-618,civil rights,household,TRUE,SYNTH_ADVERSARY_V1
BEN-009327,Chitrakoot,AID-2026-DR-114,education,household,TRUE,SYNTH_ADVERSARY_V1
BEN-011827,Cox's Bazar,AID-2026-DR-114,disaster relief,individual,TRUE,SYNTH_ADVERSARY_V1
BEN-015290,Cox's Bazar,AID-2026-ED-512,housing,group,TRUE,SYNTH_ADVERSARY_V1
BEN-015195,Cox's Bazar,AID-2026-ED-512,housing,household,TRUE,SYNTH_ADVERSARY_V1
BEN-018836,Balrampur,AID-2026-DR-114,youth development,household,TRUE,SYNTH_ADVERSARY_V1
BEN-000243,Cox's Bazar,AID-2026-ED-512,civil rights,group,TRUE,SYNTH_ADVERSARY_V1
BEN-019112,El Obeid,AID-2026-FS-207,education,group,TRUE,SYNTH_ADVERSARY_V1
BEN-013656,Chitrakoot,AID-2026-ED-512,food and agriculture,group,TRUE,SYNTH_ADVERSARY_V1
BEN-010687,El Obeid,AID-2026-ED-512,food and agriculture,household,TRUE,SYNTH_ADVERSARY_V1
BEN-001435,Maradi,AID-2026-ED-512,disaster relief,household,TRUE,SYNTH_ADVERSARY_V1
BEN-011850,El Obeid,AID-2026-FS-207,environment,individual,TRUE,SYNTH_ADVERSARY_V1
BEN-017233,Maradi,AID-2026-HL-330,youth development,household,TRUE,SYNTH_ADVERSARY_V1
BEN-011748,Maradi,AID-2026-ED-512,disaster relief,household,TRUE,SYNTH_ADVERSARY_V1
BEN-023589,Maradi,AID-2026-WS-618,disaster relief,individual,TRUE,SYNTH_ADVERSARY_V1
BEN-025791,Maradi,AID-2026-FS-207,medical,individual,TRUE,SYNTH_ADVERSARY_V1
BEN-004008,Maradi,AID-2026-HL-330,education,individual,TRUE,SYNTH_ADVERSARY_V1
BEN-017202,Maradi,AID-2026-DR-114,youth development,household,TRUE,SYNTH_ADVERSARY_V1
BEN-025897,Maradi,AID-2026-WS-618,environment,household,TRUE,SYNTH_ADVERSARY_V1
BEN-002264,Maradi,AID-2026-SH-455,environment,individual,TRUE,SYNTH_ADVERSARY_V1
BEN-019264,Sitapur,AID-2026-SH-455,international development,group,TRUE,SYNTH_ADVERSARY_V1
BEN-020530,Maradi,AID-2026-SH-455,housing,household,TRUE,SYNTH_ADVERSARY_V1
BEN-012901,Gaza North,AID-2026-SH-455,international development,individual,TRUE,SYNTH_ADVERSARY_V1
BEN-017988,Maradi,AID-2026-SH-455,youth development,household,TRUE,SYNTH_ADVERSARY_V1
BEN-006647,Khan Yunis,AID-2026-DR-114,youth development,household,TRUE,SYNTH_ADVERSARY_V1
BEN-006091,Khan Yunis,AID-2026-HL-330,international development,group,TRUE,SYNTH_ADVERSARY_V1
BEN-022785,Khan Yunis,AID-2026-FS-207,human services,group,TRUE,SYNTH_ADVERSARY_V1
BEN-020761,Khan Yunis,AID-2026-DR-114,youth development,household,TRUE,SYNTH_ADVERSARY_V1
BEN-013479,Khan Yunis,AID-2026-FS-207,food and agriculture,group,TRUE,SYNTH_ADVERSARY_V1
BEN-004530,Khan Yunis,AID-2026-FS-207,disaster relief,household,TRUE,SYNTH_ADVERSARY_V1
BEN-004629,Khan Yunis,AID-2026-SH-455,environment,individual,TRUE,SYNTH_ADVERSARY_V1
BEN-005028,Khan Yunis,AID-2026-FS-207,food and agriculture,household,TRUE,SYNTH_ADVERSARY_V1
BEN-017350,Khan Yunis,AID-2026-ED-512,international development,household,TRUE,SYNTH_ADVERSARY_V1
BEN-010930,Khan Yunis,AID-2026-ED-512,civil rights,household,TRUE,SYNTH_ADVERSARY_V1
BEN-005296,Khan Yunis,AID-2026-HL-330,international development,group,TRUE,SYNTH_ADVERSARY_V1
BEN-019361,Khan Yunis,AID-2026-ED-512,human services,individual,TRUE,SYNTH_ADVERSARY_V1
BEN-006675,Deir al-Balah,AID-2026-ED-512,human services,household,TRUE,SYNTH_ADVERSARY_V1
BEN-019479,Deir al-Balah,AID-2026-HL-330,international development,household,TRUE,SYNTH_ADVERSARY_V1
BEN-022491,Deir al-Balah,AID-2026-HL-330,food and agriculture,individual,TRUE,SYNTH_ADVERSARY_V1
BEN-004957,Rafah,AID-2026-SH-455,civil rights,group,TRUE,SYNTH_ADVERSARY_V1
BEN-011988,Sitapur,AID-2026-WS-618,human services,household,TRUE,SYNTH_ADVERSARY_V1
BEN-014431,Deir al-Balah,AID-2026-ED-512,youth development,group,TRUE,SYNTH_ADVERSARY_V1
BEN-022902,Kassala,AID-2026-SH-455,civil rights,individual,TRUE,SYNTH_ADVERSARY_V1
BEN-022863,Diffa,AID-2026-SH-455,housing,individual,TRUE,SYNTH_ADVERSARY_V1
BEN-004999,Diffa,AID-2026-WS-618,disaster relief,household,TRUE,SYNTH_ADVERSARY_V1
BEN-024901,Diffa,AID-2026-ED-512,youth development,household,TRUE,SYNTH_ADVERSARY_V1
BEN-016370,Diffa,AID-2026-ED-512,disaster relief,individual,TRUE,SYNTH_ADVERSARY_V1
BEN-010775,Maradi,AID-2026-FS-207,environment,individual,TRUE,SYNTH_ADVERSARY_V1
BEN-008421,Diffa,AID-2026-WS-618,housing,group,TRUE,SYNTH_ADVERSARY_V1
BEN-009354,Diffa,AID-2026-HL-330,disaster relief,group,TRUE,SYNTH_ADVERSARY_V1
BEN-019477,Diffa,AID-2026-DR-114,education,individual,TRUE,SYNTH_ADVERSARY_V1
BEN-006105,Diffa,AID-2026-ED-512,medical,household,TRUE,SYNTH_ADVERSARY_V1
BEN-025819,Diffa,AID-2026-FS-207,housing,household,TRUE,SYNTH_ADVERSARY_V1
BEN-012832,Diffa,AID-2026-ED-512,international development,household,TRUE,SYNTH_ADVERSARY_V1
BEN-006150,Kutupalong,AID-2026-ED-512,human services,household,TRUE,SYNTH_ADVERSARY_V1
BEN-001240,Kutupalong,AID-2026-SH-455,disaster relief,household,TRUE,SYNTH_ADVERSARY_V1
BEN-021545,Kutupalong,AID-2026-SH-455,medical,group,TRUE,SYNTH_ADVERSARY_V1
BEN-000754,Kutupalong,AID-2026-DR-114,education,individual,TRUE,SYNTH_ADVERSARY_V1
BEN-010103,Kutupalong,AID-2026-FS-207,human services,individual,TRUE,SYNTH_ADVERSARY_V1
BEN-024249,Kutupalong,AID-2026-SH-455,civil rights,household,TRUE,SYNTH_ADVERSARY_V1
BEN-009458,Kutupalong,AID-2026-ED-512,human services,group,TRUE,SYNTH_ADVERSARY_V1
BEN-014462,Sitapur,AID-2026-ED-512,medical,household,TRUE,SYNTH_ADVERSARY_V1
BEN-007365,Nyala,AID-2026-WS-618,disaster relief,individual,TRUE,SYNTH_ADVERSARY_V1
BEN-002488,Kutupalong,AID-2026-SH-455,international development,household,TRUE,SYNTH_ADVERSARY_V1
BEN-005514,Kutupalong,AID-2026-HL-330,environment,individual,TRUE,SYNTH_ADVERSARY_V1
BEN-025829,Maradi,AID-2026-WS-618,housing,household,TRUE,SYNTH_ADVERSARY_V1
BEN-006992,Deir al-Balah,AID-2026-SH-455,housing,household,TRUE,SYNTH_ADVERSARY_V1
BEN-012244,Nyala,AID-2026-ED-512,human services,individual,TRUE,SYNTH_ADVERSARY_V1
BEN-020018,Maradi,AID-2026-FS-207,youth development,household,TRUE,SYNTH_ADVERSARY_V1
BEN-001463,Maradi,AID-2026-DR-114,housing,group,TRUE,SYNTH_ADVERSARY_V1
BEN-020778,Maradi,AID-2026-FS-207,medical,group,TRUE,SYNTH_ADVERSARY_V1
BEN-008135,Maradi,AID-2026-DR-114,human services,household,TRUE,SYNTH_ADVERSARY_V1
BEN-017479,El Obeid,AID-2026-FS-207,disaster relief,household,TRUE,SYNTH_ADVERSARY_V1
BEN-003770,El Obeid,AID-2026-WS-618,environment,household,TRUE,SYNTH_ADVERSARY_V1
BEN-023783,El Obeid,AID-2026-WS-618,food and agriculture,household,TRUE,SYNTH_ADVERSARY_V1
BEN-014514,El Obeid,AID-2026-ED-512,environment,individual,TRUE,SYNTH_ADVERSARY_V1
BEN-013206,Wad Madani,AID-2026-HL-330,international development,group,TRUE,SYNTH_ADVERSARY_V1
BEN-014370,El Obeid,AID-2026-ED-512,medical,individual,TRUE,SYNTH_ADVERSARY_V1
BEN-024156,El Obeid,AID-2026-FS-207,civil rights,household,TRUE,SYNTH_ADVERSARY_V1
BEN-004802,El Obeid,AID-2026-ED-512,international development,household,TRUE,SYNTH_ADVERSARY_V1
BEN-018648,Rafah,AID-2026-FS-207,international development,household,TRUE,SYNTH_ADVERSARY_V1
BEN-020451,Kassala,AID-2026-FS-207,disaster relief,individual,TRUE,SYNTH_ADVERSARY_V1
BEN-019535,Kassala,AID-2026-SH-455,civil rights,individual,TRUE,SYNTH_ADVERSARY_V1
BEN-003829,Kassala,AID-2026-ED-512,human services,household,TRUE,SYNTH_ADVERSARY_V1
BEN-006073,Kassala,AID-2026-WS-618,disaster relief,household,TRUE,SYNTH_ADVERSARY_V1
BEN-023319,Kassala,AID-2026-FS-207,youth development,household,TRUE,SYNTH_ADVERSARY_V1
BEN-015464,Kassala,AID-2026-SH-455,youth development,group,TRUE,SYNTH_ADVERSARY_V1
BEN-012954,Kassala,AID-2026-SH-455,international development,household,TRUE,SYNTH_ADVERSARY_V1
BEN-018997,Kassala,AID-2026-SH-455,housing,group,TRUE,SYNTH_ADVERSARY_V1
BEN-018306,Kassala,AID-2026-WS-618,environment,household,TRUE,SYNTH_ADVERSARY_V1
BEN-004311,El Obeid,AID-2026-HL-330,disaster relief,group,TRUE,SYNTH_ADVERSARY_V1
BEN-001771,El Obeid,AID-2026-ED-512,medical,household,TRUE,SYNTH_ADVERSARY_V1
BEN-008369,El Obeid,AID-2026-HL-330,education,individual,TRUE,SYNTH_ADVERSARY_V1
BEN-021363,El Obeid,AID-2026-FS-207,human services,individual,TRUE,SYNTH_ADVERSARY_V1
BEN-025414,El Obeid,AID-2026-FS-207,environment,household,TRUE,SYNTH_ADVERSARY_V1
BEN-019698,El Obeid,AID-2026-FS-207,housing,household,TRUE,SYNTH_ADVERSARY_V1
BEN-001154,Barabanki,AID-2026-HL-330,housing,individual,TRUE,SYNTH_ADVERSARY_V1
BEN-010922,Barabanki,AID-2026-SH-455,international development,individual,TRUE,SYNTH_ADVERSARY_V1
BEN-020071,Barabanki,AID-2026-HL-330,housing,household,TRUE,SYNTH_ADVERSARY_V1
BEN-006153,Barabanki,AID-2026-HL-330,housing,household,TRUE,SYNTH_ADVERSARY_V1
BEN-011824,Balrampur,AID-2026-SH-455,human services,group,TRUE,SYNTH_ADVERSARY_V1
BEN-024482,Barabanki,AID-2026-SH-455,human services,individual,TRUE,SYNTH_ADVERSARY_V1
BEN-006312,Barabanki,AID-2026-WS-618,housing,household,TRUE,SYNTH_ADVERSARY_V1
BEN-007625,Barabanki,AID-2026-SH-455,housing,household,TRUE,SYNTH_ADVERSARY_V1
BEN-007934,Barabanki,AID-2026-ED-512,medical,household,TRUE,SYNTH_ADVERSARY_V1
BEN-014675,Khan Yunis,AID-2026-WS-618,youth development,household,TRUE,SYNTH_ADVERSARY_V1
BEN-014270,Khan Yunis,AID-2026-ED-512,disaster relief,household,TRUE,SYNTH_ADVERSARY_V1
BEN-025435,Khan Yunis,AID-2026-SH-455,international development,group,TRUE,SYNTH_ADVERSARY_V1
BEN-022067,Khan Yunis,AID-2026-FS-207,education,individual,TRUE,SYNTH_ADVERSARY_V1
BEN-017790,Khan Yunis,AID-2026-SH-455,environment,household,TRUE,SYNTH_ADVERSARY_V1
BEN-013949,El Obeid,AID-2026-FS-207,youth development,household,TRUE,SYNTH_ADVERSARY_V1
BEN-014099,Khan Yunis,AID-2026-WS-618,international development,household,TRUE,SYNTH_ADVERSARY_V1
BEN-023064,El Obeid,AID-2026-ED-512,youth development,group,TRUE,SYNTH_ADVERSARY_V1
BEN-012964,El Obeid,AID-2026-FS-207,youth development,household,TRUE,SYNTH_ADVERSARY_V1
BEN-013598,El Obeid,AID-2026-WS-618,youth development,household,TRUE,SYNTH_ADVERSARY_V1
BEN-022448,El Obeid,AID-2026-FS-207,youth development,household,TRUE,SYNTH_ADVERSARY_V1
BEN-011589,El Obeid,AID-2026-ED-512,disaster relief,household,TRUE,SYNTH_ADVERSARY_V1
BEN-016685,El Obeid,AID-2026-SH-455,international development,household,TRUE,SYNTH_ADVERSARY_V1
BEN-012030,Deir al-Balah,AID-2026-SH-455,youth development,household,TRUE,SYNTH_ADVERSARY_V1
BEN-005041,Cox's Bazar,AID-2026-SH-455,human services,household,TRUE,SYNTH_ADVERSARY_V1
BEN-014779,Deir al-Balah,AID-2026-FS-207,youth development,individual,TRUE,SYNTH_ADVERSARY_V1
BEN-019496,Deir al-Balah,AID-2026-HL-330,food and agriculture,household,TRUE,SYNTH_ADVERSARY_V1
BEN-015888,Deir al-Balah,AID-2026-WS-618,medical,individual,TRUE,SYNTH_ADVERSARY_V1
BEN-012068,Deir al-Balah,AID-2026-ED-512,human services,household,TRUE,SYNTH_ADVERSARY_V1
BEN-000706,Deir al-Balah,AID-2026-ED-512,food and agriculture,household,TRUE,SYNTH_ADVERSARY_V1
BEN-024078,Deir al-Balah,AID-2026-HL-330,education,household,TRUE,SYNTH_ADVERSARY_V1
BEN-006364,El Obeid,AID-2026-WS-618,human services,household,TRUE,SYNTH_ADVERSARY_V1
BEN-011949,El Obeid,AID-2026-ED-512,medical,household,TRUE,SYNTH_ADVERSARY_V1
BEN-006769,El Obeid,AID-2026-SH-455,environment,household,TRUE,SYNTH_ADVERSARY_V1
BEN-000320,El Obeid,AID-2026-WS-618,housing,group,TRUE,SYNTH_ADVERSARY_V1
BEN-014668,El Obeid,AID-2026-HL-330,housing,individual,TRUE,SYNTH_ADVERSARY_V1
BEN-020474,El Obeid,AID-2026-SH-455,food and agriculture,household,TRUE,SYNTH_ADVERSARY_V1
BEN-018494,El Obeid,AID-2026-HL-330,youth development,household,TRUE,SYNTH_ADVERSARY_V1
BEN-021675,Diffa,AID-2026-DR-114,food and agriculture,individual,TRUE,SYNTH_ADVERSARY_V1
BEN-016071,Diffa,AID-2026-ED-512,food and agriculture,group,TRUE,SYNTH_ADVERSARY_V1
BEN-000460,Diffa,AID-2026-WS-618,international development,individual,TRUE,SYNTH_ADVERSARY_V1
BEN-009981,Barabanki,AID-2026-ED-512,environment,household,TRUE,SYNTH_ADVERSARY_V1
BEN-012274,Diffa,AID-2026-DR-114,environment,household,TRUE,SYNTH_ADVERSARY_V1
BEN-024036,Diffa,AID-2026-SH-455,medical,household,TRUE,SYNTH_ADVERSARY_V1
BEN-013636,Wad Madani,AID-2026-FS-207,human services,group,TRUE,SYNTH_ADVERSARY_V1
BEN-020458,Sitapur,AID-2026-HL-330,youth development,group,TRUE,SYNTH_ADVERSARY_V1
BEN-025226,Sitapur,AID-2026-FS-207,disaster relief,household,TRUE,SYNTH_ADVERSARY_V1
BEN-010788,Sitapur,AID-2026-HL-330,disaster relief,household,TRUE,SYNTH_ADVERSARY_V1
BEN-014375,Sitapur,AID-2026-HL-330,food and agriculture,individual,TRUE,SYNTH_ADVERSARY_V1
BEN-004766,Sitapur,AID-2026-SH-455,food and agriculture,household,TRUE,SYNTH_ADVERSARY_V1
BEN-012091,Sitapur,AID-2026-SH-455,civil rights,group,TRUE,SYNTH_ADVERSARY_V1
BEN-019303,Chitrakoot,AID-2026-DR-114,international development,household,TRUE,SYNTH_ADVERSARY_V1
BEN-013773,Chitrakoot,AID-2026-SH-455,human services,group,TRUE,SYNTH_ADVERSARY_V1
BEN-009867,Maradi,AID-2026-DR-114,youth development,household,TRUE,SYNTH_ADVERSARY_V1
BEN-015256,Chitrakoot,AID-2026-ED-512,human services,individual,TRUE,SYNTH_ADVERSARY_V1
BEN-013624,Chitrakoot,AID-2026-WS-618,civil rights,household,TRUE,SYNTH_ADVERSARY_V1
BEN-014557,Chitrakoot,AID-2026-ED-512,disaster relief,household,TRUE,SYNTH_ADVERSARY_V1
BEN-000154,Chitrakoot,AID-2026-HL-330,human services,household,TRUE,SYNTH_ADVERSARY_V1
BEN-019199,Chitrakoot,AID-2026-ED-512,environment,household,TRUE,SYNTH_ADVERSARY_V1
BEN-007289,Chitrakoot,AID-2026-ED-512,human services,group,TRUE,SYNTH_ADVERSARY_V1
BEN-010273,Rafah,AID-2026-HL-330,civil rights,household,TRUE,SYNTH_ADVERSARY_V1
BEN-014286,Rafah,AID-2026-FS-207,youth development,household,TRUE,SYNTH_ADVERSARY_V1
BEN-022158,Rafah,AID-2026-FS-207,environment,individual,TRUE,SYNTH_ADVERSARY_V1
BEN-001304,Rafah,AID-2026-HL-330,disaster relief,household,TRUE,SYNTH_ADVERSARY_V1
BEN-006937,Rafah,AID-2026-HL-330,civil rights,household,TRUE,SYNTH_ADVERSARY_V1
BEN-001657,Rafah,AID-2026-DR-114,housing,household,TRUE,SYNTH_ADVERSARY_V1
BEN-012689,Rafah,AID-2026-WS-618,international development,household,TRUE,SYNTH_ADVERSARY_V1
BEN-022980,Deir al-Balah,AID-2026-DR-114,disaster relief,individual,TRUE,SYNTH_ADVERSARY_V1
BEN-019215,Rafah,AID-2026-HL-330,housing,individual,TRUE,SYNTH_ADVERSARY_V1
BEN-015633,Rafah,AID-2026-FS-207,housing,household,TRUE,SYNTH_ADVERSARY_V1
BEN-020391,Sitapur,AID-2026-HL-330,human services,household,TRUE,SYNTH_ADVERSARY_V1
BEN-000190,Sitapur,AID-2026-DR-114,environment,household,TRUE,SYNTH_ADVERSARY_V1
BEN-008660,Sitapur,AID-2026-SH-455,human services,household,TRUE,SYNTH_ADVERSARY_V1
BEN-022554,Sitapur,AID-2026-WS-618,international development,individual,TRUE,SYNTH_ADVERSARY_V1
BEN-004990,Khan Yunis,AID-2026-ED-512,disaster relief,household,TRUE,SYNTH_ADVERSARY_V1
BEN-022714,Wad Madani,AID-2026-HL-330,international development,household,TRUE,SYNTH_ADVERSARY_V1
BEN-023006,Wad Madani,AID-2026-WS-618,environment,household,TRUE,SYNTH_ADVERSARY_V1
BEN-003052,Wad Madani,AID-2026-SH-455,youth development,household,TRUE,SYNTH_ADVERSARY_V1
BEN-022729,Wad Madani,AID-2026-FS-207,housing,household,TRUE,SYNTH_ADVERSARY_V1
BEN-016122,Wad Madani,AID-2026-FS-207,medical,individual,TRUE,SYNTH_ADVERSARY_V1
BEN-007388,Wad Madani,AID-2026-DR-114,human services,household,TRUE,SYNTH_ADVERSARY_V1
BEN-021763,Wad Madani,AID-2026-DR-114,youth development,household,TRUE,SYNTH_ADVERSARY_V1
BEN-011396,Balrampur,AID-2026-DR-114,international development,group,TRUE,SYNTH_ADVERSARY_V1
BEN-005601,Wad Madani,AID-2026-HL-330,medical,household,TRUE,SYNTH_ADVERSARY_V1
BEN-014049,Wad Madani,AID-2026-DR-114,medical,group,TRUE,SYNTH_ADVERSARY_V1
BEN-020647,Wad Madani,AID-2026-WS-618,medical,individual,TRUE,SYNTH_ADVERSARY_V1
BEN-002558,Deir al-Balah,AID-2026-ED-512,disaster relief,household,TRUE,SYNTH_ADVERSARY_V1
BEN-002080,Wad Madani,AID-2026-WS-618,youth development,group,TRUE,SYNTH_ADVERSARY_V1
BEN-016747,Wad Madani,AID-2026-WS-618,disaster relief,household,TRUE,SYNTH_ADVERSARY_V1
BEN-002602,Wad Madani,AID-2026-WS-618,civil rights,group,TRUE,SYNTH_ADVERSARY_V1
BEN-001716,Chitrakoot,AID-2026-WS-618,youth development,individual,TRUE,SYNTH_ADVERSARY_V1
BEN-006753,Wad Madani,AID-2026-ED-512,environment,household,TRUE,SYNTH_ADVERSARY_V1
BEN-008667,Wad Madani,AID-2026-WS-618,medical,household,TRUE,SYNTH_ADVERSARY_V1
BEN-014117,Deir al-Balah,AID-2026-SH-455,environment,household,TRUE,SYNTH_ADVERSARY_V1
BEN-021877,Deir al-Balah,AID-2026-SH-455,international development,household,TRUE,SYNTH_ADVERSARY_V1
BEN-019502,Kutupalong,AID-2026-SH-455,disaster relief,household,TRUE,SYNTH_ADVERSARY_V1
BEN-012699,Deir al-Balah,AID-2026-SH-455,food and agriculture,individual,TRUE,SYNTH_ADVERSARY_V1
BEN-000734,Deir al-Balah,AID-2026-DR-114,international development,household,TRUE,SYNTH_ADVERSARY_V1
BEN-009819,Cox's Bazar,AID-2026-WS-618,housing,individual,TRUE,SYNTH_ADVERSARY_V1
BEN-001048,Gaza North,AID-2026-HL-330,international development,household,TRUE,SYNTH_ADVERSARY_V1
BEN-010292,Deir al-Balah,AID-2026-ED-512,housing,group,TRUE,SYNTH_ADVERSARY_V1
BEN-007223,Deir al-Balah,AID-2026-FS-207,food and agriculture,household,TRUE,SYNTH_ADVERSARY_V1
BEN-008901,Balrampur,AID-2026-HL-330,education,group,TRUE,SYNTH_ADVERSARY_V1
BEN-006175,Deir al-Balah,AID-2026-ED-512,medical,group,TRUE,SYNTH_ADVERSARY_V1
BEN-021051,Deir al-Balah,AID-2026-WS-618,education,household,TRUE,SYNTH_ADVERSARY_V1
BEN-024862,Gaza North,AID-2026-ED-512,food and agriculture,group,TRUE,SYNTH_ADVERSARY_V1
BEN-016966,Gaza North,AID-2026-HL-330,environment,group,TRUE,SYNTH_ADVERSARY_V1
BEN-024496,Gaza North,AID-2026-DR-114,housing,group,TRUE,SYNTH_ADVERSARY_V1
BEN-006606,Gaza North,AID-2026-HL-330,youth development,household,TRUE,SYNTH_ADVERSARY_V1
BEN-019539,Diffa,AID-2026-FS-207,housing,individual,TRUE,SYNTH_ADVERSARY_V1
BEN-010564,Chitrakoot,AID-2026-ED-512,environment,individual,TRUE,SYNTH_ADVERSARY_V1
BEN-023112,Sitapur,AID-2026-SH-455,food and agriculture,household,TRUE,SYNTH_ADVERSARY_V1
BEN-002403,El Obeid,AID-2026-SH-455,civil rights,individual,TRUE,SYNTH_ADVERSARY_V1
BEN-005968,Sitapur,AID-2026-ED-512,youth development,group,TRUE,SYNTH_ADVERSARY_V1
BEN-015403,Sitapur,AID-2026-DR-114,education,household,TRUE,SYNTH_ADVERSARY_V1
BEN-001926,Sitapur,AID-2026-WS-618,human services,household,TRUE,SYNTH_ADVERSARY_V1
BEN-021397,Kutupalong,AID-2026-HL-330,education,group,TRUE,SYNTH_ADVERSARY_V1
BEN-014695,Sitapur,AID-2026-SH-455,education,household,TRUE,SYNTH_ADVERSARY_V1
BEN-009915,Sitapur,AID-2026-SH-455,food and agriculture,individual,TRUE,SYNTH_ADVERSARY_V1
BEN-024010,Sitapur,AID-2026-ED-512,youth development,individual,TRUE,SYNTH_ADVERSARY_V1
BEN-004487,Maradi,AID-2026-FS-207,human services,individual,TRUE,SYNTH_ADVERSARY_V1
BEN-000861,Sitapur,AID-2026-WS-618,food and agriculture,household,TRUE,SYNTH_ADVERSARY_V1
BEN-006703,Cox's Bazar,AID-2026-DR-114,medical,household,TRUE,SYNTH_ADVERSARY_V1
BEN-003748,Maradi,AID-2026-HL-330,youth development,household,TRUE,SYNTH_ADVERSARY_V1
BEN-019517,Maradi,AID-2026-ED-512,education,group,TRUE,SYNTH_ADVERSARY_V1
BEN-014954,Barabanki,AID-2026-WS-618,civil rights,individual,TRUE,SYNTH_ADVERSARY_V1
BEN-001259,Barabanki,AID-2026-WS-618,housing,household,TRUE,SYNTH_ADVERSARY_V1
BEN-017156,Barabanki,AID-2026-FS-207,education,individual,TRUE,SYNTH_ADVERSARY_V1
BEN-019851,Barabanki,AID-2026-WS-618,medical,individual,TRUE,SYNTH_ADVERSARY_V1
BEN-010450,Kassala,AID-2026-FS-207,youth development,household,TRUE,SYNTH_ADVERSARY_V1
BEN-023638,Diffa,AID-2026-FS-207,international development,group,TRUE,SYNTH_ADVERSARY_V1
BEN-025405,Diffa,AID-2026-HL-330,disaster relief,household,TRUE,SYNTH_ADVERSARY_V1
BEN-010604,Diffa,AID-2026-HL-330,youth development,individual,TRUE,SYNTH_ADVERSARY_V1
BEN-015452,Diffa,AID-2026-DR-114,civil rights,household,TRUE,SYNTH_ADVERSARY_V1
BEN-008072,Diffa,AID-2026-FS-207,human services,household,TRUE,SYNTH_ADVERSARY_V1
BEN-012061,Diffa,AID-2026-FS-207,environment,group,TRUE,SYNTH_ADVERSARY_V1
BEN-016184,Diffa,AID-2026-DR-114,human services,household,TRUE,SYNTH_ADVERSARY_V1
BEN-001350,Diffa,AID-2026-DR-114,disaster relief,household,TRUE,SYNTH_ADVERSARY_V1
BEN-002126,Diffa,AID-2026-WS-618,youth development,individual,TRUE,SYNTH_ADVERSARY_V1
BEN-018554,Diffa,AID-2026-DR-114,medical,household,TRUE,SYNTH_ADVERSARY_V1
BEN-024188,Diffa,AID-2026-WS-618,disaster relief,household,TRUE,SYNTH_ADVERSARY_V1
BEN-002439,Sitapur,AID-2026-HL-330,civil rights,individual,TRUE,SYNTH_ADVERSARY_V1
BEN-002308,Sitapur,AID-2026-HL-330,environment,household,TRUE,SYNTH_ADVERSARY_V1
BEN-016124,Sitapur,AID-2026-DR-114,environment,individual,TRUE,SYNTH_ADVERSARY_V1
BEN-003006,Sitapur,AID-2026-FS-207,education,household,TRUE,SYNTH_ADVERSARY_V1
BEN-010027,Sitapur,AID-2026-FS-207,human services,individual,TRUE,SYNTH_ADVERSARY_V1
BEN-015267,Sitapur,AID-2026-DR-114,youth development,household,TRUE,SYNTH_ADVERSARY_V1
BEN-010600,Sitapur,AID-2026-WS-618,education,individual,TRUE,SYNTH_ADVERSARY_V1
BEN-001466,Sitapur,AID-2026-WS-618,disaster relief,individual,TRUE,SYNTH_ADVERSARY_V1
BEN-014407,Barabanki,AID-2026-HL-330,food and agriculture,group,TRUE,SYNTH_ADVERSARY_V1
BEN-002790,Barabanki,AID-2026-SH-455,disaster relief,group,TRUE,SYNTH_ADVERSARY_V1
BEN-002169,Sitapur,AID-2026-FS-207,housing,group,TRUE,SYNTH_ADVERSARY_V1
BEN-015258,Barabanki,AID-2026-ED-512,disaster relief,household,TRUE,SYNTH_ADVERSARY_V1
BEN-020687,Barabanki,AID-2026-DR-114,disaster relief,household,TRUE,SYNTH_ADVERSARY_V1
BEN-005727,Barabanki,AID-2026-SH-455,education,individual,TRUE,SYNTH_ADVERSARY_V1
BEN-015676,Cox's Bazar,AID-2026-WS-618,medical,individual,TRUE,SYNTH_ADVERSARY_V1
BEN-006218,Barabanki,AID-2026-WS-618,food and agriculture,individual,TRUE,SYNTH_ADVERSARY_V1
BEN-013987,Balrampur,AID-2026-ED-512,civil rights,household,TRUE,SYNTH_ADVERSARY_V1
BEN-008961,Barabanki,AID-2026-SH-455,youth development,household,TRUE,SYNTH_ADVERSARY_V1
BEN-022313,Kassala,AID-2026-FS-207,youth development,group,TRUE,SYNTH_ADVERSARY_V1
BEN-003325,Chitrakoot,AID-2026-ED-512,environment,household,TRUE,SYNTH_ADVERSARY_V1
BEN-005638,Chitrakoot,AID-2026-ED-512,food and agriculture,individual,TRUE,SYNTH_ADVERSARY_V1
BEN-002089,Chitrakoot,AID-2026-DR-114,youth development,household,TRUE,SYNTH_ADVERSARY_V1
BEN-008382,Chitrakoot,AID-2026-FS-207,food and agriculture,individual,TRUE,SYNTH_ADVERSARY_V1
BEN-014563,Chitrakoot,AID-2026-HL-330,international development,household,TRUE,SYNTH_ADVERSARY_V1
BEN-014273,Chitrakoot,AID-2026-ED-512,food and agriculture,household,TRUE,SYNTH_ADVERSARY_V1
BEN-022545,Chitrakoot,AID-2026-WS-618,environment,household,TRUE,SYNTH_ADVERSARY_V1
BEN-007178,Chitrakoot,AID-2026-HL-330,youth development,individual,TRUE,SYNTH_ADVERSARY_V1
BEN-023322,Chitrakoot,AID-2026-SH-455,housing,household,TRUE,SYNTH_ADVERSARY_V1
BEN-018844,Chitrakoot,AID-2026-HL-330,food and agriculture,household,TRUE,SYNTH_ADVERSARY_V1
BEN-002176,Chitrakoot,AID-2026-FS-207,international development,household,TRUE,SYNTH_ADVERSARY_V1
BEN-015487,Kutupalong,AID-2026-HL-330,housing,group,TRUE,SYNTH_ADVERSARY_V1
BEN-015731,Kutupalong,AID-2026-SH-455,food and agriculture,household,TRUE,SYNTH_ADVERSARY_V1
BEN-004038,Kutupalong,AID-2026-HL-330,food and agriculture,individual,TRUE,SYNTH_ADVERSARY_V1
BEN-012969,Kutupalong,AID-2026-SH-455,civil rights,household,TRUE,SYNTH_ADVERSARY_V1
BEN-000036,Kutupalong,AID-2026-ED-512,environment,household,TRUE,SYNTH_ADVERSARY_V1
BEN-019270,Kutupalong,AID-2026-SH-455,youth development,individual,TRUE,SYNTH_ADVERSARY_V1
BEN-014692,Maradi,AID-2026-ED-512,youth development,household,TRUE,SYNTH_ADVERSARY_V1
BEN-011660,Kutupalong,AID-2026-FS-207,medical,household,TRUE,SYNTH_ADVERSARY_V1
BEN-000731,Balrampur,AID-2026-HL-330,disaster relief,household,TRUE,SYNTH_ADVERSARY_V1
BEN-019619,Balrampur,AID-2026-FS-207,international development,individual,TRUE,SYNTH_ADVERSARY_V1
BEN-024903,Balrampur,AID-2026-ED-512,youth development,individual,TRUE,SYNTH_ADVERSARY_V1
BEN-018854,Balrampur,AID-2026-HL-330,education,household,TRUE,SYNTH_ADVERSARY_V1
BEN-019586,Balrampur,AID-2026-SH-455,medical,household,TRUE,SYNTH_ADVERSARY_V1
BEN-013071,Chitrakoot,AID-2026-SH-455,international development,household,TRUE,SYNTH_ADVERSARY_V1
BEN-003029,Balrampur,AID-2026-WS-618,medical,household,TRUE,SYNTH_ADVERSARY_V1
BEN-011366,Balrampur,AID-2026-HL-330,medical,household,TRUE,SYNTH_ADVERSARY_V1
BEN-025589,Balrampur,AID-2026-ED-512,human services,household,TRUE,SYNTH_ADVERSARY_V1
BEN-019125,Wad Madani,AID-2026-HL-330,civil rights,individual,TRUE,SYNTH_ADVERSARY_V1
BEN-003688,Cox's Bazar,AID-2026-HL-330,food and agriculture,individual,TRUE,SYNTH_ADVERSARY_V1
BEN-021685,Kassala,AID-2026-HL-330,international development,individual,TRUE,SYNTH_ADVERSARY_V1
BEN-005847,Maradi,AID-2026-FS-207,environment,household,TRUE,SYNTH_ADVERSARY_V1
BEN-024968,Cox's Bazar,AID-2026-SH-455,food and agriculture,household,TRUE,SYNTH_ADVERSARY_V1
BEN-023106,Cox's Bazar,AID-2026-DR-114,education,group,TRUE,SYNTH_ADVERSARY_V1
BEN-006741,Cox's Bazar,AID-2026-HL-330,education,household,TRUE,SYNTH_ADVERSARY_V1
BEN-003087,Cox's Bazar,AID-2026-FS-207,medical,group,TRUE,SYNTH_ADVERSARY_V1
BEN-001535,Nyala,AID-2026-HL-330,civil rights,household,TRUE,SYNTH_ADVERSARY_V1
BEN-012493,Nyala,AID-2026-DR-114,food and agriculture,individual,TRUE,SYNTH_ADVERSARY_V1
BEN-017174,Nyala,AID-2026-FS-207,youth development,household,TRUE,SYNTH_ADVERSARY_V1
BEN-016819,Nyala,AID-2026-DR-114,international development,individual,TRUE,SYNTH_ADVERSARY_V1
BEN-006862,Nyala,AID-2026-SH-455,education,household,TRUE,SYNTH_ADVERSARY_V1
BEN-004249,Nyala,AID-2026-ED-512,human services,household,TRUE,SYNTH_ADVERSARY_V1
BEN-009813,Nyala,AID-2026-WS-618,human services,household,TRUE,SYNTH_ADVERSARY_V1
BEN-018557,Nyala,AID-2026-WS-618,food and agriculture,household,TRUE,SYNTH_ADVERSARY_V1
BEN-011283,Nyala,AID-2026-SH-455,housing,household,TRUE,SYNTH_ADVERSARY_V1
BEN-008639,Rafah,AID-2026-DR-114,disaster relief,group,TRUE,SYNTH_ADVERSARY_V1
BEN-002376,Rafah,AID-2026-WS-618,housing,individual,TRUE,SYNTH_ADVERSARY_V1
BEN-019868,Rafah,AID-2026-FS-207,human services,individual,TRUE,SYNTH_ADVERSARY_V1
BEN-023041,Rafah,AID-2026-SH-455,civil rights,group,TRUE,SYNTH_ADVERSARY_V1
BEN-004617,Rafah,AID-2026-FS-207,human services,household,TRUE,SYNTH_ADVERSARY_V1
BEN-019340,Sitapur,AID-2026-SH-455,food and agriculture,household,TRUE,SYNTH_ADVERSARY_V1
BEN-001163,Rafah,AID-2026-HL-330,education,household,TRUE,SYNTH_ADVERSARY_V1
BEN-020162,Maradi,AID-2026-FS-207,disaster relief,household,TRUE,SYNTH_ADVERSARY_V1
BEN-007100,Rafah,AID-2026-DR-114,food and agriculture,household,TRUE,SYNTH_ADVERSARY_V1
BEN-004506,Nyala,AID-2026-SH-455,civil rights,group,TRUE,SYNTH_ADVERSARY_V1
BEN-008775,Khan Yunis,AID-2026-SH-455,education,individual,TRUE,SYNTH_ADVERSARY_V1
BEN-014063,Diffa,AID-2026-HL-330,education,group,TRUE,SYNTH_ADVERSARY_V1
BEN-009577,Diffa,AID-2026-HL-330,food and agriculture,individual,TRUE,SYNTH_ADVERSARY_V1
BEN-015199,Diffa,AID-2026-ED-512,youth development,individual,TRUE,SYNTH_ADVERSARY_V1
BEN-003630,Diffa,AID-2026-DR-114,civil rights,individual,TRUE,SYNTH_ADVERSARY_V1
BEN-012791,Diffa,AID-2026-WS-618,international development,group,TRUE,SYNTH_ADVERSARY_V1
BEN-024997,Diffa,AID-2026-ED-512,medical,household,TRUE,SYNTH_ADVERSARY_V1
BEN-011317,Diffa,AID-2026-ED-512,medical,individual,TRUE,SYNTH_ADVERSARY_V1
BEN-008872,Diffa,AID-2026-SH-455,food and agriculture,household,TRUE,SYNTH_ADVERSARY_V1
BEN-011784,Diffa,AID-2026-FS-207,housing,household,TRUE,SYNTH_ADVERSARY_V1
BEN-008093,Wad Madani,AID-2026-FS-207,disaster relief,individual,TRUE,SYNTH_ADVERSARY_V1
BEN-001670,Wad Madani,AID-2026-HL-330,human services,individual,TRUE,SYNTH_ADVERSARY_V1
BEN-000799,Wad Madani,AID-2026-WS-618,food and agriculture,household,TRUE,SYNTH_ADVERSARY_V1
BEN-002160,Wad Madani,AID-2026-FS-207,disaster relief,household,TRUE,SYNTH_ADVERSARY_V1
BEN-021424,Wad Madani,AID-2026-ED-512,food and agriculture,group,TRUE,SYNTH_ADVERSARY_V1
BEN-002045,Wad Madani,AID-2026-DR-114,education,individual,TRUE,SYNTH_ADVERSARY_V1
BEN-006591,Wad Madani,AID-2026-SH-455,civil rights,household,TRUE,SYNTH_ADVERSARY_V1
BEN-020591,Wad Madani,AID-2026-WS-618,housing,household,TRUE,SYNTH_ADVERSARY_V1
BEN-005851,Wad Madani,AID-2026-DR-114,environment,household,TRUE,SYNTH_ADVERSARY_V1
BEN-023698,Wad Madani,AID-2026-ED-512,civil rights,household,TRUE,SYNTH_ADVERSARY_V1
BEN-004379,Wad Madani,AID-2026-ED-512,environment,individual,TRUE,SYNTH_ADVERSARY_V1
BEN-013186,Wad Madani,AID-2026-FS-207,human services,household,TRUE,SYNTH_ADVERSARY_V1
BEN-014942,Wad Madani,AID-2026-FS-207,youth development,household,TRUE,SYNTH_ADVERSARY_V1
BEN-013139,Kassala,AID-2026-FS-207,medical,household,TRUE,SYNTH_ADVERSARY_V1
BEN-003821,Kassala,AID-2026-HL-330,human services,individual,TRUE,SYNTH_ADVERSARY_V1
BEN-019408,Kassala,AID-2026-DR-114,education,individual,TRUE,SYNTH_ADVERSARY_V1
BEN-024891,Kassala,AID-2026-FS-207,international development,household,TRUE,SYNTH_ADVERSARY_V1
BEN-002240,Kassala,AID-2026-HL-330,human services,household,TRUE,SYNTH_ADVERSARY_V1
BEN-010343,Kassala,AID-2026-HL-330,housing,group,TRUE,SYNTH_ADVERSARY_V1
BEN-016442,Kassala,AID-2026-SH-455,civil rights,household,TRUE,SYNTH_ADVERSARY_V1
BEN-001292,Kassala,AID-2026-ED-512,housing,household,TRUE,SYNTH_ADVERSARY_V1
BEN-001840,Kassala,AID-2026-FS-207,education,household,TRUE,SYNTH_ADVERSARY_V1
BEN-011624,Balrampur,AID-2026-ED-512,civil rights,household,TRUE,SYNTH_ADVERSARY_V1
BEN-006709,Balrampur,AID-2026-DR-114,housing,individual,TRUE,SYNTH_ADVERSARY_V1
BEN-015878,Balrampur,AID-2026-DR-114,youth development,household,TRUE,SYNTH_ADVERSARY_V1
BEN-016697,Balrampur,AID-2026-ED-512,environment,household,TRUE,SYNTH_ADVERSARY_V1
BEN-004185,Balrampur,AID-2026-HL-330,disaster relief,individual,TRUE,SYNTH_ADVERSARY_V1
BEN-002379,Maradi,AID-2026-FS-207,human services,individual,TRUE,SYNTH_ADVERSARY_V1
BEN-017450,Maradi,AID-2026-FS-207,food and agriculture,household,TRUE,SYNTH_ADVERSARY_V1
BEN-002239,Maradi,AID-2026-HL-330,human services,group,TRUE,SYNTH_ADVERSARY_V1
BEN-005942,Maradi,AID-2026-DR-114,civil rights,group,TRUE,SYNTH_ADVERSARY_V1
BEN-018635,Maradi,AID-2026-WS-618,civil rights,household,TRUE,SYNTH_ADVERSARY_V1
BEN-012418,Maradi,AID-2026-ED-512,international development,household,TRUE,SYNTH_ADVERSARY_V1
BEN-007575,Gaza North,AID-2026-SH-455,disaster relief,individual,TRUE,SYNTH_ADVERSARY_V1
BEN-022692,Diffa,AID-2026-DR-114,food and agriculture,household,TRUE,SYNTH_ADVERSARY_V1
BEN-009244,Maradi,AID-2026-WS-618,international development,household,TRUE,SYNTH_ADVERSARY_V1
BEN-005932,Kassala,AID-2026-DR-114,environment,individual,TRUE,SYNTH_ADVERSARY_V1
BEN-022811,Diffa,AID-2026-HL-330,education,household,TRUE,SYNTH_ADVERSARY_V1
BEN-011199,El Obeid,AID-2026-WS-618,medical,household,TRUE,SYNTH_ADVERSARY_V1
BEN-021238,El Obeid,AID-2026-DR-114,medical,household,TRUE,SYNTH_ADVERSARY_V1
BEN-014703,El Obeid,AID-2026-SH-455,housing,individual,TRUE,SYNTH_ADVERSARY_V1
BEN-015947,El Obeid,AID-2026-ED-512,civil rights,individual,TRUE,SYNTH_ADVERSARY_V1
BEN-015339,Kassala,AID-2026-WS-618,youth development,individual,TRUE,SYNTH_ADVERSARY_V1
BEN-007818,Kassala,AID-2026-DR-114,international development,household,TRUE,SYNTH_ADVERSARY_V1
BEN-020056,Kassala,AID-2026-WS-618,disaster relief,individual,TRUE,SYNTH_ADVERSARY_V1
BEN-009070,Kassala,AID-2026-ED-512,disaster relief,group,TRUE,SYNTH_ADVERSARY_V1
BEN-025625,Kassala,AID-2026-WS-618,housing,household,TRUE,SYNTH_ADVERSARY_V1
BEN-014310,Kassala,AID-2026-HL-330,education,individual,TRUE,SYNTH_ADVERSARY_V1
BEN-023619,Kassala,AID-2026-WS-618,civil rights,group,TRUE,SYNTH_ADVERSARY_V1
BEN-023547,El Obeid,AID-2026-DR-114,food and agriculture,household,TRUE,SYNTH_ADVERSARY_V1
BEN-005461,El Obeid,AID-2026-DR-114,environment,individual,TRUE,SYNTH_ADVERSARY_V1
BEN-012892,El Obeid,AID-2026-HL-330,civil rights,individual,TRUE,SYNTH_ADVERSARY_V1
BEN-003119,Khan Yunis,AID-2026-DR-114,disaster relief,group,TRUE,SYNTH_ADVERSARY_V1
BEN-020690,El Obeid,AID-2026-ED-512,international development,household,TRUE,SYNTH_ADVERSARY_V1
BEN-023525,El Obeid,AID-2026-WS-618,civil rights,household,TRUE,SYNTH_ADVERSARY_V1
BEN-006028,Nyala,AID-2026-ED-512,food and agriculture,group,TRUE,SYNTH_ADVERSARY_V1
BEN-001509,El Obeid,AID-2026-WS-618,disaster relief,household,TRUE,SYNTH_ADVERSARY_V1
BEN-014200,Deir al-Balah,AID-2026-SH-455,food and agriculture,group,TRUE,SYNTH_ADVERSARY_V1
BEN-023027,Kassala,AID-2026-HL-330,human services,individual,TRUE,SYNTH_ADVERSARY_V1
BEN-001920,Deir al-Balah,AID-2026-ED-512,disaster relief,individual,TRUE,SYNTH_ADVERSARY_V1
BEN-004371,Deir al-Balah,AID-2026-FS-207,environment,individual,TRUE,SYNTH_ADVERSARY_V1
BEN-025204,Deir al-Balah,AID-2026-DR-114,food and agriculture,household,TRUE,SYNTH_ADVERSARY_V1
BEN-004123,Wad Madani,AID-2026-ED-512,disaster relief,individual,TRUE,SYNTH_ADVERSARY_V1
BEN-015967,Deir al-Balah,AID-2026-WS-618,housing,household,TRUE,SYNTH_ADVERSARY_V1
BEN-015165,Deir al-Balah,AID-2026-HL-330,civil rights,group,TRUE,SYNTH_ADVERSARY_V1
BEN-025669,Kutupalong,AID-2026-HL-330,medical,individual,TRUE,SYNTH_ADVERSARY_V1
BEN-000874,Kutupalong,AID-2026-DR-114,housing,group,TRUE,SYNTH_ADVERSARY_V1
BEN-000482,Kutupalong,AID-2026-ED-512,civil rights,household,TRUE,SYNTH_ADVERSARY_V1
BEN-022984,Nyala,AID-2026-HL-330,education,individual,TRUE,SYNTH_ADVERSARY_V1
BEN-007521,Balrampur,AID-2026-ED-512,youth development,individual,TRUE,SYNTH_ADVERSARY_V1
BEN-001343,Kutupalong,AID-2026-WS-618,human services,household,TRUE,SYNTH_ADVERSARY_V1
BEN-015582,Kassala,AID-2026-WS-618,environment,group,TRUE,SYNTH_ADVERSARY_V1
BEN-014806,Kutupalong,AID-2026-SH-455,youth development,household,TRUE,SYNTH_ADVERSARY_V1
BEN-003683,Barabanki,AID-2026-DR-114,disaster relief,household,TRUE,SYNTH_ADVERSARY_V1
BEN-009783,Maradi,AID-2026-HL-330,housing,household,TRUE,SYNTH_ADVERSARY_V1
BEN-022968,Maradi,AID-2026-ED-512,housing,individual,TRUE,SYNTH_ADVERSARY_V1
BEN-005924,Maradi,AID-2026-HL-330,education,household,TRUE,SYNTH_ADVERSARY_V1
BEN-018878,Maradi,AID-2026-ED-512,environment,household,TRUE,SYNTH_ADVERSARY_V1
BEN-009225,Maradi,AID-2026-DR-114,international development,household,TRUE,SYNTH_ADVERSARY_V1
BEN-009364,Khan Yunis,AID-2026-HL-330,disaster relief,household,TRUE,SYNTH_ADVERSARY_V1
BEN-017132,Maradi,AID-2026-WS-618,civil rights,household,TRUE,SYNTH_ADVERSARY_V1
BEN-006886,Maradi,AID-2026-FS-207,food and agriculture,household,TRUE,SYNTH_ADVERSARY_V1
BEN-013984,Maradi,AID-2026-SH-455,youth development,individual,TRUE,SYNTH_ADVERSARY_V1
BEN-010191,Chitrakoot,AID-2026-HL-330,civil rights,individual,TRUE,SYNTH_ADVERSARY_V1
BEN-021754,Barabanki,AID-2026-HL-330,civil rights,individual,TRUE,SYNTH_ADVERSARY_V1
BEN-013943,Barabanki,AID-2026-ED-512,education,group,TRUE,SYNTH_ADVERSARY_V1
BEN-006304,Barabanki,AID-2026-FS-207,youth development,individual,TRUE,SYNTH_ADVERSARY_V1
BEN-000434,Kassala,AID-2026-DR-114,human services,individual,TRUE,SYNTH_ADVERSARY_V1
BEN-024679,Barabanki,AID-2026-HL-330,youth development,individual,TRUE,SYNTH_ADVERSARY_V1
BEN-008420,Barabanki,AID-2026-DR-114,medical,individual,TRUE,SYNTH_ADVERSARY_V1
BEN-003620,Barabanki,AID-2026-WS-618,education,group,TRUE,SYNTH_ADVERSARY_V1
BEN-002658,Barabanki,AID-2026-FS-207,education,household,TRUE,SYNTH_ADVERSARY_V1
BEN-025758,Barabanki,AID-2026-DR-114,human services,household,TRUE,SYNTH_ADVERSARY_V1
BEN-016087,Barabanki,AID-2026-FS-207,housing,household,TRUE,SYNTH_ADVERSARY_V1
BEN-012403,Khan Yunis,AID-2026-SH-455,human services,individual,TRUE,SYNTH_ADVERSARY_V1
BEN-020775,Kassala,AID-2026-SH-455,international development,household,TRUE,SYNTH_ADVERSARY_V1
BEN-020069,Diffa,AID-2026-ED-512,youth development,individual,TRUE,SYNTH_ADVERSARY_V1
BEN-011265,Maradi,AID-2026-DR-114,housing,group,TRUE,SYNTH_ADVERSARY_V1
BEN-010785,Nyala,AID-2026-DR-114,youth development,household,TRUE,SYNTH_ADVERSARY_V1
BEN-001408,Nyala,AID-2026-SH-455,food and agriculture,household,TRUE,SYNTH_ADVERSARY_V1
BEN-018826,Nyala,AID-2026-FS-207,education,individual,TRUE,SYNTH_ADVERSARY_V1
BEN-008596,Nyala,AID-2026-HL-330,youth development,individual,TRUE,SYNTH_ADVERSARY_V1
BEN-002668,Balrampur,AID-2026-ED-512,human services,individual,TRUE,SYNTH_ADVERSARY_V1
BEN-012685,Balrampur,AID-2026-SH-455,civil rights,individual,TRUE,SYNTH_ADVERSARY_V1
BEN-002252,Wad Madani,AID-2026-HL-330,environment,household,TRUE,SYNTH_ADVERSARY_V1
BEN-013899,Balrampur,AID-2026-WS-618,youth development,individual,TRUE,SYNTH_ADVERSARY_V1
BEN-013929,Balrampur,AID-2026-FS-207,medical,household,TRUE,SYNTH_ADVERSARY_V1
BEN-011049,Balrampur,AID-2026-FS-207,disaster relief,household,TRUE,SYNTH_ADVERSARY_V1
BEN-012433,Sitapur,AID-2026-ED-512,disaster relief,household,TRUE,SYNTH_ADVERSARY_V1
BEN-020769,Balrampur,AID-2026-ED-512,food and agriculture,household,TRUE,SYNTH_ADVERSARY_V1
BEN-012858,Balrampur,AID-2026-WS-618,food and agriculture,individual,TRUE,SYNTH_ADVERSARY_V1
BEN-025939,Diffa,AID-2026-SH-455,youth development,household,TRUE,SYNTH_ADVERSARY_V1
BEN-000931,Nyala,AID-2026-WS-618,food and agriculture,household,TRUE,SYNTH_ADVERSARY_V1
BEN-023361,Diffa,AID-2026-WS-618,housing,household,TRUE,SYNTH_ADVERSARY_V1
BEN-007413,Diffa,AID-2026-FS-207,youth development,group,TRUE,SYNTH_ADVERSARY_V1
BEN-010459,Diffa,AID-2026-SH-455,civil rights,household,TRUE,SYNTH_ADVERSARY_V1
BEN-008510,Diffa,AID-2026-FS-207,youth development,household,TRUE,SYNTH_ADVERSARY_V1
BEN-015189,Diffa,AID-2026-ED-512,education,household,TRUE,SYNTH_ADVERSARY_V1
BEN-000998,Rafah,AID-2026-ED-512,disaster relief,group,TRUE,SYNTH_ADVERSARY_V1
BEN-019786,Cox's Bazar,AID-2026-FS-207,youth development,individual,TRUE,SYNTH_ADVERSARY_V1
BEN-006599,Rafah,AID-2026-DR-114,medical,household,TRUE,SYNTH_ADVERSARY_V1
BEN-000462,Cox's Bazar,AID-2026-WS-618,food and agriculture,group,TRUE,SYNTH_ADVERSARY_V1
BEN-000459,Cox's Bazar,AID-2026-FS-207,environment,household,TRUE,SYNTH_ADVERSARY_V1
BEN-012407,Cox's Bazar,AID-2026-WS-618,international development,household,TRUE,SYNTH_ADVERSARY_V1
BEN-022320,Cox's Bazar,AID-2026-HL-330,civil rights,individual,TRUE,SYNTH_ADVERSARY_V1
BEN-006545,Cox's Bazar,AID-2026-FS-207,environment,household,TRUE,SYNTH_ADVERSARY_V1
BEN-023184,Cox's Bazar,AID-2026-SH-455,housing,household,TRUE,SYNTH_ADVERSARY_V1
BEN-000631,Deir al-Balah,AID-2026-ED-512,civil rights,household,TRUE,SYNTH_ADVERSARY_V1
BEN-005993,Cox's Bazar,AID-2026-FS-207,international development,household,TRUE,SYNTH_ADVERSARY_V1
BEN-006359,Cox's Bazar,AID-2026-ED-512,education,household,TRUE,SYNTH_ADVERSARY_V1
BEN-003848,Cox's Bazar,AID-2026-SH-455,medical,household,TRUE,SYNTH_ADVERSARY_V1
BEN-005547,Cox's Bazar,AID-2026-WS-618,international development,group,TRUE,SYNTH_ADVERSARY_V1
BEN-012639,Rafah,AID-2026-ED-512,food and agriculture,household,TRUE,SYNTH_ADVERSARY_V1
BEN-006742,Rafah,AID-2026-FS-207,housing,individual,TRUE,SYNTH_ADVERSARY_V1
BEN-003127,Rafah,AID-2026-HL-330,youth development,household,TRUE,SYNTH_ADVERSARY_V1
BEN-003592,Rafah,AID-2026-ED-512,civil rights,individual,TRUE,SYNTH_ADVERSARY_V1
BEN-006875,Rafah,AID-2026-DR-114,education,household,TRUE,SYNTH_ADVERSARY_V1
BEN-015345,Rafah,AID-2026-HL-330,education,household,TRUE,SYNTH_ADVERSARY_V1
BEN-013332,Rafah,AID-2026-ED-512,international development,individual,TRUE,SYNTH_ADVERSARY_V1
BEN-004507,Rafah,AID-2026-ED-512,medical,group,TRUE,SYNTH_ADVERSARY_V1
BEN-022342,Rafah,AID-2026-FS-207,environment,household,TRUE,SYNTH_ADVERSARY_V1
BEN-025749,Sitapur,AID-2026-SH-455,medical,group,TRUE,SYNTH_ADVERSARY_V1
BEN-022182,Sitapur,AID-2026-HL-330,human services,household,TRUE,SYNTH_ADVERSARY_V1
BEN-013023,Sitapur,AID-2026-HL-330,international development,household,TRUE,SYNTH_ADVERSARY_V1
BEN-006332,Kassala,AID-2026-HL-330,medical,group,TRUE,SYNTH_ADVERSARY_V1
BEN-017630,Sitapur,AID-2026-WS-618,civil rights,group,TRUE,SYNTH_ADVERSARY_V1
BEN-010488,Sitapur,AID-2026-DR-114,food and agriculture,individual,TRUE,SYNTH_ADVERSARY_V1
BEN-000904,Sitapur,AID-2026-ED-512,food and agriculture,household,TRUE,SYNTH_ADVERSARY_V1
BEN-011891,Sitapur,AID-2026-SH-455,education,individual,TRUE,SYNTH_ADVERSARY_V1
BEN-022439,Sitapur,AID-2026-DR-114,disaster relief,household,TRUE,SYNTH_ADVERSARY_V1
BEN-020955,Sitapur,AID-2026-SH-455,medical,household,TRUE,SYNTH_ADVERSARY_V1
BEN-022989,Sitapur,AID-2026-FS-207,environment,group,TRUE,SYNTH_ADVERSARY_V1
BEN-020827,Wad Madani,AID-2026-SH-455,food and agriculture,household,TRUE,SYNTH_ADVERSARY_V1
BEN-011998,Wad Madani,AID-2026-WS-618,medical,household,TRUE,SYNTH_ADVERSARY_V1
BEN-017282,Wad Madani,AID-2026-FS-207,human services,group,TRUE,SYNTH_ADVERSARY_V1
BEN-014857,Wad Madani,AID-2026-FS-207,disaster relief,household,TRUE,SYNTH_ADVERSARY_V1
BEN-005018,Wad Madani,AID-2026-HL-330,disaster relief,individual,TRUE,SYNTH_ADVERSARY_V1
BEN-006061,Wad Madani,AID-2026-FS-207,disaster relief,household,TRUE,SYNTH_ADVERSARY_V1
BEN-021792,Wad Madani,AID-2026-SH-455,medical,household,TRUE,SYNTH_ADVERSARY_V1
BEN-020723,Wad Madani,AID-2026-HL-330,environment,household,TRUE,SYNTH_ADVERSARY_V1
BEN-023659,Wad Madani,AID-2026-ED-512,disaster relief,household,TRUE,SYNTH_ADVERSARY_V1
BEN-006627,Wad Madani,AID-2026-FS-207,disaster relief,household,TRUE,SYNTH_ADVERSARY_V1
BEN-007677,Wad Madani,AID-2026-HL-330,human services,household,TRUE,SYNTH_ADVERSARY_V1
BEN-007544,Wad Madani,AID-2026-WS-618,youth development,group,TRUE,SYNTH_ADVERSARY_V1
BEN-019322,Sitapur,AID-2026-HL-330,human services,household,TRUE,SYNTH_ADVERSARY_V1
BEN-009725,Nyala,AID-2026-FS-207,youth development,household,TRUE,SYNTH_ADVERSARY_V1
BEN-007700,Rafah,AID-2026-SH-455,civil rights,household,TRUE,SYNTH_ADVERSARY_V1
BEN-002910,Nyala,AID-2026-WS-618,medical,household,TRUE,SYNTH_ADVERSARY_V1
BEN-023328,Sitapur,AID-2026-SH-455,medical,individual,TRUE,SYNTH_ADVERSARY_V1
BEN-003658,Chitrakoot,AID-2026-FS-207,civil rights,household,TRUE,SYNTH_ADVERSARY_V1
BEN-001977,Chitrakoot,AID-2026-FS-207,international development,household,TRUE,SYNTH_ADVERSARY_V1
BEN-016007,Chitrakoot,AID-2026-WS-618,civil rights,group,TRUE,SYNTH_ADVERSARY_V1
BEN-001316,Chitrakoot,AID-2026-FS-207,civil rights,individual,TRUE,SYNTH_ADVERSARY_V1
BEN-013198,Chitrakoot,AID-2026-DR-114,international development,individual,TRUE,SYNTH_ADVERSARY_V1
BEN-001379,Balrampur,AID-2026-SH-455,disaster relief,household,TRUE,SYNTH_ADVERSARY_V1
BEN-014741,Balrampur,AID-2026-ED-512,food and agriculture,individual,TRUE,SYNTH_ADVERSARY_V1
BEN-001607,Balrampur,AID-2026-SH-455,medical,household,TRUE,SYNTH_ADVERSARY_V1
BEN-007944,Balrampur,AID-2026-HL-330,medical,individual,TRUE,SYNTH_ADVERSARY_V1
BEN-014105,Balrampur,AID-2026-FS-207,environment,household,TRUE,SYNTH_ADVERSARY_V1
BEN-002069,Chitrakoot,AID-2026-ED-512,housing,household,TRUE,SYNTH_ADVERSARY_V1
BEN-013192,Chitrakoot,AID-2026-FS-207,disaster relief,household,TRUE,SYNTH_ADVERSARY_V1
BEN-011268,Chitrakoot,AID-2026-ED-512,food and agriculture,household,TRUE,SYNTH_ADVERSARY_V1
BEN-002395,Chitrakoot,AID-2026-DR-114,civil rights,household,TRUE,SYNTH_ADVERSARY_V1
BEN-002573,Chitrakoot,AID-2026-DR-114,disaster relief,group,TRUE,SYNTH_ADVERSARY_V1
BEN-002827,Chitrakoot,AID-2026-FS-207,medical,household,TRUE,SYNTH_ADVERSARY_V1
BEN-021978,Chitrakoot,AID-2026-FS-207,medical,individual,TRUE,SYNTH_ADVERSARY_V1
BEN-016525,Gaza North,AID-2026-ED-512,housing,group,TRUE,SYNTH_ADVERSARY_V1
BEN-002309,Maradi,AID-2026-ED-512,housing,group,TRUE,SYNTH_ADVERSARY_V1
BEN-006201,Barabanki,AID-2026-HL-330,youth development,individual,TRUE,SYNTH_ADVERSARY_V1
BEN-008539,Gaza North,AID-2026-SH-455,human services,household,TRUE,SYNTH_ADVERSARY_V1
BEN-019226,Maradi,AID-2026-FS-207,housing,individual,TRUE,SYNTH_ADVERSARY_V1
BEN-005007,Gaza North,AID-2026-SH-455,youth development,household,TRUE,SYNTH_ADVERSARY_V1
BEN-021834,Gaza North,AID-2026-FS-207,human services,household,TRUE,SYNTH_ADVERSARY_V1
BEN-007189,Cox's Bazar,AID-2026-ED-512,human services,household,TRUE,SYNTH_ADVERSARY_V1
BEN-000700,Cox's Bazar,AID-2026-FS-207,housing,individual,TRUE,SYNTH_ADVERSARY_V1
BEN-018489,Cox's Bazar,AID-2026-ED-512,food and agriculture,household,TRUE,SYNTH_ADVERSARY_V1
BEN-011974,Kutupalong,AID-2026-SH-455,environment,individual,TRUE,SYNTH_ADVERSARY_V1
BEN-004510,Cox's Bazar,AID-2026-HL-330,medical,household,TRUE,SYNTH_ADVERSARY_V1
BEN-022469,Cox's Bazar,AID-2026-ED-512,food and agriculture,individual,TRUE,SYNTH_ADVERSARY_V1
BEN-024227,Cox's Bazar,AID-2026-WS-618,housing,individual,TRUE,SYNTH_ADVERSARY_V1
BEN-004752,Cox's Bazar,AID-2026-SH-455,medical,household,TRUE,SYNTH_ADVERSARY_V1
BEN-025779,Cox's Bazar,AID-2026-HL-330,civil rights,household,TRUE,SYNTH_ADVERSARY_V1
BEN-024821,Cox's Bazar,AID-2026-WS-618,housing,individual,TRUE,SYNTH_ADVERSARY_V1
BEN-008479,Balrampur,AID-2026-DR-114,housing,household,TRUE,SYNTH_ADVERSARY_V1
BEN-004833,Chitrakoot,AID-2026-WS-618,disaster relief,individual,TRUE,SYNTH_ADVERSARY_V1
BEN-020195,Balrampur,AID-2026-DR-114,disaster relief,individual,TRUE,SYNTH_ADVERSARY_V1
BEN-004930,Balrampur,AID-2026-WS-618,medical,household,TRUE,SYNTH_ADVERSARY_V1
BEN-008813,Balrampur,AID-2026-FS-207,international development,individual,TRUE,SYNTH_ADVERSARY_V1
BEN-015352,El Obeid,AID-2026-WS-618,food and agriculture,household,TRUE,SYNTH_ADVERSARY_V1
BEN-023925,Balrampur,AID-2026-WS-618,housing,household,TRUE,SYNTH_ADVERSARY_V1
BEN-008399,Balrampur,AID-2026-FS-207,housing,group,TRUE,SYNTH_ADVERSARY_V1
BEN-017658,Barabanki,AID-2026-FS-207,international development,household,TRUE,SYNTH_ADVERSARY_V1
BEN-003276,Barabanki,AID-2026-WS-618,civil rights,group,TRUE,SYNTH_ADVERSARY_V1
BEN-007972,Barabanki,AID-2026-HL-330,housing,household,TRUE,SYNTH_ADVERSARY_V1
BEN-001169,Barabanki,AID-2026-SH-455,disaster relief,individual,TRUE,SYNTH_ADVERSARY_V1
BEN-019834,Barabanki,AID-2026-DR-114,human services,individual,TRUE,SYNTH_ADVERSARY_V1
BEN-008759,Barabanki,AID-2026-FS-207,environment,group,TRUE,SYNTH_ADVERSARY_V1
BEN-010217,Nyala,AID-2026-SH-455,medical,individual,TRUE,SYNTH_ADVERSARY_V1
BEN-022891,Nyala,AID-2026-HL-330,medical,household,TRUE,SYNTH_ADVERSARY_V1
BEN-023022,Nyala,AID-2026-SH-455,human services,household,TRUE,SYNTH_ADVERSARY_V1
BEN-016699,Nyala,AID-2026-DR-114,youth development,household,TRUE,SYNTH_ADVERSARY_V1
BEN-015717,Nyala,AID-2026-FS-207,international development,household,TRUE,SYNTH_ADVERSARY_V1
BEN-004831,Nyala,AID-2026-WS-618,education,household,TRUE,SYNTH_ADVERSARY_V1
BEN-024868,Nyala,AID-2026-ED-512,housing,household,TRUE,SYNTH_ADVERSARY_V1
BEN-014110,Deir al-Balah,AID-2026-SH-455,housing,individual,TRUE,SYNTH_ADVERSARY_V1
BEN-009208,Deir al-Balah,AID-2026-FS-207,environment,household,TRUE,SYNTH_ADVERSARY_V1
BEN-006207,Deir al-Balah,AID-2026-WS-618,youth development,household,TRUE,SYNTH_ADVERSARY_V1
BEN-019973,Deir al-Balah,AID-2026-SH-455,civil rights,individual,TRUE,SYNTH_ADVERSARY_V1
BEN-018051,Deir al-Balah,AID-2026-FS-207,education,household,TRUE,SYNTH_ADVERSARY_V1
BEN-008298,Deir al-Balah,AID-2026-FS-207,civil rights,household,TRUE,SYNTH_ADVERSARY_V1
BEN-020821,Gaza North,AID-2026-FS-207,environment,household,TRUE,SYNTH_ADVERSARY_V1
BEN-017405,Maradi,AID-2026-SH-455,international development,group,TRUE,SYNTH_ADVERSARY_V1
BEN-023618,Diffa,AID-2026-WS-618,civil rights,individual,TRUE,SYNTH_ADVERSARY_V1
BEN-012690,Diffa,AID-2026-SH-455,civil rights,group,TRUE,SYNTH_ADVERSARY_V1
BEN-024025,Diffa,AID-2026-HL-330,medical,group,TRUE,SYNTH_ADVERSARY_V1
BEN-009670,Diffa,AID-2026-FS-207,environment,individual,TRUE,SYNTH_ADVERSARY_V1
BEN-024753,Diffa,AID-2026-DR-114,youth development,household,TRUE,SYNTH_ADVERSARY_V1
BEN-014296,Chitrakoot,AID-2026-ED-512,food and agriculture,individual,TRUE,SYNTH_ADVERSARY_V1
BEN-012662,Chitrakoot,AID-2026-DR-114,international development,household,TRUE,SYNTH_ADVERSARY_V1
BEN-001901,Chitrakoot,AID-2026-FS-207,food and agriculture,household,TRUE,SYNTH_ADVERSARY_V1
BEN-016141,Chitrakoot,AID-2026-DR-114,international development,group,TRUE,SYNTH_ADVERSARY_V1
BEN-016258,Chitrakoot,AID-2026-HL-330,environment,household,TRUE,SYNTH_ADVERSARY_V1
BEN-015806,Chitrakoot,AID-2026-DR-114,youth development,household,TRUE,SYNTH_ADVERSARY_V1
BEN-006350,Gaza North,AID-2026-HL-330,international development,household,TRUE,SYNTH_ADVERSARY_V1
BEN-023105,Gaza North,AID-2026-SH-455,international development,household,TRUE,SYNTH_ADVERSARY_V1
BEN-006093,Gaza North,AID-2026-WS-618,food and agriculture,individual,TRUE,SYNTH_ADVERSARY_V1
BEN-020770,Gaza North,AID-2026-SH-455,environment,household,TRUE,SYNTH_ADVERSARY_V1
BEN-015528,Gaza North,AID-2026-DR-114,education,individual,TRUE,SYNTH_ADVERSARY_V1
BEN-009174,Gaza North,AID-2026-HL-330,medical,individual,TRUE,SYNTH_ADVERSARY_V1
BEN-004046,Gaza North,AID-2026-SH-455,international development,household,TRUE,SYNTH_ADVERSARY_V1
BEN-010700,Gaza North,AID-2026-HL-330,disaster relief,individual,TRUE,SYNTH_ADVERSARY_V1
BEN-015366,Gaza North,AID-2026-HL-330,medical,group,TRUE,SYNTH_ADVERSARY_V1
BEN-002704,Gaza North,AID-2026-WS-618,youth development,individual,TRUE,SYNTH_ADVERSARY_V1
BEN-002967,Gaza North,AID-2026-FS-207,medical,household,TRUE,SYNTH_ADVERSARY_V1
BEN-010533,El Obeid,AID-2026-DR-114,environment,household,TRUE,SYNTH_ADVERSARY_V1
BEN-018205,El Obeid,AID-2026-WS-618,housing,household,TRUE,SYNTH_ADVERSARY_V1
BEN-023413,El Obeid,AID-2026-FS-207,international development,household,TRUE,SYNTH_ADVERSARY_V1
BEN-010038,El Obeid,AID-2026-ED-512,human services,household,TRUE,SYNTH_ADVERSARY_V1
BEN-025336,El Obeid,AID-2026-SH-455,civil rights,individual,TRUE,SYNTH_ADVERSARY_V1
BEN-012133,El Obeid,AID-2026-DR-114,international development,household,TRUE,SYNTH_ADVERSARY_V1
BEN-002496,Balrampur,AID-2026-FS-207,food and agriculture,household,TRUE,SYNTH_ADVERSARY_V1
BEN-023820,El Obeid,AID-2026-ED-512,civil rights,individual,TRUE,SYNTH_ADVERSARY_V1
BEN-013915,El Obeid,AID-2026-FS-207,medical,household,TRUE,SYNTH_ADVERSARY_V1
BEN-007170,El Obeid,AID-2026-DR-114,education,group,TRUE,SYNTH_ADVERSARY_V1
BEN-001099,Maradi,AID-2026-HL-330,medical,group,TRUE,SYNTH_ADVERSARY_V1
BEN-021736,Maradi,AID-2026-WS-618,international development,individual,TRUE,SYNTH_ADVERSARY_V1
BEN-007689,Maradi,AID-2026-HL-330,education,household,TRUE,SYNTH_ADVERSARY_V1
BEN-015832,Maradi,AID-2026-DR-114,civil rights,individual,TRUE,SYNTH_ADVERSARY_V1
BEN-013100,Maradi,AID-2026-ED-512,medical,group,TRUE,SYNTH_ADVERSARY_V1
BEN-007769,Maradi,AID-2026-WS-618,education,household,TRUE,SYNTH_ADVERSARY_V1
BEN-011563,Diffa,AID-2026-HL-330,education,household,TRUE,SYNTH_ADVERSARY_V1
BEN-003244,Maradi,AID-2026-ED-512,food and agriculture,household,TRUE,SYNTH_ADVERSARY_V1
BEN-011612,Khan Yunis,AID-2026-FS-207,housing,household,TRUE,SYNTH_ADVERSARY_V1
BEN-022127,Khan Yunis,AID-2026-ED-512,education,household,TRUE,SYNTH_ADVERSARY_V1
BEN-023792,Khan Yunis,AID-2026-DR-114,international development,individual,TRUE,SYNTH_ADVERSARY_V1
BEN-013309,Khan Yunis,AID-2026-FS-207,youth development,household,TRUE,SYNTH_ADVERSARY_V1
BEN-012452,Barabanki,AID-2026-FS-207,youth development,household,TRUE,SYNTH_ADVERSARY_V1
BEN-014426,Maradi,AID-2026-ED-512,human services,individual,TRUE,SYNTH_ADVERSARY_V1
BEN-008170,Maradi,AID-2026-WS-618,international development,household,TRUE,SYNTH_ADVERSARY_V1
BEN-006127,Maradi,AID-2026-DR-114,education,individual,TRUE,SYNTH_ADVERSARY_V1
BEN-007099,Kutupalong,AID-2026-HL-330,human services,household,TRUE,SYNTH_ADVERSARY_V1
BEN-014293,Maradi,AID-2026-DR-114,food and agriculture,household,TRUE,SYNTH_ADVERSARY_V1
BEN-017700,Maradi,AID-2026-ED-512,medical,household,TRUE,SYNTH_ADVERSARY_V1
BEN-011331,Maradi,AID-2026-DR-114,environment,household,TRUE,SYNTH_ADVERSARY_V1
BEN-009603,Maradi,AID-2026-ED-512,housing,household,TRUE,SYNTH_ADVERSARY_V1
BEN-008244,Sitapur,AID-2026-SH-455,food and agriculture,individual,TRUE,SYNTH_ADVERSARY_V1
BEN-006588,Sitapur,AID-2026-DR-114,international development,household,TRUE,SYNTH_ADVERSARY_V1
BEN-025728,Sitapur,AID-2026-SH-455,housing,individual,TRUE,SYNTH_ADVERSARY_V1
BEN-023063,Kutupalong,AID-2026-SH-455,food and agriculture,group,TRUE,SYNTH_ADVERSARY_V1
BEN-003271,Gaza North,AID-2026-HL-330,environment,individual,TRUE,SYNTH_ADVERSARY_V1
BEN-002188,Sitapur,AID-2026-WS-618,youth development,group,TRUE,SYNTH_ADVERSARY_V1
BEN-013229,Sitapur,AID-2026-HL-330,youth development,household,TRUE,SYNTH_ADVERSARY_V1
BEN-011604,Sitapur,AID-2026-SH-455,medical,individual,TRUE,SYNTH_ADVERSARY_V1
BEN-014533,Khan Yunis,AID-2026-FS-207,housing,household,TRUE,SYNTH_ADVERSARY_V1
BEN-019507,Khan Yunis,AID-2026-FS-207,civil rights,household,TRUE,SYNTH_ADVERSARY_V1
BEN-019824,Khan Yunis,AID-2026-FS-207,international development,individual,TRUE,SYNTH_ADVERSARY_V1
BEN-025213,Khan Yunis,AID-2026-FS-207,human services,household,TRUE,SYNTH_ADVERSARY_V1
BEN-010663,Khan Yunis,AID-2026-DR-114,food and agriculture,household,TRUE,SYNTH_ADVERSARY_V1
BEN-025035,Khan Yunis,AID-2026-WS-618,disaster relief,household,TRUE,SYNTH_ADVERSARY_V1
BEN-014723,Khan Yunis,AID-2026-WS-618,housing,group,TRUE,SYNTH_ADVERSARY_V1
BEN-024498,Kutupalong,AID-2026-ED-512,environment,household,TRUE,SYNTH_ADVERSARY_V1
BEN-007438,Kutupalong,AID-2026-FS-207,international development,household,TRUE,SYNTH_ADVERSARY_V1
BEN-016241,Kutupalong,AID-2026-DR-114,education,household,TRUE,SYNTH_ADVERSARY_V1
BEN-023727,Kutupalong,AID-2026-WS-618,human services,household,TRUE,SYNTH_ADVERSARY_V1
BEN-020629,Kutupalong,AID-2026-HL-330,youth development,individual,TRUE,SYNTH_ADVERSARY_V1
BEN-020278,Kutupalong,AID-2026-HL-330,civil rights,household,TRUE,SYNTH_ADVERSARY_V1
BEN-006685,Kutupalong,AID-2026-ED-512,human services,household,TRUE,SYNTH_ADVERSARY_V1
BEN-005973,Kutupalong,AID-2026-SH-455,civil rights,household,TRUE,SYNTH_ADVERSARY_V1
BEN-025853,Kutupalong,AID-2026-WS-618,civil rights,individual,TRUE,SYNTH_ADVERSARY_V1
BEN-024831,El Obeid,AID-2026-ED-512,medical,household,TRUE,SYNTH_ADVERSARY_V1
BEN-015650,El Obeid,AID-2026-WS-618,medical,individual,TRUE,SYNTH_ADVERSARY_V1
BEN-024796,El Obeid,AID-2026-WS-618,environment,household,TRUE,SYNTH_ADVERSARY_V1
BEN-003635,El Obeid,AID-2026-DR-114,civil rights,household,TRUE,SYNTH_ADVERSARY_V1
BEN-021435,El Obeid,AID-2026-ED-512,civil rights,household,TRUE,SYNTH_ADVERSARY_V1
BEN-012748,El Obeid,AID-2026-DR-114,civil rights,household,TRUE,SYNTH_ADVERSARY_V1
BEN-015000,Chitrakoot,AID-2026-ED-512,environment,household,TRUE,SYNTH_ADVERSARY_V1
BEN-004408,Deir al-Balah,AID-2026-FS-207,international development,group,TRUE,SYNTH_ADVERSARY_V1
BEN-021494,El Obeid,AID-2026-DR-114,disaster relief,individual,TRUE,SYNTH_ADVERSARY_V1
BEN-011389,El Obeid,AID-2026-FS-207,housing,individual,TRUE,SYNTH_ADVERSARY_V1
BEN-010403,Maradi,AID-2026-SH-455,youth development,household,TRUE,SYNTH_ADVERSARY_V1
BEN-023616,Maradi,AID-2026-FS-207,international development,household,TRUE,SYNTH_ADVERSARY_V1
BEN-020124,Maradi,AID-2026-WS-618,housing,household,TRUE,SYNTH_ADVERSARY_V1
BEN-016849,Khan Yunis,AID-2026-WS-618,international development,household,TRUE,SYNTH_ADVERSARY_V1
BEN-020344,Maradi,AID-2026-HL-330,human services,household,TRUE,SYNTH_ADVERSARY_V1
BEN-025354,Diffa,AID-2026-DR-114,housing,household,TRUE,SYNTH_ADVERSARY_V1
BEN-019470,Nyala,AID-2026-HL-330,environment,individual,TRUE,SYNTH_ADVERSARY_V1
BEN-021334,Khan Yunis,AID-2026-DR-114,education,group,TRUE,SYNTH_ADVERSARY_V1
BEN-020089,Nyala,AID-2026-DR-114,environment,individual,TRUE,SYNTH_ADVERSARY_V1
BEN-002722,Nyala,AID-2026-DR-114,youth development,individual,TRUE,SYNTH_ADVERSARY_V1
BEN-010563,Nyala,AID-2026-WS-618,food and agriculture,individual,TRUE,SYNTH_ADVERSARY_V1
BEN-010162,Nyala,AID-2026-DR-114,environment,household,TRUE,SYNTH_ADVERSARY_V1
BEN-013876,Nyala,AID-2026-WS-618,food and agriculture,individual,TRUE,SYNTH_ADVERSARY_V1
BEN-007061,Nyala,AID-2026-ED-512,civil rights,household,TRUE,SYNTH_ADVERSARY_V1
BEN-001026,Maradi,AID-2026-ED-512,medical,household,TRUE,SYNTH_ADVERSARY_V1
BEN-001987,Maradi,AID-2026-WS-618,education,individual,TRUE,SYNTH_ADVERSARY_V1
BEN-014422,Maradi,AID-2026-FS-207,environment,individual,TRUE,SYNTH_ADVERSARY_V1
BEN-022350,Maradi,AID-2026-HL-330,housing,household,TRUE,SYNTH_ADVERSARY_V1
BEN-002489,Maradi,AID-2026-FS-207,education,household,TRUE,SYNTH_ADVERSARY_V1
BEN-003066,Rafah,AID-2026-SH-455,civil rights,individual,TRUE,SYNTH_ADVERSARY_V1
BEN-000922,Maradi,AID-2026-HL-330,disaster relief,individual,TRUE,SYNTH_ADVERSARY_V1
BEN-001177,Maradi,AID-2026-ED-512,civil rights,household,TRUE,SYNTH_ADVERSARY_V1
BEN-015532,Maradi,AID-2026-DR-114,medical,household,TRUE,SYNTH_ADVERSARY_V1
BEN-012198,Maradi,AID-2026-HL-330,international development,household,TRUE,SYNTH_ADVERSARY_V1
BEN-014797,Kutupalong,AID-2026-ED-512,environment,household,TRUE,SYNTH_ADVERSARY_V1
BEN-025408,Kutupalong,AID-2026-DR-114,disaster relief,household,TRUE,SYNTH_ADVERSARY_V1
BEN-015466,Cox's Bazar,AID-2026-WS-618,medical,household,TRUE,SYNTH_ADVERSARY_V1
BEN-020436,Kutupalong,AID-2026-FS-207,environment,household,TRUE,SYNTH_ADVERSARY_V1
BEN-016085,Gaza North,AID-2026-FS-207,human services,household,TRUE,SYNTH_ADVERSARY_V1
BEN-000286,Wad Madani,AID-2026-FS-207,education,individual,TRUE,SYNTH_ADVERSARY_V1
BEN-022228,Kutupalong,AID-2026-HL-330,youth development,individual,TRUE,SYNTH_ADVERSARY_V1
BEN-011611,Kutupalong,AID-2026-HL-330,youth development,household,TRUE,SYNTH_ADVERSARY_V1
BEN-001857,Kassala,AID-2026-ED-512,civil rights,individual,TRUE,SYNTH_ADVERSARY_V1
BEN-017681,El Obeid,AID-2026-WS-618,youth development,individual,TRUE,SYNTH_ADVERSARY_V1
BEN-019872,Deir al-Balah,AID-2026-FS-207,civil rights,household,TRUE,SYNTH_ADVERSARY_V1
BEN-006697,Deir al-Balah,AID-2026-WS-618,housing,household,TRUE,SYNTH_ADVERSARY_V1
BEN-013988,Deir al-Balah,AID-2026-HL-330,education,individual,TRUE,SYNTH_ADVERSARY_V1
BEN-009010,Nyala,AID-2026-DR-114,housing,household,TRUE,SYNTH_ADVERSARY_V1
BEN-019846,Nyala,AID-2026-WS-618,education,individual,TRUE,SYNTH_ADVERSARY_V1
BEN-009879,Nyala,AID-2026-DR-114,disaster relief,individual,TRUE,SYNTH_ADVERSARY_V1
BEN-004218,Nyala,AID-2026-SH-455,food and agriculture,household,TRUE,SYNTH_ADVERSARY_V1
BEN-022272,Nyala,AID-2026-DR-114,disaster relief,group,TRUE,SYNTH_ADVERSARY_V1
BEN-003169,Nyala,AID-2026-SH-455,education,household,TRUE,SYNTH_ADVERSARY_V1
BEN-025350,Kutupalong,AID-2026-ED-512,youth development,household,TRUE,SYNTH_ADVERSARY_V1
BEN-016489,Barabanki,AID-2026-SH-455,education,household,TRUE,SYNTH_ADVERSARY_V1
BEN-001424,Barabanki,AID-2026-WS-618,housing,household,TRUE,SYNTH_ADVERSARY_V1
BEN-011182,Barabanki,AID-2026-SH-455,medical,group,TRUE,SYNTH_ADVERSARY_V1
BEN-015735,Barabanki,AID-2026-SH-455,housing,individual,TRUE,SYNTH_ADVERSARY_V1
BEN-016833,Barabanki,AID-2026-WS-618,education,household,TRUE,SYNTH_ADVERSARY_V1
BEN-003851,Gaza North,AID-2026-SH-455,housing,household,TRUE,SYNTH_ADVERSARY_V1
BEN-015248,Gaza North,AID-2026-SH-455,civil rights,group,TRUE,SYNTH_ADVERSARY_V1
BEN-011307,Kassala,AID-2026-SH-455,international development,individual,TRUE,SYNTH_ADVERSARY_V1
BEN-007217,Gaza North,AID-2026-WS-618,youth development,individual,TRUE,SYNTH_ADVERSARY_V1
BEN-005645,Gaza North,AID-2026-WS-618,international development,household,TRUE,SYNTH_ADVERSARY_V1
BEN-023259,Gaza North,AID-2026-WS-618,international development,individual,TRUE,SYNTH_ADVERSARY_V1
BEN-019865,Gaza North,AID-2026-DR-114,disaster relief,individual,TRUE,SYNTH_ADVERSARY_V1
BEN-010589,Gaza North,AID-2026-FS-207,disaster relief,household,TRUE,SYNTH_ADVERSARY_V1
BEN-016635,Barabanki,AID-2026-DR-114,human services,household,TRUE,SYNTH_ADVERSARY_V1
BEN-005960,Balrampur,AID-2026-ED-512,civil rights,individual,TRUE,SYNTH_ADVERSARY_V1
BEN-017415,Barabanki,AID-2026-ED-512,civil rights,household,TRUE,SYNTH_ADVERSARY_V1
BEN-021917,Maradi,AID-2026-FS-207,youth development,individual,TRUE,SYNTH_ADVERSARY_V1
BEN-000994,Maradi,AID-2026-FS-207,housing,individual,TRUE,SYNTH_ADVERSARY_V1
BEN-003573,Barabanki,AID-2026-ED-512,youth development,group,TRUE,SYNTH_ADVERSARY_V1
BEN-012370,Barabanki,AID-2026-WS-618,civil rights,household,TRUE,SYNTH_ADVERSARY_V1
BEN-005445,Barabanki,AID-2026-WS-618,education,household,TRUE,SYNTH_ADVERSARY_V1
BEN-013481,Barabanki,AID-2026-FS-207,food and agriculture,household,TRUE,SYNTH_ADVERSARY_V1
BEN-025504,Chitrakoot,AID-2026-ED-512,housing,household,TRUE,SYNTH_ADVERSARY_V1
BEN-013661,Barabanki,AID-2026-DR-114,disaster relief,household,TRUE,SYNTH_ADVERSARY_V1
BEN-019947,Barabanki,AID-2026-FS-207,education,household,TRUE,SYNTH_ADVERSARY_V1
BEN-000182,Barabanki,AID-2026-ED-512,medical,household,TRUE,SYNTH_ADVERSARY_V1
BEN-009773,Maradi,AID-2026-FS-207,human services,group,TRUE,SYNTH_ADVERSARY_V1
BEN-007973,Maradi,AID-2026-FS-207,international development,household,TRUE,SYNTH_ADVERSARY_V1
BEN-019400,Maradi,AID-2026-WS-618,food and agriculture,group,TRUE,SYNTH_ADVERSARY_V1
BEN-005454,Maradi,AID-2026-WS-618,disaster relief,group,TRUE,SYNTH_ADVERSARY_V1
BEN-025134,Maradi,AID-2026-ED-512,food and agriculture,household,TRUE,SYNTH_ADVERSARY_V1
BEN-024262,Maradi,AID-2026-FS-207,medical,individual,TRUE,SYNTH_ADVERSARY_V1
BEN-003315,Maradi,AID-2026-SH-455,disaster relief,individual,TRUE,SYNTH_ADVERSARY_V1
BEN-023132,Barabanki,AID-2026-DR-114,housing,household,TRUE,SYNTH_ADVERSARY_V1
BEN-016937,Maradi,AID-2026-HL-330,international development,household,TRUE,SYNTH_ADVERSARY_V1
BEN-019646,Barabanki,AID-2026-SH-455,education,household,TRUE,SYNTH_ADVERSARY_V1
BEN-024908,Barabanki,AID-2026-DR-114,environment,group,TRUE,SYNTH_ADVERSARY_V1
BEN-023130,Barabanki,AID-2026-FS-207,housing,household,TRUE,SYNTH_ADVERSARY_V1
BEN-023374,Barabanki,AID-2026-DR-114,food and agriculture,household,TRUE,SYNTH_ADVERSARY_V1
BEN-003787,Barabanki,AID-2026-HL-330,youth development,household,TRUE,SYNTH_ADVERSARY_V1
BEN-001590,Barabanki,AID-2026-FS-207,youth development,household,TRUE,SYNTH_ADVERSARY_V1
BEN-024553,Barabanki,AID-2026-ED-512,youth development,individual,TRUE,SYNTH_ADVERSARY_V1
BEN-010863,Barabanki,AID-2026-FS-207,civil rights,individual,TRUE,SYNTH_ADVERSARY_V1
BEN-017392,Barabanki,AID-2026-HL-330,human services,household,TRUE,SYNTH_ADVERSARY_V1
BEN-025926,Sitapur,AID-2026-HL-330,food and agriculture,individual,TRUE,SYNTH_ADVERSARY_V1
BEN-015164,Wad Madani,AID-2026-FS-207,medical,group,TRUE,SYNTH_ADVERSARY_V1
BEN-002274,Wad Madani,AID-2026-FS-207,human services,individual,TRUE,SYNTH_ADVERSARY_V1
BEN-025662,Chitrakoot,AID-2026-DR-114,disaster relief,individual,TRUE,SYNTH_ADVERSARY_V1
BEN-010210,Sitapur,AID-2026-DR-114,medical,household,TRUE,SYNTH_ADVERSARY_V1
BEN-022888,Rafah,AID-2026-DR-114,medical,household,TRUE,SYNTH_ADVERSARY_V1
BEN-006257,Rafah,AID-2026-DR-114,disaster relief,household,TRUE,SYNTH_ADVERSARY_V1
BEN-011985,Rafah,AID-2026-DR-114,medical,individual,TRUE,SYNTH_ADVERSARY_V1
BEN-002430,Rafah,AID-2026-ED-512,food and agriculture,household,TRUE,SYNTH_ADVERSARY_V1
BEN-022513,Rafah,AID-2026-SH-455,youth development,individual,TRUE,SYNTH_ADVERSARY_V1
BEN-001587,Kassala,AID-2026-HL-330,environment,individual,TRUE,SYNTH_ADVERSARY_V1
BEN-021892,Rafah,AID-2026-HL-330,youth development,individual,TRUE,SYNTH_ADVERSARY_V1
BEN-017041,Rafah,AID-2026-ED-512,civil rights,household,TRUE,SYNTH_ADVERSARY_V1
BEN-008848,Rafah,AID-2026-WS-618,food and agriculture,individual,TRUE,SYNTH_ADVERSARY_V1
BEN-024998,Rafah,AID-2026-SH-455,environment,household,TRUE,SYNTH_ADVERSARY_V1
BEN-007055,Maradi,AID-2026-DR-114,food and agriculture,household,TRUE,SYNTH_ADVERSARY_V1
BEN-004847,El Obeid,AID-2026-FS-207,food and agriculture,household,TRUE,SYNTH_ADVERSARY_V1
BEN-004781,Wad Madani,AID-2026-SH-455,civil rights,individual,TRUE,SYNTH_ADVERSARY_V1
BEN-015251,El Obeid,AID-2026-SH-455,education,individual,TRUE,SYNTH_ADVERSARY_V1
BEN-008820,El Obeid,AID-2026-ED-512,environment,household,TRUE,SYNTH_ADVERSARY_V1
BEN-022385,El Obeid,AID-2026-WS-618,environment,household,TRUE,SYNTH_ADVERSARY_V1
BEN-019338,El Obeid,AID-2026-WS-618,food and agriculture,household,TRUE,SYNTH_ADVERSARY_V1
BEN-025906,El Obeid,AID-2026-WS-618,medical,household,TRUE,SYNTH_ADVERSARY_V1
BEN-025734,El Obeid,AID-2026-HL-330,human services,individual,TRUE,SYNTH_ADVERSARY_V1
BEN-010927,El Obeid,AID-2026-DR-114,housing,individual,TRUE,SYNTH_ADVERSARY_V1
BEN-003212,Cox's Bazar,AID-2026-DR-114,food and agriculture,household,TRUE,SYNTH_ADVERSARY_V1
BEN-015292,Kutupalong,AID-2026-HL-330,disaster relief,individual,TRUE,SYNTH_ADVERSARY_V1
BEN-013316,El Obeid,AID-2026-DR-114,civil rights,household,TRUE,SYNTH_ADVERSARY_V1
BEN-011752,El Obeid,AID-2026-WS-618,international development,individual,TRUE,SYNTH_ADVERSARY_V1
BEN-015568,El Obeid,AID-2026-WS-618,housing,household,TRUE,SYNTH_ADVERSARY_V1
BEN-001034,Cox's Bazar,AID-2026-DR-114,disaster relief,household,TRUE,SYNTH_ADVERSARY_V1
BEN-014289,Cox's Bazar,AID-2026-FS-207,civil rights,household,TRUE,SYNTH_ADVERSARY_V1
BEN-009457,Cox's Bazar,AID-2026-DR-114,human services,household,TRUE,SYNTH_ADVERSARY_V1
BEN-016359,Cox's Bazar,AID-2026-FS-207,food and agriculture,individual,TRUE,SYNTH_ADVERSARY_V1
BEN-013965,Cox's Bazar,AID-2026-ED-512,environment,household,TRUE,SYNTH_ADVERSARY_V1
BEN-015324,Cox's Bazar,AID-2026-ED-512,environment,household,TRUE,SYNTH_ADVERSARY_V1
BEN-013564,Cox's Bazar,AID-2026-DR-114,civil rights,group,TRUE,SYNTH_ADVERSARY_V1
BEN-004092,Cox's Bazar,AID-2026-WS-618,environment,household,TRUE,SYNTH_ADVERSARY_V1
BEN-016351,Cox's Bazar,AID-2026-HL-330,disaster relief,individual,TRUE,SYNTH_ADVERSARY_V1
BEN-000563,Barabanki,AID-2026-WS-618,international development,household,TRUE,SYNTH_ADVERSARY_V1
BEN-024117,Wad Madani,AID-2026-WS-618,medical,group,TRUE,SYNTH_ADVERSARY_V1
BEN-017236,Barabanki,AID-2026-HL-330,medical,household,TRUE,SYNTH_ADVERSARY_V1
BEN-001661,Barabanki,AID-2026-DR-114,youth development,household,TRUE,SYNTH_ADVERSARY_V1
BEN-023814,Barabanki,AID-2026-HL-330,food and agriculture,household,TRUE,SYNTH_ADVERSARY_V1
BEN-017183,Barabanki,AID-2026-WS-618,civil rights,individual,TRUE,SYNTH_ADVERSARY_V1
BEN-006994,Barabanki,AID-2026-HL-330,food and agriculture,household,TRUE,SYNTH_ADVERSARY_V1
BEN-016778,Barabanki,AID-2026-HL-330,environment,household,TRUE,SYNTH_ADVERSARY_V1
BEN-013914,Diffa,AID-2026-ED-512,civil rights,individual,TRUE,SYNTH_ADVERSARY_V1
BEN-011806,Diffa,AID-2026-SH-455,youth development,individual,TRUE,SYNTH_ADVERSARY_V1
BEN-019294,Diffa,AID-2026-HL-330,food and agriculture,group,TRUE,SYNTH_ADVERSARY_V1
BEN-023245,Diffa,AID-2026-DR-114,human services,group,TRUE,SYNTH_ADVERSARY_V1
BEN-009173,Diffa,AID-2026-HL-330,international development,group,TRUE,SYNTH_ADVERSARY_V1
BEN-001146,Barabanki,AID-2026-HL-330,environment,individual,TRUE,SYNTH_ADVERSARY_V1
BEN-001432,Barabanki,AID-2026-WS-618,disaster relief,individual,TRUE,SYNTH_ADVERSARY_V1
BEN-009300,Barabanki,AID-2026-WS-618,civil rights,individual,TRUE,SYNTH_ADVERSARY_V1
BEN-024022,Deir al-Balah,AID-2026-SH-455,youth development,household,TRUE,SYNTH_ADVERSARY_V1
BEN-020669,Barabanki,AID-2026-FS-207,international development,group,TRUE,SYNTH_ADVERSARY_V1
BEN-000542,Kutupalong,AID-2026-DR-114,environment,group,TRUE,SYNTH_ADVERSARY_V1
BEN-003587,Barabanki,AID-2026-HL-330,environment,individual,TRUE,SYNTH_ADVERSARY_V1
BEN-002991,Kutupalong,AID-2026-ED-512,youth development,individual,TRUE,SYNTH_ADVERSARY_V1
BEN-014400,Kutupalong,AID-2026-SH-455,civil rights,household,TRUE,SYNTH_ADVERSARY_V1
BEN-003151,Kutupalong,AID-2026-FS-207,education,household,TRUE,SYNTH_ADVERSARY_V1
BEN-006676,Gaza North,AID-2026-DR-114,food and agriculture,household,TRUE,SYNTH_ADVERSARY_V1
BEN-009035,Kutupalong,AID-2026-SH-455,human services,household,TRUE,SYNTH_ADVERSARY_V1
BEN-015024,Kutupalong,AID-2026-WS-618,food and agriculture,household,TRUE,SYNTH_ADVERSARY_V1
BEN-006168,Kutupalong,AID-2026-WS-618,human services,household,TRUE,SYNTH_ADVERSARY_V1
BEN-005473,Kutupalong,AID-2026-HL-330,medical,individual,TRUE,SYNTH_ADVERSARY_V1
BEN-018670,Nyala,AID-2026-WS-618,education,individual,TRUE,SYNTH_ADVERSARY_V1
BEN-002771,Nyala,AID-2026-HL-330,human services,group,TRUE,SYNTH_ADVERSARY_V1
BEN-012290,El Obeid,AID-2026-DR-114,disaster relief,group,TRUE,SYNTH_ADVERSARY_V1
BEN-007017,Nyala,AID-2026-SH-455,civil rights,household,TRUE,SYNTH_ADVERSARY_V1
BEN-021014,Nyala,AID-2026-HL-330,housing,household,TRUE,SYNTH_ADVERSARY_V1
BEN-004724,Nyala,AID-2026-DR-114,housing,household,TRUE,SYNTH_ADVERSARY_V1
BEN-019850,Nyala,AID-2026-ED-512,education,household,TRUE,SYNTH_ADVERSARY_V1
BEN-013763,Nyala,AID-2026-DR-114,environment,individual,TRUE,SYNTH_ADVERSARY_V1
BEN-016191,Nyala,AID-2026-WS-618,international development,group,TRUE,SYNTH_ADVERSARY_V1
BEN-004095,Nyala,AID-2026-HL-330,disaster relief,individual,TRUE,SYNTH_ADVERSARY_V1
BEN-003050,Nyala,AID-2026-DR-114,education,household,TRUE,SYNTH_ADVERSARY_V1
BEN-016255,Kassala,AID-2026-FS-207,international development,group,TRUE,SYNTH_ADVERSARY_V1
BEN-013797,Balrampur,AID-2026-ED-512,housing,individual,TRUE,SYNTH_ADVERSARY_V1
BEN-006198,Khan Yunis,AID-2026-DR-114,civil rights,household,TRUE,SYNTH_ADVERSARY_V1
BEN-025867,Khan Yunis,AID-2026-HL-330,environment,individual,TRUE,SYNTH_ADVERSARY_V1
BEN-009324,Cox's Bazar,AID-2026-SH-455,human services,household,TRUE,SYNTH_ADVERSARY_V1
BEN-015709,Khan Yunis,AID-2026-ED-512,education,household,TRUE,SYNTH_ADVERSARY_V1
BEN-006281,Khan Yunis,AID-2026-FS-207,civil rights,group,TRUE,SYNTH_ADVERSARY_V1
BEN-020225,Khan Yunis,AID-2026-SH-455,human services,group,TRUE,SYNTH_ADVERSARY_V1
BEN-007186,Khan Yunis,AID-2026-DR-114,food and agriculture,individual,TRUE,SYNTH_ADVERSARY_V1
BEN-011541,Khan Yunis,AID-2026-SH-455,housing,household,TRUE,SYNTH_ADVERSARY_V1
BEN-011606,Nyala,AID-2026-SH-455,disaster relief,group,TRUE,SYNTH_ADVERSARY_V1
BEN-007083,Nyala,AID-2026-DR-114,education,individual,TRUE,SYNTH_ADVERSARY_V1
BEN-018247,Nyala,AID-2026-HL-330,youth development,individual,TRUE,SYNTH_ADVERSARY_V1
BEN-005766,Sitapur,AID-2026-SH-455,education,household,TRUE,SYNTH_ADVERSARY_V1
BEN-002672,Nyala,AID-2026-FS-207,education,individual,TRUE,SYNTH_ADVERSARY_V1
BEN-006986,Kutupalong,AID-2026-HL-330,food and agriculture,household,TRUE,SYNTH_ADVERSARY_V1
BEN-020426,Nyala,AID-2026-WS-618,education,group,TRUE,SYNTH_ADVERSARY_V1
BEN-006717,Nyala,AID-2026-FS-207,medical,household,TRUE,SYNTH_ADVERSARY_V1
BEN-018512,Nyala,AID-2026-FS-207,food and agriculture,individual,TRUE,SYNTH_ADVERSARY_V1
BEN-020756,Nyala,AID-2026-SH-455,housing,household,TRUE,SYNTH_ADVERSARY_V1
BEN-005142,Khan Yunis,AID-2026-FS-207,environment,individual,TRUE,SYNTH_ADVERSARY_V1
BEN-005522,Khan Yunis,AID-2026-WS-618,international development,household,TRUE,SYNTH_ADVERSARY_V1
BEN-024253,Khan Yunis,AID-2026-ED-512,civil rights,household,TRUE,SYNTH_ADVERSARY_V1
BEN-018103,Khan Yunis,AID-2026-HL-330,international development,group,TRUE,SYNTH_ADVERSARY_V1
BEN-023320,Khan Yunis,AID-2026-SH-455,youth development,household,TRUE,SYNTH_ADVERSARY_V1
BEN-019894,Wad Madani,AID-2026-DR-114,international development,household,TRUE,SYNTH_ADVERSARY_V1
BEN-021103,Wad Madani,AID-2026-WS-618,human services,group,TRUE,SYNTH_ADVERSARY_V1
BEN-019741,Wad Madani,AID-2026-SH-455,youth development,individual,TRUE,SYNTH_ADVERSARY_V1
BEN-016332,Wad Madani,AID-2026-HL-330,environment,household,TRUE,SYNTH_ADVERSARY_V1
BEN-007389,Wad Madani,AID-2026-SH-455,education,household,TRUE,SYNTH_ADVERSARY_V1
BEN-012296,Wad Madani,AID-2026-FS-207,housing,household,TRUE,SYNTH_ADVERSARY_V1
BEN-023986,Maradi,AID-2026-SH-455,youth development,household,TRUE,SYNTH_ADVERSARY_V1
BEN-014598,Cox's Bazar,AID-2026-HL-330,education,household,TRUE,SYNTH_ADVERSARY_V1
BEN-022575,Cox's Bazar,AID-2026-WS-618,housing,household,TRUE,SYNTH_ADVERSARY_V1
BEN-001831,Cox's Bazar,AID-2026-DR-114,international development,group,TRUE,SYNTH_ADVERSARY_V1
BEN-007260,Cox's Bazar,AID-2026-FS-207,housing,individual,TRUE,SYNTH_ADVERSARY_V1
BEN-023225,Cox's Bazar,AID-2026-SH-455,disaster relief,individual,TRUE,SYNTH_ADVERSARY_V1
BEN-022367,El Obeid,AID-2026-WS-618,housing,group,TRUE,SYNTH_ADVERSARY_V1
BEN-015443,Cox's Bazar,AID-2026-ED-512,international development,household,TRUE,SYNTH_ADVERSARY_V1
BEN-005535,Cox's Bazar,AID-2026-ED-512,environment,household,TRUE,SYNTH_ADVERSARY_V1
BEN-013720,Cox's Bazar,AID-2026-DR-114,environment,household,TRUE,SYNTH_ADVERSARY_V1
BEN-001399,Nyala,AID-2026-HL-330,disaster relief,household,TRUE,SYNTH_ADVERSARY_V1
BEN-000544,Nyala,AID-2026-HL-330,civil rights,group,TRUE,SYNTH_ADVERSARY_V1
BEN-019437,Rafah,AID-2026-SH-455,civil rights,individual,TRUE,SYNTH_ADVERSARY_V1
BEN-021639,Nyala,AID-2026-WS-618,medical,household,TRUE,SYNTH_ADVERSARY_V1
BEN-010679,Nyala,AID-2026-ED-512,medical,group,TRUE,SYNTH_ADVERSARY_V1
BEN-007183,Nyala,AID-2026-WS-618,food and agriculture,household,TRUE,SYNTH_ADVERSARY_V1
BEN-005599,Khan Yunis,AID-2026-ED-512,food and agriculture,individual,TRUE,SYNTH_ADVERSARY_V1
BEN-001045,Khan Yunis,AID-2026-SH-455,medical,household,TRUE,SYNTH_ADVERSARY_V1
BEN-005008,Khan Yunis,AID-2026-FS-207,disaster relief,household,TRUE,SYNTH_ADVERSARY_V1
BEN-018623,Khan Yunis,AID-2026-WS-618,medical,group,TRUE,SYNTH_ADVERSARY_V1
BEN-024655,Rafah,AID-2026-DR-114,education,group,TRUE,SYNTH_ADVERSARY_V1
BEN-017038,Rafah,AID-2026-HL-330,human services,group,TRUE,SYNTH_ADVERSARY_V1
BEN-005917,Rafah,AID-2026-WS-618,international development,individual,TRUE,SYNTH_ADVERSARY_V1
BEN-006466,Rafah,AID-2026-HL-330,civil rights,group,TRUE,SYNTH_ADVERSARY_V1
BEN-018078,Wad Madani,AID-2026-WS-618,education,household,TRUE,SYNTH_ADVERSARY_V1
BEN-014906,Rafah,AID-2026-WS-618,food and agriculture,individual,TRUE,SYNTH_ADVERSARY_V1
BEN-007829,Rafah,AID-2026-DR-114,education,individual,TRUE,SYNTH_ADVERSARY_V1
BEN-017399,Rafah,AID-2026-SH-455,housing,individual,TRUE,SYNTH_ADVERSARY_V1
BEN-011760,Deir al-Balah,AID-2026-DR-114,education,household,TRUE,SYNTH_ADVERSARY_V1
BEN-022912,Barabanki,AID-2026-WS-618,education,household,TRUE,SYNTH_ADVERSARY_V1
BEN-013118,Barabanki,AID-2026-ED-512,food and agriculture,group,TRUE,SYNTH_ADVERSARY_V1
BEN-010290,Barabanki,AID-2026-HL-330,youth development,household,TRUE,SYNTH_ADVERSARY_V1
BEN-007882,Barabanki,AID-2026-HL-330,disaster relief,individual,TRUE,SYNTH_ADVERSARY_V1
BEN-012532,Chitrakoot,AID-2026-HL-330,civil rights,individual,TRUE,SYNTH_ADVERSARY_V1
BEN-025122,El Obeid,AID-2026-WS-618,environment,household,TRUE,SYNTH_ADVERSARY_V1
BEN-022540,Barabanki,AID-2026-SH-455,food and agriculture,household,TRUE,SYNTH_ADVERSARY_V1
BEN-023068,Cox's Bazar,AID-2026-FS-207,disaster relief,individual,TRUE,SYNTH_ADVERSARY_V1
BEN-019469,Barabanki,AID-2026-ED-512,international development,individual,TRUE,SYNTH_ADVERSARY_V1
BEN-016340,Barabanki,AID-2026-ED-512,youth development,group,TRUE,SYNTH_ADVERSARY_V1
BEN-020968,Barabanki,AID-2026-WS-618,housing,household,TRUE,SYNTH_ADVERSARY_V1
BEN-025341,Barabanki,AID-2026-FS-207,housing,household,TRUE,SYNTH_ADVERSARY_V1
BEN-016114,Rafah,AID-2026-DR-114,human services,individual,TRUE,SYNTH_ADVERSARY_V1
BEN-010932,Rafah,AID-2026-FS-207,housing,household,TRUE,SYNTH_ADVERSARY_V1
BEN-016018,Deir al-Balah,AID-2026-FS-207,housing,household,TRUE,SYNTH_ADVERSARY_V1
BEN-004380,Rafah,AID-2026-FS-207,food and agriculture,individual,TRUE,SYNTH_ADVERSARY_V1
BEN-019800,Cox's Bazar,AID-2026-WS-618,education,individual,TRUE,SYNTH_ADVERSARY_V1
BEN-013156,Rafah,AID-2026-HL-330,housing,individual,TRUE,SYNTH_ADVERSARY_V1
BEN-019570,Rafah,AID-2026-HL-330,civil rights,household,TRUE,SYNTH_ADVERSARY_V1
BEN-007942,Rafah,AID-2026-FS-207,medical,household,TRUE,SYNTH_ADVERSARY_V1
BEN-016053,Rafah,AID-2026-DR-114,youth development,individual,TRUE,SYNTH_ADVERSARY_V1
BEN-006734,El Obeid,AID-2026-ED-512,housing,group,TRUE,SYNTH_ADVERSARY_V1
BEN-021258,Deir al-Balah,AID-2026-ED-512,international development,individual,TRUE,SYNTH_ADVERSARY_V1
BEN-008999,El Obeid,AID-2026-FS-207,education,individual,TRUE,SYNTH_ADVERSARY_V1
BEN-021307,Khan Yunis,AID-2026-SH-455,education,individual,TRUE,SYNTH_ADVERSARY_V1
BEN-024265,El Obeid,AID-2026-DR-114,medical,household,TRUE,SYNTH_ADVERSARY_V1
BEN-008174,El Obeid,AID-2026-HL-330,international development,household,TRUE,SYNTH_ADVERSARY_V1
BEN-024396,El Obeid,AID-2026-DR-114,food and agriculture,household,TRUE,SYNTH_ADVERSARY_V1
BEN-006991,El Obeid,AID-2026-HL-330,education,household,TRUE,SYNTH_ADVERSARY_V1
BEN-018849,Balrampur,AID-2026-FS-207,medical,individual,TRUE,SYNTH_ADVERSARY_V1
BEN-005472,Barabanki,AID-2026-FS-207,food and agriculture,group,TRUE,SYNTH_ADVERSARY_V1
BEN-010078,Diffa,AID-2026-HL-330,housing,household,TRUE,SYNTH_ADVERSARY_V1
BEN-008438,Barabanki,AID-2026-SH-455,environment,individual,TRUE,SYNTH_ADVERSARY_V1
BEN-004637,Kutupalong,AID-2026-WS-618,international development,individual,TRUE,SYNTH_ADVERSARY_V1
BEN-005262,Barabanki,AID-2026-FS-207,human services,household,TRUE,SYNTH_ADVERSARY_V1
BEN-012891,Barabanki,AID-2026-HL-330,education,household,TRUE,SYNTH_ADVERSARY_V1
BEN-024809,Barabanki,AID-2026-FS-207,education,household,TRUE,SYNTH_ADVERSARY_V1
BEN-014914,Barabanki,AID-2026-ED-512,disaster relief,household,TRUE,SYNTH_ADVERSARY_V1
BEN-017436,Barabanki,AID-2026-WS-618,environment,household,TRUE,SYNTH_ADVERSARY_V1
BEN-017275,Barabanki,AID-2026-HL-330,medical,household,TRUE,SYNTH_ADVERSARY_V1
BEN-025513,Gaza North,AID-2026-SH-455,disaster relief,individual,TRUE,SYNTH_ADVERSARY_V1
BEN-002844,Kassala,AID-2026-DR-114,youth development,individual,TRUE,SYNTH_ADVERSARY_V1
BEN-013623,Kassala,AID-2026-DR-114,food and agriculture,household,TRUE,SYNTH_ADVERSARY_V1
BEN-018290,Chitrakoot,AID-2026-SH-455,education,household,TRUE,SYNTH_ADVERSARY_V1
BEN-023753,Kutupalong,AID-2026-DR-114,human services,household,TRUE,SYNTH_ADVERSARY_V1
BEN-025987,Kassala,AID-2026-HL-330,human services,household,TRUE,SYNTH_ADVERSARY_V1
BEN-014715,Kassala,AID-2026-FS-207,disaster relief,group,TRUE,SYNTH_ADVERSARY_V1
BEN-017830,Deir al-Balah,AID-2026-FS-207,education,individual,TRUE,SYNTH_ADVERSARY_V1
BEN-012872,Deir al-Balah,AID-2026-FS-207,housing,household,TRUE,SYNTH_ADVERSARY_V1
BEN-016110,Deir al-Balah,AID-2026-FS-207,civil rights,household,TRUE,SYNTH_ADVERSARY_V1
BEN-023467,Deir al-Balah,AID-2026-WS-618,environment,individual,TRUE,SYNTH_ADVERSARY_V1
BEN-016607,Khan Yunis,AID-2026-SH-455,disaster relief,household,TRUE,SYNTH_ADVERSARY_V1
BEN-011586,Wad Madani,AID-2026-ED-512,food and agriculture,individual,TRUE,SYNTH_ADVERSARY_V1
BEN-002028,Deir al-Balah,AID-2026-WS-618,education,individual,TRUE,SYNTH_ADVERSARY_V1
BEN-004097,Deir al-Balah,AID-2026-HL-330,environment,household,TRUE,SYNTH_ADVERSARY_V1
BEN-003350,Deir al-Balah,AID-2026-FS-207,environment,individual,TRUE,SYNTH_ADVERSARY_V1
BEN-017196,Deir al-Balah,AID-2026-WS-618,international development,household,TRUE,SYNTH_ADVERSARY_V1
BEN-000010,Kassala,AID-2026-HL-330,youth development,group,TRUE,SYNTH_ADVERSARY_V1
BEN-024135,Deir al-Balah,AID-2026-ED-512,environment,group,TRUE,SYNTH_ADVERSARY_V1
BEN-022768,Chitrakoot,AID-2026-FS-207,civil rights,household,TRUE,SYNTH_ADVERSARY_V1
BEN-000423,Wad Madani,AID-2026-FS-207,food and agriculture,group,TRUE,SYNTH_ADVERSARY_V1
BEN-001102,Wad Madani,AID-2026-ED-512,youth development,group,TRUE,SYNTH_ADVERSARY_V1
BEN-004614,Wad Madani,AID-2026-HL-330,food and agriculture,group,TRUE,SYNTH_ADVERSARY_V1
BEN-016674,Wad Madani,AID-2026-HL-330,civil rights,household,TRUE,SYNTH_ADVERSARY_V1
BEN-003337,Wad Madani,AID-2026-HL-330,food and agriculture,household,TRUE,SYNTH_ADVERSARY_V1
BEN-000373,Wad Madani,AID-2026-HL-330,food and agriculture,household,TRUE,SYNTH_ADVERSARY_V1
BEN-022235,Wad Madani,AID-2026-ED-512,environment,individual,TRUE,SYNTH_ADVERSARY_V1
BEN-019111,Wad Madani,AID-2026-ED-512,education,individual,TRUE,SYNTH_ADVERSARY_V1
BEN-008179,Wad Madani,AID-2026-DR-114,food and agriculture,household,TRUE,SYNTH_ADVERSARY_V1
BEN-001979,Wad Madani,AID-2026-HL-330,civil rights,household,TRUE,SYNTH_ADVERSARY_V1
BEN-019581,Kutupalong,AID-2026-SH-455,disaster relief,household,TRUE,SYNTH_ADVERSARY_V1
BEN-018059,Wad Madani,AID-2026-ED-512,education,individual,TRUE,SYNTH_ADVERSARY_V1
BEN-016951,Wad Madani,AID-2026-SH-455,housing,individual,TRUE,SYNTH_ADVERSARY_V1
BEN-016643,Rafah,AID-2026-ED-512,youth development,household,TRUE,SYNTH_ADVERSARY_V1
BEN-016824,Rafah,AID-2026-DR-114,housing,household,TRUE,SYNTH_ADVERSARY_V1
BEN-009908,Rafah,AID-2026-FS-207,international development,individual,TRUE,SYNTH_ADVERSARY_V1
BEN-010108,Khan Yunis,AID-2026-DR-114,food and agriculture,individual,TRUE,SYNTH_ADVERSARY_V1
BEN-014848,Rafah,AID-2026-SH-455,medical,household,TRUE,SYNTH_ADVERSARY_V1
BEN-018085,Rafah,AID-2026-WS-618,human services,group,TRUE,SYNTH_ADVERSARY_V1
BEN-012013,Rafah,AID-2026-WS-618,food and agriculture,group,TRUE,SYNTH_ADVERSARY_V1
BEN-009177,Wad Madani,AID-2026-HL-330,environment,group,TRUE,SYNTH_ADVERSARY_V1
BEN-013131,Wad Madani,AID-2026-WS-618,disaster relief,household,TRUE,SYNTH_ADVERSARY_V1
BEN-014245,Wad Madani,AID-2026-SH-455,food and agriculture,household,TRUE,SYNTH_ADVERSARY_V1
BEN-002920,Wad Madani,AID-2026-ED-512,housing,household,TRUE,SYNTH_ADVERSARY_V1
BEN-022222,Wad Madani,AID-2026-DR-114,youth development,household,TRUE,SYNTH_ADVERSARY_V1
BEN-017185,Wad Madani,AID-2026-SH-455,youth development,individual,TRUE,SYNTH_ADVERSARY_V1
BEN-003221,Wad Madani,AID-2026-WS-618,youth development,household,TRUE,SYNTH_ADVERSARY_V1
BEN-018222,Wad Madani,AID-2026-FS-207,youth development,household,TRUE,SYNTH_ADVERSARY_V1
BEN-018050,Wad Madani,AID-2026-ED-512,youth development,individual,TRUE,SYNTH_ADVERSARY_V1
BEN-024317,Wad Madani,AID-2026-ED-512,medical,household,TRUE,SYNTH_ADVERSARY_V1
BEN-005667,Wad Madani,AID-2026-SH-455,housing,household,TRUE,SYNTH_ADVERSARY_V1
BEN-023969,Wad Madani,AID-2026-WS-618,international development,group,TRUE,SYNTH_ADVERSARY_V1
BEN-019708,Wad Madani,AID-2026-FS-207,medical,group,TRUE,SYNTH_ADVERSARY_V1
BEN-015799,Wad Madani,AID-2026-SH-455,food and agriculture,individual,TRUE,SYNTH_ADVERSARY_V1
BEN-010240,Wad Madani,AID-2026-DR-114,environment,individual,TRUE,SYNTH_ADVERSARY_V1
BEN-002010,Chitrakoot,AID-2026-HL-330,human services,individual,TRUE,SYNTH_ADVERSARY_V1
BEN-014590,Kutupalong,AID-2026-DR-114,civil rights,household,TRUE,SYNTH_ADVERSARY_V1
BEN-016008,Wad Madani,AID-2026-WS-618,environment,household,TRUE,SYNTH_ADVERSARY_V1
BEN-011119,Wad Madani,AID-2026-ED-512,human services,individual,TRUE,SYNTH_ADVERSARY_V1
BEN-005282,Wad Madani,AID-2026-ED-512,civil rights,individual,TRUE,SYNTH_ADVERSARY_V1
BEN-020075,Wad Madani,AID-2026-DR-114,youth development,household,TRUE,SYNTH_ADVERSARY_V1
BEN-014067,Barabanki,AID-2026-ED-512,disaster relief,household,TRUE,SYNTH_ADVERSARY_V1
BEN-005288,Barabanki,AID-2026-HL-330,medical,household,TRUE,SYNTH_ADVERSARY_V1
BEN-010943,Barabanki,AID-2026-WS-618,civil rights,household,TRUE,SYNTH_ADVERSARY_V1
BEN-010336,Barabanki,AID-2026-DR-114,housing,household,TRUE,SYNTH_ADVERSARY_V1
BEN-012677,Barabanki,AID-2026-ED-512,human services,individual,TRUE,SYNTH_ADVERSARY_V1
BEN-015612,Barabanki,AID-2026-DR-114,education,group,TRUE,SYNTH_ADVERSARY_V1
BEN-007585,Barabanki,AID-2026-WS-618,human services,household,TRUE,SYNTH_ADVERSARY_V1
BEN-013439,Nyala,AID-2026-ED-512,disaster relief,individual,TRUE,SYNTH_ADVERSARY_V1
BEN-021850,Sitapur,AID-2026-DR-114,medical,household,TRUE,SYNTH_ADVERSARY_V1
BEN-004764,Rafah,AID-2026-ED-512,international development,household,TRUE,SYNTH_ADVERSARY_V1
BEN-009936,Rafah,AID-2026-FS-207,youth development,group,TRUE,SYNTH_ADVERSARY_V1
BEN-022295,Sitapur,AID-2026-HL-330,environment,household,TRUE,SYNTH_ADVERSARY_V1
BEN-013868,Sitapur,AID-2026-SH-455,housing,household,TRUE,SYNTH_ADVERSARY_V1
BEN-024764,Sitapur,AID-2026-SH-455,disaster relief,individual,TRUE,SYNTH_ADVERSARY_V1
BEN-011912,Sitapur,AID-2026-DR-114,housing,individual,TRUE,SYNTH_ADVERSARY_V1
BEN-025757,Balrampur,AID-2026-WS-618,education,household,TRUE,SYNTH_ADVERSARY_V1
BEN-020394,Balrampur,AID-2026-DR-114,food and agriculture,individual,TRUE,SYNTH_ADVERSARY_V1
BEN-004383,Khan Yunis,AID-2026-WS-618,youth development,group,TRUE,SYNTH_ADVERSARY_V1
BEN-002392,Balrampur,AID-2026-ED-512,medical,household,TRUE,SYNTH_ADVERSARY_V1
BEN-005936,Balrampur,AID-2026-WS-618,youth development,household,TRUE,SYNTH_ADVERSARY_V1
BEN-003685,Balrampur,AID-2026-WS-618,youth development,household,TRUE,SYNTH_ADVERSARY_V1
BEN-005636,Balrampur,AID-2026-SH-455,medical,household,TRUE,SYNTH_ADVERSARY_V1
BEN-020058,Nyala,AID-2026-HL-330,housing,group,TRUE,SYNTH_ADVERSARY_V1
BEN-000529,Nyala,AID-2026-HL-330,youth development,household,TRUE,SYNTH_ADVERSARY_V1
BEN-009211,Balrampur,AID-2026-SH-455,medical,individual,TRUE,SYNTH_ADVERSARY_V1
BEN-002428,Nyala,AID-2026-WS-618,education,household,TRUE,SYNTH_ADVERSARY_V1
BEN-011843,Nyala,AID-2026-DR-114,medical,household,TRUE,SYNTH_ADVERSARY_V1
BEN-011024,Nyala,AID-2026-WS-618,civil rights,group,TRUE,SYNTH_ADVERSARY_V1
BEN-004451,Nyala,AID-2026-DR-114,education,household,TRUE,SYNTH_ADVERSARY_V1
BEN-023831,Nyala,AID-2026-HL-330,medical,household,TRUE,SYNTH_ADVERSARY_V1
BEN-003631,Nyala,AID-2026-HL-330,food and agriculture,household,TRUE,SYNTH_ADVERSARY_V1
BEN-024573,Chitrakoot,AID-2026-HL-330,housing,household,TRUE,SYNTH_ADVERSARY_V1
BEN-006000,Deir al-Balah,AID-2026-FS-207,education,individual,TRUE,SYNTH_ADVERSARY_V1
BEN-006483,Chitrakoot,AID-2026-DR-114,medical,household,TRUE,SYNTH_ADVERSARY_V1
BEN-023646,Chitrakoot,AID-2026-FS-207,youth development,group,TRUE,SYNTH_ADVERSARY_V1
BEN-006440,Nyala,AID-2026-ED-512,disaster relief,household,TRUE,SYNTH_ADVERSARY_V1
BEN-010857,Chitrakoot,AID-2026-DR-114,civil rights,household,TRUE,SYNTH_ADVERSARY_V1
BEN-022425,Chitrakoot,AID-2026-WS-618,international development,household,TRUE,SYNTH_ADVERSARY_V1
BEN-016634,Chitrakoot,AID-2026-SH-455,civil rights,household,TRUE,SYNTH_ADVERSARY_V1
BEN-007382,Chitrakoot,AID-2026-FS-207,international development,individual,TRUE,SYNTH_ADVERSARY_V1
BEN-019230,Chitrakoot,AID-2026-HL-330,housing,household,TRUE,SYNTH_ADVERSARY_V1
BEN-016718,Maradi,AID-2026-WS-618,education,individual,TRUE,SYNTH_ADVERSARY_V1
BEN-021488,Maradi,AID-2026-WS-618,housing,household,TRUE,SYNTH_ADVERSARY_V1
BEN-019725,Maradi,AID-2026-ED-512,housing,household,TRUE,SYNTH_ADVERSARY_V1
BEN-018337,Maradi,AID-2026-WS-618,human services,individual,TRUE,SYNTH_ADVERSARY_V1
BEN-012829,Maradi,AID-2026-DR-114,medical,individual,TRUE,SYNTH_ADVERSARY_V1
BEN-016120,Maradi,AID-2026-ED-512,civil rights,individual,TRUE,SYNTH_ADVERSARY_V1
BEN-009252,Maradi,AID-2026-WS-618,food and agriculture,household,TRUE,SYNTH_ADVERSARY_V1
BEN-007681,Maradi,AID-2026-DR-114,housing,household,TRUE,SYNTH_ADVERSARY_V1
BEN-021739,Barabanki,AID-2026-ED-512,food and agriculture,individual,TRUE,SYNTH_ADVERSARY_V1
BEN-022922,Barabanki,AID-2026-ED-512,human services,household,TRUE,SYNTH_ADVERSARY_V1
BEN-025417,Barabanki,AID-2026-FS-207,food and agriculture,individual,TRUE,SYNTH_ADVERSARY_V1
BEN-021003,Barabanki,AID-2026-HL-330,medical,household,TRUE,SYNTH_ADVERSARY_V1
BEN-015619,Barabanki,AID-2026-HL-330,disaster relief,individual,TRUE,SYNTH_ADVERSARY_V1
BEN-009648,Deir al-Balah,AID-2026-SH-455,environment,individual,TRUE,SYNTH_ADVERSARY_V1
BEN-023919,Barabanki,AID-2026-DR-114,education,individual,TRUE,SYNTH_ADVERSARY_V1
BEN-006982,Chitrakoot,AID-2026-WS-618,international development,household,TRUE,SYNTH_ADVERSARY_V1
BEN-014128,Chitrakoot,AID-2026-SH-455,medical,household,TRUE,SYNTH_ADVERSARY_V1
BEN-011137,Chitrakoot,AID-2026-HL-330,disaster relief,household,TRUE,SYNTH_ADVERSARY_V1
BEN-012711,Chitrakoot,AID-2026-HL-330,housing,individual,TRUE,SYNTH_ADVERSARY_V1
BEN-014253,Chitrakoot,AID-2026-DR-114,medical,household,TRUE,SYNTH_ADVERSARY_V1
BEN-008611,Cox's Bazar,AID-2026-FS-207,human services,individual,TRUE,SYNTH_ADVERSARY_V1
BEN-014302,Chitrakoot,AID-2026-DR-114,international development,household,TRUE,SYNTH_ADVERSARY_V1
BEN-005756,Chitrakoot,AID-2026-HL-330,youth development,individual,TRUE,SYNTH_ADVERSARY_V1
BEN-023099,Chitrakoot,AID-2026-HL-330,medical,household,TRUE,SYNTH_ADVERSARY_V1
BEN-007964,Chitrakoot,AID-2026-HL-330,housing,individual,TRUE,SYNTH_ADVERSARY_V1
BEN-016644,Chitrakoot,AID-2026-ED-512,food and agriculture,individual,TRUE,SYNTH_ADVERSARY_V1
BEN-001305,Cox's Bazar,AID-2026-FS-207,medical,individual,TRUE,SYNTH_ADVERSARY_V1
BEN-024520,Cox's Bazar,AID-2026-SH-455,civil rights,household,TRUE,SYNTH_ADVERSARY_V1
BEN-009371,Cox's Bazar,AID-2026-ED-512,disaster relief,household,TRUE,SYNTH_ADVERSARY_V1
BEN-014538,Cox's Bazar,AID-2026-FS-207,disaster relief,individual,TRUE,SYNTH_ADVERSARY_V1
BEN-012849,Cox's Bazar,AID-2026-WS-618,environment,household,TRUE,SYNTH_ADVERSARY_V1
BEN-022053,Sitapur,AID-2026-SH-455,education,household,TRUE,SYNTH_ADVERSARY_V1
BEN-020539,Cox's Bazar,AID-2026-FS-207,medical,household,TRUE,SYNTH_ADVERSARY_V1
BEN-009095,Cox's Bazar,AID-2026-FS-207,youth development,individual,TRUE,SYNTH_ADVERSARY_V1
BEN-021443,Cox's Bazar,AID-2026-WS-618,food and agriculture,individual,TRUE,SYNTH_ADVERSARY_V1
BEN-006959,Khan Yunis,AID-2026-FS-207,education,household,TRUE,SYNTH_ADVERSARY_V1
BEN-017089,Cox's Bazar,AID-2026-HL-330,human services,household,TRUE,SYNTH_ADVERSARY_V1
BEN-019405,Deir al-Balah,AID-2026-HL-330,youth development,group,TRUE,SYNTH_ADVERSARY_V1
BEN-000748,Cox's Bazar,AID-2026-SH-455,housing,household,TRUE,SYNTH_ADVERSARY_V1
BEN-008909,Khan Yunis,AID-2026-FS-207,medical,individual,TRUE,SYNTH_ADVERSARY_V1
BEN-007352,Balrampur,AID-2026-DR-114,international development,individual,TRUE,SYNTH_ADVERSARY_V1
BEN-018248,Khan Yunis,AID-2026-SH-455,education,individual,TRUE,SYNTH_ADVERSARY_V1
BEN-010730,Khan Yunis,AID-2026-ED-512,human services,individual,TRUE,SYNTH_ADVERSARY_V1
BEN-011691,Chitrakoot,AID-2026-WS-618,housing,group,TRUE,SYNTH_ADVERSARY_V1
BEN-001523,Nyala,AID-2026-SH-455,environment,group,TRUE,SYNTH_ADVERSARY_V1
BEN-018825,Maradi,AID-2026-HL-330,international development,household,TRUE,SYNTH_ADVERSARY_V1
BEN-012973,Balrampur,AID-2026-WS-618,international development,household,TRUE,SYNTH_ADVERSARY_V1
BEN-018173,Maradi,AID-2026-FS-207,international development,group,TRUE,SYNTH_ADVERSARY_V1
BEN-016874,Maradi,AID-2026-ED-512,environment,individual,TRUE,SYNTH_ADVERSARY_V1
BEN-004569,Maradi,AID-2026-SH-455,food and agriculture,household,TRUE,SYNTH_ADVERSARY_V1
BEN-007602,Maradi,AID-2026-FS-207,housing,household,TRUE,SYNTH_ADVERSARY_V1
BEN-014285,Chitrakoot,AID-2026-HL-330,medical,household,TRUE,SYNTH_ADVERSARY_V1
BEN-025835,Chitrakoot,AID-2026-DR-114,housing,household,TRUE,SYNTH_ADVERSARY_V1
BEN-006955,Wad Madani,AID-2026-HL-330,civil rights,household,TRUE,SYNTH_ADVERSARY_V1
BEN-003302,Balrampur,AID-2026-WS-618,education,household,TRUE,SYNTH_ADVERSARY_V1
BEN-002061,Balrampur,AID-2026-ED-512,international development,individual,TRUE,SYNTH_ADVERSARY_V1
BEN-016984,Chitrakoot,AID-2026-ED-512,environment,group,TRUE,SYNTH_ADVERSARY_V1
BEN-025328,Chitrakoot,AID-2026-SH-455,housing,individual,TRUE,SYNTH_ADVERSARY_V1
BEN-022977,Chitrakoot,AID-2026-SH-455,environment,household,TRUE,SYNTH_ADVERSARY_V1
BEN-023605,Rafah,AID-2026-HL-330,human services,household,TRUE,SYNTH_ADVERSARY_V1
BEN-019443,Rafah,AID-2026-ED-512,housing,individual,TRUE,SYNTH_ADVERSARY_V1
BEN-020641,Rafah,AID-2026-HL-330,disaster relief,household,TRUE,SYNTH_ADVERSARY_V1
BEN-014030,Rafah,AID-2026-DR-114,education,group,TRUE,SYNTH_ADVERSARY_V1
BEN-000992,Rafah,AID-2026-HL-330,education,household,TRUE,SYNTH_ADVERSARY_V1
